STDM_TAZ,State,County,MPO,IsMPO,ITDDist,Area,DayPark,HourPark,AgforF,MiningF,UtilF,ConstrF,ManufF,WhlsaleF,RetailF,TrawhseF,InfoF,FininsF,EduK12,EduHigh,EduOthers,RealestF,ProftechF,MgmtF,WastadmnF,HealthF,ArtsentF,FoodlodgF,OtherF,PublicF,TotEmp,STATEFPS,COUNTYFPS,CNTYIDFP00,TOTPOP_T,TOTHH_T,HHSIZE1,HHSIZE2,HHSIZE3,HHSIZE4,HHSIZE5,HHSIZE6,HHSIZE7,HHWORK0,HHWORK1,HHWORK2,HHWORK3,CATINC1,CATINC2,CATINC3,HHINC1,HHINC2,HHINC3,HHINC4,HHINC5,HHINC6,HHINC7,HHINC8,HHINC9,HHINC10,HHINC11,HHINC12,HHINC13,HHINC14,HHINC15,HHINC16,ShadowPrice,destinationChoiceDistrict
1,Idaho,Nez Perce,LCVMPO,1,2,3867125.764,0,0,0,0,0,4,2,8,15,2,0,0,0,0,0,0,0,0,15,2,0,0,8,0,54,16,69,16069,49,13,2,6,3,1,1,0,0,4,6,2,1,5,3,5,0,2,1,2,0,1,1,0,0,1,1,3,0,0,1,0,1,35
2,Idaho,Nez Perce,LCVMPO,1,2,2863905.159,0,0,0,0,45,108,38,4,93,12,94,0,0,0,0,6,0,0,2,0,0,6,8,12,425,16,69,16069,186,93,27,39,14,6,6,0,1,34,43,17,0,31,16,47,0,8,8,15,0,8,0,0,0,8,8,23,0,0,8,8,1,35
3,Idaho,Nez Perce,LCVMPO,1,2,329062.994,0,0,0,0,0,6,3,34,54,26,0,0,0,0,0,6,0,0,0,0,0,0,8,88,224,16,69,16069,47,27,14,7,2,1,1,2,0,0,0,0,0,0,0,0,0,0,0,0,0,0,0,0,0,0,0,0,0,0,0,0,1,35
4,Idaho,Nez Perce,LCVMPO,1,2,2845557.764,0,0,0,0,0,2,1288,50,0,30,0,0,0,0,0,0,0,21,0,24,0,0,0,0,1405,16,69,16069,28,10,3,4,2,0,1,0,0,4,4,3,0,2,2,7,1,0,0,1,0,1,0,0,0,1,1,1,2,1,1,1,1,35
5,Idaho,Nez Perce,LCVMPO,1,2,151139.7178,0,0,2,0,0,0,0,2,10,6,160,2,0,0,0,0,4,0,2,10,0,39,2,0,237,16,69,16069,6,0,0,0,0,0,0,0,0,0,0,0,0,0,0,0,0,0,0,0,0,0,0,0,0,0,0,0,0,0,0,0,1,35
6,Idaho,Nez Perce,LCVMPO,1,2,159005.5553,0,0,0,0,0,6,2,10,40,58,0,0,0,0,0,3,40,0,0,0,0,6,9,0,174,16,69,16069,105,69,46,13,5,0,3,1,1,0,0,0,0,0,0,0,0,0,0,0,0,0,0,0,0,0,0,0,0,0,0,0,1,35
7,Idaho,Nez Perce,LCVMPO,1,2,1619994.651,0,0,0,0,0,32,10,68,116,614,0,16,0,0,0,3,48,0,30,76,3,0,22,14,1045,16,69,16069,143,22,12,7,2,0,1,0,0,6,8,6,3,7,7,9,0,2,3,2,0,2,3,0,0,2,2,5,2,0,0,0,1,35
8,Idaho,Nez Perce,LCVMPO,1,2,383739.962,0,0,0,0,0,57,30,69,96,3,0,0,0,0,0,2,0,0,0,0,0,0,4,12,271,16,69,16069,147,73,29,23,7,11,1,2,0,0,0,0,0,0,0,0,0,0,0,0,0,0,0,0,0,0,0,0,0,0,0,0,1,35
9,Idaho,Nez Perce,LCVMPO,1,2,43602.69406,0,0,2,0,0,0,14,0,8,0,0,4,0,0,0,0,15,0,2,0,0,0,2,0,45,16,69,16069,0,0,0,0,0,0,0,0,0,0,0,0,0,0,0,0,0,0,0,0,0,0,0,0,0,0,0,0,0,0,0,0,1,35
10,Idaho,Nez Perce,LCVMPO,1,2,19693.83008,0,0,0,0,0,36,9,3,3,0,0,2,0,0,0,4,15,0,2,3,0,51,0,0,127,16,69,16069,43,17,9,3,3,1,1,0,0,0,0,0,0,0,0,0,0,0,0,0,0,0,0,0,0,0,0,0,0,0,0,0,1,35
11,Idaho,Nez Perce,LCVMPO,1,2,189700.7612,0,0,0,0,0,3,2,0,6,2,84,0,0,0,0,0,0,0,3,0,0,8,2,0,107,16,69,16069,0,0,0,0,0,0,0,0,0,0,0,0,0,0,0,0,0,0,0,0,0,0,0,0,0,0,0,0,0,0,0,0,1,35
12,Idaho,Nez Perce,LCVMPO,1,2,44186.93121,0,0,0,0,15,8,8,8,34,2,0,0,0,0,4,0,3,0,12,0,0,40,0,0,133,16,69,16069,16,10,6,2,1,1,0,0,0,0,0,0,0,0,0,0,0,0,0,0,0,0,0,0,0,0,0,0,0,0,0,0,1,35
13,Idaho,Nez Perce,LCVMPO,1,2,64955.36734,0,0,0,0,24,4,8,20,52,0,0,32,0,0,14,6,15,0,9,165,0,72,3,15,435,16,69,16069,73,48,32,9,5,2,0,0,0,16,21,9,3,23,9,17,0,13,3,7,0,3,0,0,3,3,5,12,0,0,0,0,1,35
14,Idaho,Nez Perce,LCVMPO,1,2,98897.98436,0,0,0,0,0,0,6,2,21,2,0,2,0,0,0,0,2,0,10,0,0,22,0,0,66,16,69,16069,0,0,0,0,0,0,0,0,0,0,0,0,0,0,0,0,0,0,0,0,0,0,0,0,0,0,0,0,0,0,0,0,1,35
15,Idaho,Nez Perce,LCVMPO,1,2,153769.2971,0,0,0,0,0,3,4,16,24,9,0,0,0,0,0,2,8,0,0,0,0,8,2,32,106,16,69,16069,62,25,6,13,0,4,0,1,1,0,0,0,0,0,0,0,0,0,0,0,0,0,0,0,0,0,0,0,0,0,0,0,1,35
16,Idaho,Nez Perce,LCVMPO,1,2,301408.0939,0,0,0,0,0,0,0,14,14,0,0,26,0,0,2,0,36,0,48,123,4,6,14,0,283,16,69,16069,965,399,156,112,63,19,32,11,6,133,166,80,19,196,60,142,0,112,26,58,0,19,0,0,23,18,46,96,0,0,0,0,1,35
17,Idaho,Nez Perce,LCVMPO,1,2,236794.0167,0,0,0,0,0,0,2,0,32,0,0,10,0,0,15,0,18,0,26,1294,0,12,10,0,1410,16,69,16069,312,153,73,46,14,12,7,1,0,50,64,32,8,75,27,52,1,41,10,23,0,7,1,2,10,7,16,35,0,0,0,1,1,35
18,Idaho,Nez Perce,LCVMPO,1,2,101549.209,0,0,0,0,0,4,6,4,39,2,0,3,0,0,2,28,18,0,8,166,0,54,8,546,882,16,69,16069,15,8,1,7,0,0,0,0,0,0,0,0,0,0,0,0,0,0,0,0,0,0,0,0,0,0,0,0,0,0,0,0,1,35
19,Idaho,Nez Perce,LCVMPO,1,2,138569.995,0,0,0,0,0,0,8,2,38,3,0,0,0,0,0,2,4,0,22,0,0,48,0,0,125,16,69,16069,0,0,0,0,0,0,0,0,0,0,0,0,0,0,0,0,0,0,0,0,0,0,0,0,0,0,0,0,0,0,0,0,1,35
20,Idaho,Nez Perce,LCVMPO,1,2,113110.1712,0,0,0,0,0,0,21,18,126,2,0,40,0,0,0,8,10,0,27,0,0,154,26,0,429,16,69,16069,20,13,1,5,4,1,1,0,1,0,0,0,0,0,0,0,0,0,0,0,0,0,0,0,0,0,0,0,0,0,0,0,1,35
21,Idaho,Nez Perce,LCVMPO,1,2,67005.91492,0,0,0,0,0,0,4,6,30,0,0,28,0,0,0,2,18,0,120,4,0,16,6,0,234,16,69,16069,65,18,7,6,2,3,0,0,0,0,0,0,0,0,0,0,0,0,0,0,0,0,0,0,0,0,0,0,0,0,0,0,1,35
22,Idaho,Nez Perce,LCVMPO,1,2,472142.4057,0,0,0,0,0,0,0,0,3,0,0,48,0,0,9,8,142,0,135,132,0,0,21,387,879,16,69,16069,972,425,180,124,54,39,12,8,8,140,176,85,22,215,155,53,48,25,45,86,11,0,43,60,32,20,11,12,0,0,0,30,1,35
23,Idaho,Nez Perce,LCVMPO,1,2,99092.71752,0,0,0,0,0,0,0,0,18,0,0,0,0,0,0,18,0,0,0,0,0,0,3,0,39,16,69,16069,11,4,2,1,0,1,0,0,0,0,0,0,0,0,0,0,0,0,0,0,0,0,0,0,0,0,0,0,0,0,0,0,1,35
24,Idaho,Nez Perce,LCVMPO,1,2,46929.20893,0,0,0,0,0,0,0,6,52,0,0,0,0,0,0,9,0,0,0,0,0,21,2,0,89,16,69,16069,6,2,0,0,0,0,1,1,0,0,0,0,0,0,0,0,0,0,0,0,0,0,0,0,0,0,0,0,0,0,0,0,1,35
25,Idaho,Nez Perce,LCVMPO,1,2,38096.88165,0,0,0,0,0,0,0,14,18,0,0,3,0,0,0,0,4,0,0,0,0,16,0,0,55,16,69,16069,3,0,0,0,0,0,0,0,0,0,0,0,0,0,0,0,0,0,0,0,0,0,0,0,0,0,0,0,0,0,0,0,1,35
26,Idaho,Nez Perce,LCVMPO,1,2,198163.7001,0,0,0,0,0,42,6,40,28,0,0,0,0,0,0,0,0,0,24,80,0,0,12,0,231,16,69,16069,143,69,30,14,11,8,6,0,0,30,21,20,0,12,12,47,0,12,0,0,0,0,0,0,12,0,12,11,0,12,12,0,1,35
27,Idaho,Nez Perce,LCVMPO,1,2,335587.3654,0,0,0,0,0,0,0,38,0,0,0,0,0,0,0,0,0,0,0,0,0,0,4,0,42,16,69,16069,50,17,6,7,0,3,0,1,0,8,4,5,1,10,4,4,1,6,0,1,2,0,1,3,0,0,1,1,0,2,0,0,1,35
28,Idaho,Nez Perce,LCVMPO,1,2,6889648.417,0,0,6,0,0,18,0,0,0,4,0,0,0,0,0,0,0,0,8,2,0,0,6,0,43,16,69,16069,251,96,9,44,13,17,9,3,1,32,39,20,5,18,20,58,9,0,0,7,2,6,0,4,2,8,9,8,16,8,10,7,1,35
29,Idaho,Nez Perce,LCVMPO,1,2,438259.4706,0,0,0,0,0,69,48,21,42,0,0,2,0,0,0,0,8,74,3,54,3,2,2,0,323,16,69,16069,187,84,23,30,17,6,4,3,1,24,31,21,6,14,28,40,0,5,3,4,2,6,6,7,5,4,8,18,5,0,2,7,1,35
30,Idaho,Nez Perce,LCVMPO,1,2,348476.1074,0,0,0,0,0,4,0,0,0,0,0,3,0,0,780,3,3,0,3,3,0,0,0,0,794,16,69,16069,689,214,73,71,43,9,9,9,0,66,80,57,16,136,45,38,1,17,11,107,0,7,4,12,8,14,11,20,1,3,2,1,1,35
31,Idaho,Nez Perce,LCVMPO,1,2,416475.2411,0,0,0,0,0,0,0,0,0,0,0,6,0,688,14,8,2,0,0,16,0,0,2,0,730,16,69,16069,875,364,133,114,47,40,20,9,1,108,133,99,26,44,120,202,13,3,14,4,10,25,15,12,32,36,93,79,8,0,9,13,1,35
32,Idaho,Nez Perce,LCVMPO,1,2,52799.77665,0,0,0,0,0,0,0,2,3,0,0,0,0,0,0,0,0,0,0,3,0,16,0,0,24,16,69,16069,83,44,15,12,8,6,2,0,1,0,0,0,0,0,0,0,0,0,0,0,0,0,0,0,0,0,0,0,0,0,0,0,1,35
33,Idaho,Nez Perce,LCVMPO,1,2,120633.1241,0,0,0,0,0,0,4,0,34,0,0,3,0,0,68,0,0,0,0,0,0,30,2,0,140,16,69,16069,221,87,24,25,16,13,4,4,1,36,21,22,6,25,19,41,5,15,4,1,0,6,0,0,10,3,10,11,3,8,9,0,1,35
34,Idaho,Nez Perce,LCVMPO,1,2,277157.0556,0,0,0,0,0,4,3,27,87,0,0,21,46,0,0,0,0,0,0,116,42,430,16,0,788,16,69,16069,273,111,38,35,17,9,6,1,5,47,29,29,8,32,26,55,6,20,5,1,0,8,0,0,13,5,12,15,4,12,12,0,1,35
35,Idaho,Nez Perce,LCVMPO,1,2,436214.8029,0,0,0,0,0,6,0,9,8,10,0,0,0,0,0,0,3,0,0,8,0,0,2,0,45,16,69,16069,652,245,53,89,31,36,20,9,7,103,60,62,18,74,55,114,14,46,8,4,2,16,2,1,28,8,27,30,9,23,25,0,1,35
36,Idaho,Nez Perce,LCVMPO,1,2,333176.3263,0,0,0,0,0,3,0,26,0,0,0,0,0,0,176,0,16,0,0,2,0,66,0,0,286,16,69,16069,250,105,42,37,12,8,5,0,1,30,38,30,7,72,21,12,0,2,6,63,1,4,2,5,3,7,4,4,2,1,1,0,1,35
37,Idaho,Nez Perce,LCVMPO,1,2,408991.4519,0,0,0,0,0,45,3,0,3,0,0,2,0,0,188,0,4,0,0,10,0,0,2,0,255,16,69,16069,1003,401,109,157,61,43,18,9,4,115,146,112,29,79,141,182,1,0,9,47,22,54,2,7,32,46,19,78,62,5,17,1,1,35
38,Idaho,Nez Perce,LCVMPO,1,2,164844.9334,0,0,0,0,0,9,0,2,0,0,0,0,33,0,87,0,0,0,0,0,0,0,0,0,130,16,69,16069,230,100,28,35,22,10,3,1,1,43,26,26,7,19,41,42,0,0,11,0,8,10,11,5,7,8,13,10,9,10,0,0,1,35
39,Idaho,Nez Perce,LCVMPO,1,2,164838.9262,0,0,0,0,0,0,0,3,6,0,0,0,87,0,2,0,0,0,0,40,0,9,2,0,148,16,69,16069,265,118,41,32,18,15,10,1,1,52,30,31,7,23,47,50,0,0,16,0,7,15,12,4,7,9,16,11,12,11,0,0,1,35
40,Idaho,Nez Perce,LCVMPO,1,2,271049.0696,0,0,0,0,0,30,0,3,165,0,16,2,0,0,0,8,0,0,3,56,2,174,34,0,489,16,69,16069,175,64,15,16,15,9,2,4,3,28,16,16,5,12,27,26,0,0,8,0,4,7,8,3,4,5,8,5,7,6,0,0,1,35
41,Idaho,Nez Perce,LCVMPO,1,2,271156.3673,0,0,0,0,0,0,0,0,3,0,0,0,0,0,0,0,0,0,0,0,0,4,4,0,12,16,69,16069,136,65,27,21,14,2,1,0,0,27,16,17,4,12,26,26,0,0,8,0,4,8,7,2,5,4,8,6,6,6,0,0,1,35
42,Idaho,Nez Perce,LCVMPO,1,2,858017.3555,0,0,0,0,0,0,0,60,64,0,0,3,0,0,0,2,0,0,0,0,0,86,86,0,298,16,69,16069,107,52,21,21,2,6,0,1,1,21,13,13,3,27,11,12,3,15,1,3,5,0,4,7,0,0,4,3,0,4,0,1,1,35
43,Idaho,Nez Perce,LCVMPO,1,2,3128170.732,0,0,0,0,0,0,3,0,2,8,0,20,0,0,0,0,0,0,0,2,0,0,0,0,33,16,69,16069,222,84,13,39,12,11,5,3,1,18,24,31,10,2,5,76,0,0,0,0,2,2,0,0,0,3,18,18,14,10,6,10,1,35
44,Idaho,Nez Perce,LCVMPO,1,2,301165.2622,0,0,0,0,0,0,0,0,0,0,0,15,0,0,0,0,6,0,0,15,4,0,0,0,40,16,69,16069,557,240,104,59,29,30,12,3,3,66,88,66,19,38,88,113,0,6,7,17,8,17,18,29,13,11,17,51,17,0,5,23,1,35
45,Idaho,Nez Perce,LCVMPO,1,2,202748.3352,0,0,6,0,0,8,0,6,278,0,0,16,0,0,0,0,0,69,3,100,0,70,21,0,574,16,69,16069,241,86,23,40,8,1,6,3,5,20,30,31,5,13,25,48,2,3,2,3,3,4,6,2,1,12,9,24,8,3,1,3,1,35
46,Idaho,Nez Perce,LCVMPO,1,2,157683.3972,0,0,0,0,0,0,0,0,24,0,0,2,0,0,0,0,0,0,0,0,0,33,26,0,83,16,69,16069,13,7,4,2,0,1,0,0,0,3,2,1,1,4,1,2,1,1,1,0,1,0,0,1,0,0,1,0,0,1,0,0,1,35
47,Idaho,Nez Perce,LCVMPO,1,2,460441.2705,0,0,0,0,0,0,148,0,58,0,0,2,0,0,0,2,0,0,0,4,0,66,60,0,338,16,69,16069,53,31,14,8,2,6,1,0,0,14,8,8,2,17,8,7,2,10,0,2,3,1,2,5,0,0,2,2,0,2,0,1,1,35
48,Idaho,Nez Perce,LCVMPO,1,2,215893.9356,0,0,0,0,0,0,1674,0,0,0,0,15,0,0,0,0,2,2,0,12,2,0,0,0,1694,16,69,16069,28,9,1,5,1,2,0,0,0,3,3,4,0,2,3,5,0,1,0,0,1,0,1,1,0,1,1,3,0,0,0,1,1,35
49,Idaho,Nez Perce,LCVMPO,1,2,975909.3397,0,0,0,0,0,3,0,18,15,0,0,45,0,0,26,0,8,0,0,236,2,26,0,0,374,16,69,16069,1143,474,123,187,73,43,25,17,6,114,166,167,27,80,139,255,17,15,3,35,10,45,45,23,0,26,75,110,16,7,9,38,1,35
50,Idaho,Nez Perce,LCVMPO,1,2,523786.6244,0,0,0,0,0,28,2,0,36,0,0,0,0,0,0,0,16,0,0,332,0,38,8,80,535,16,69,16069,706,246,83,83,45,19,9,7,0,60,87,86,15,42,96,110,10,0,0,23,9,8,33,10,2,43,11,58,4,19,7,11,1,35
51,Idaho,Nez Perce,LCVMPO,1,2,299617.3133,0,0,0,0,0,6,0,0,0,0,0,0,0,0,6,0,0,0,0,16,0,0,10,28,67,16,69,16069,553,195,54,81,28,19,6,4,3,49,68,69,10,32,74,90,7,1,2,17,5,10,24,7,0,33,10,47,5,15,3,10,1,35
52,Idaho,Nez Perce,LCVMPO,1,2,458245.9965,0,0,0,0,0,18,0,0,10,0,2,990,0,0,57,0,6,46,3,255,0,63,4,34,1480,16,69,16069,558,224,63,82,21,28,13,10,7,53,76,78,13,35,62,123,4,9,6,8,8,12,13,4,3,30,23,59,21,8,3,9,1,35
53,Idaho,Nez Perce,LCVMPO,1,2,256592.8977,0,0,0,0,0,9,0,0,160,0,33,6,34,0,0,0,2,4,2,16,0,92,81,0,437,16,69,16069,68,30,12,6,3,2,4,2,1,7,11,10,2,5,8,17,1,1,1,1,1,1,2,1,0,4,3,9,3,1,0,1,1,35
54,Idaho,Nez Perce,LCVMPO,1,2,194472.8591,0,0,0,0,0,0,0,0,8,0,0,4,0,0,0,0,0,0,0,14,0,20,0,0,45,16,69,16069,57,20,6,4,1,6,2,0,1,9,5,5,1,3,6,11,1,0,2,0,0,2,2,1,0,1,2,4,1,1,2,1,1,35
55,Idaho,Nez Perce,LCVMPO,1,2,337977.811,0,0,0,0,0,0,24,0,374,0,9,10,0,0,0,0,0,0,0,171,0,84,2,0,669,16,69,16069,103,63,48,9,3,1,1,0,1,26,16,15,5,33,14,15,5,17,0,4,7,1,4,9,0,0,6,4,0,4,0,1,1,35
56,Idaho,Nez Perce,LCVMPO,1,2,119175.2089,0,0,0,0,0,0,0,0,0,0,0,0,0,0,0,0,0,0,0,2,0,0,0,2,3,16,69,16069,173,88,35,29,8,8,4,3,1,21,29,29,6,13,35,37,2,0,0,9,2,2,13,5,0,15,2,22,0,6,3,4,1,35
57,Idaho,Nez Perce,LCVMPO,1,2,107098.711,0,0,0,0,0,15,0,0,0,0,33,0,0,0,0,2,0,0,6,2,0,0,0,0,57,16,69,16069,313,149,62,57,16,5,4,2,3,34,53,53,9,25,35,89,3,7,3,6,6,7,6,3,0,19,16,41,16,6,4,6,1,35
58,Idaho,Nez Perce,LCVMPO,1,2,752141.2596,0,0,0,0,0,0,878,0,3,0,30,2,0,0,0,3,0,0,0,69,0,9,2,0,988,16,69,16069,808,401,159,157,35,37,6,4,3,169,98,102,29,214,89,95,29,114,7,26,38,5,26,58,0,0,33,26,0,29,0,7,1,35
59,Idaho,Nez Perce,LCVMPO,1,2,144881.8699,0,0,0,0,0,0,0,0,174,0,6,6,0,0,0,0,0,0,0,94,0,6,2,0,286,16,69,16069,71,38,29,8,1,0,0,0,0,17,11,11,2,22,9,10,2,12,2,2,4,1,2,6,0,0,3,2,0,4,0,1,1,35
60,Idaho,Nez Perce,LCVMPO,1,2,615199.7626,0,0,0,226,0,0,6,0,0,0,0,0,0,0,0,0,0,0,14,8,0,0,0,0,252,16,69,16069,196,77,11,41,8,9,5,3,0,23,29,20,5,11,18,48,0,5,2,4,0,2,1,6,1,8,7,18,2,10,6,5,1,35
61,Idaho,Nez Perce,LCVMPO,1,2,211783.3141,0,0,0,0,0,0,0,0,0,0,0,0,0,0,0,0,0,0,0,0,0,0,0,2,1,16,69,16069,169,69,13,41,6,5,4,0,0,16,25,24,4,11,26,32,3,0,0,6,2,3,9,3,0,11,4,16,1,6,2,3,1,35
62,Idaho,Nez Perce,LCVMPO,1,2,158312.6582,0,0,0,0,0,0,0,0,9,0,0,0,0,0,0,2,0,0,0,80,0,0,0,0,89,16,69,16069,244,103,26,48,16,8,4,0,1,26,36,35,6,16,29,58,1,5,2,3,5,5,7,2,1,14,11,29,8,4,2,4,1,35
63,Idaho,Nez Perce,LCVMPO,1,2,214187.0467,0,0,0,0,0,8,0,0,135,0,28,4,0,0,0,0,0,0,0,10,0,75,69,0,328,16,69,16069,60,26,10,5,3,2,4,1,1,6,10,10,1,4,8,15,1,1,1,0,1,2,1,1,0,4,3,7,3,1,0,1,1,35
64,Idaho,Nez Perce,LCVMPO,1,2,772558.0219,0,0,0,0,0,6,0,0,8,0,0,6,0,0,0,0,0,0,0,20,2,20,0,0,60,16,69,16069,570,239,67,104,28,29,8,1,2,102,60,62,17,42,70,129,12,5,22,3,0,16,21,12,1,20,16,47,20,5,35,6,1,35
65,Idaho,Nez Perce,LCVMPO,1,2,89795.3981,0,0,0,0,0,0,0,0,39,0,0,10,0,0,0,8,0,0,0,0,6,0,2,0,64,16,69,16069,117,29,16,2,9,2,0,0,0,13,7,8,3,4,10,17,1,0,3,0,0,2,3,2,0,3,2,6,3,0,5,1,1,35
66,Idaho,Nez Perce,LCVMPO,1,2,330101.854,0,0,0,0,0,15,0,0,104,0,0,30,0,0,0,18,45,0,0,2,2,126,16,0,355,16,69,16069,355,152,69,42,19,1,11,5,5,66,38,40,11,82,35,38,11,44,3,8,16,2,11,22,0,0,14,11,0,11,0,2,1,35
67,Idaho,Nez Perce,LCVMPO,1,2,1004612.607,0,0,0,12,0,22,3,0,0,0,26,0,0,0,4,4,0,0,12,32,3,3,8,0,128,16,69,16069,1022,408,63,207,60,48,22,5,3,129,159,91,30,58,95,256,7,30,14,7,0,8,7,29,8,43,22,88,22,73,36,15,1,35
68,Idaho,Nez Perce,LCVMPO,1,2,649221.6976,0,0,0,0,0,0,0,0,0,0,0,0,0,0,0,0,0,0,0,507,0,0,0,0,504,16,69,16069,238,69,18,21,11,8,5,5,1,17,25,25,4,12,28,31,3,0,0,7,2,2,10,3,0,13,3,17,0,6,2,3,1,35
69,Idaho,Nez Perce,LCVMPO,1,2,328210.5396,0,0,0,0,0,0,0,4,0,0,0,0,0,0,0,0,0,0,4,38,0,15,0,0,61,16,69,16069,518,227,62,97,21,27,11,6,3,70,89,50,17,123,22,81,38,79,6,0,0,6,0,16,0,0,24,49,8,0,0,0,1,35
70,Idaho,Nez Perce,LCVMPO,1,2,330552.3225,0,0,0,0,0,3,0,0,3,0,0,0,0,0,4,0,0,0,4,8,0,0,0,0,22,16,69,16069,633,288,92,96,40,36,10,8,6,89,112,63,21,113,62,110,29,25,27,23,9,22,12,8,4,16,27,21,21,5,28,8,1,35
71,Idaho,Nez Perce,LCVMPO,1,2,164836.7758,0,0,0,0,0,0,0,0,0,0,0,0,0,0,0,0,0,0,6,3,0,0,0,0,9,16,69,16069,220,88,24,37,23,1,3,0,0,37,21,22,7,15,25,47,4,2,8,1,0,6,8,4,1,6,7,16,6,3,12,3,1,35
72,Idaho,Nez Perce,LCVMPO,1,2,247100.8195,0,0,0,0,0,0,0,0,12,0,0,0,0,0,0,0,0,0,9,28,27,90,2,0,167,16,69,16069,348,134,38,55,21,9,7,3,1,57,34,34,10,24,38,73,7,3,12,2,0,8,12,7,0,11,8,27,13,1,20,4,1,35
73,Idaho,Nez Perce,LCVMPO,1,2,504271.2152,0,0,0,0,0,0,2,0,4,0,0,44,0,0,2,0,0,0,4,0,0,0,2,0,57,16,69,16069,40,15,6,9,0,0,0,0,0,4,5,6,1,2,1,13,0,1,0,0,1,0,1,0,0,0,3,3,3,1,1,2,1,35
74,Idaho,Nez Perce,LCVMPO,1,2,2507877.414,0,0,0,0,0,0,2,0,21,0,0,194,0,0,34,0,0,0,2,0,0,6,0,39,295,16,69,16069,254,104,20,60,17,2,4,0,1,26,31,37,12,7,9,90,0,1,1,1,4,4,1,0,0,4,21,22,16,13,8,10,1,35
75,Idaho,Nez Perce,LCVMPO,1,2,329443.8814,0,0,0,0,0,26,0,0,26,0,0,4,243,0,60,0,3,0,16,124,45,88,4,0,636,16,69,16069,694,354,208,74,35,25,10,1,1,111,142,80,26,142,83,134,37,30,34,29,12,30,15,11,7,20,33,25,26,7,33,10,1,35
76,Idaho,Nez Perce,LCVMPO,1,2,82164.36315,0,0,0,0,0,0,0,0,0,0,0,0,34,0,0,0,0,0,14,0,0,0,0,0,48,16,69,16069,110,43,17,15,9,0,2,0,0,20,10,11,3,7,14,23,1,2,4,0,0,3,5,1,2,3,2,9,3,2,7,0,1,35
77,Idaho,Nez Perce,LCVMPO,1,2,82931.17803,0,0,0,0,0,0,0,0,0,0,0,3,0,0,0,0,0,0,20,2,0,2,0,0,25,16,69,16069,93,39,23,5,4,4,1,0,2,13,11,12,2,11,9,18,2,4,3,2,0,0,4,2,1,2,3,8,5,1,1,0,1,35
78,Idaho,Nez Perce,LCVMPO,1,2,172622.2877,0,0,0,0,0,0,0,0,2,4,0,2,0,0,0,2,0,0,6,110,0,0,0,0,124,16,69,16069,314,124,36,28,28,17,7,2,6,51,32,33,7,23,35,65,6,5,10,2,0,6,11,7,2,9,10,23,13,1,15,3,1,35
79,Idaho,Nez Perce,LCVMPO,1,2,165032.1902,0,0,0,0,0,6,0,0,4,0,0,8,0,0,0,0,0,0,3,9,0,0,0,0,30,16,69,16069,235,115,39,34,13,14,4,3,8,41,31,36,6,31,31,52,8,10,10,3,0,0,13,9,2,7,11,21,16,2,2,0,1,35
80,Idaho,Nez Perce,LCVMPO,1,2,82963.469,0,0,9,0,0,0,0,3,168,0,0,6,0,0,0,16,10,0,0,27,0,0,22,0,261,16,69,16069,32,14,8,4,1,0,1,0,0,6,4,4,1,4,4,7,1,1,2,0,0,0,2,1,0,1,2,3,2,0,0,0,1,35
81,Idaho,Nez Perce,LCVMPO,1,2,345166.7932,0,0,2,0,0,39,4,94,93,0,0,3,0,0,4,6,3,0,14,4,4,45,10,2,326,16,69,16069,254,104,45,40,8,4,1,2,4,40,32,30,4,22,29,55,3,7,5,6,1,8,6,5,2,8,13,14,8,13,7,0,1,35
82,Idaho,Nez Perce,LCVMPO,1,2,3610282.121,0,0,14,0,0,8,90,6,0,153,0,0,0,0,0,10,0,0,22,22,22,0,0,0,346,16,69,16069,65,10,5,3,0,0,0,2,0,4,4,3,1,2,3,7,0,2,0,0,0,1,0,0,1,1,0,3,1,1,1,1,1,35
83,Idaho,Nez Perce,LCVMPO,1,2,415347.6675,0,0,0,0,0,10,0,0,0,0,0,0,0,0,0,6,24,0,44,104,9,0,0,0,195,16,69,16069,963,406,139,131,63,41,22,4,6,126,159,90,31,170,82,154,46,54,34,26,10,28,14,16,5,19,39,39,27,6,33,10,1,35
84,Idaho,Nez Perce,LCVMPO,1,2,338264.7485,0,0,0,0,0,6,0,0,0,4,0,0,0,0,0,0,0,0,0,0,0,0,0,0,10,16,69,16069,376,150,25,47,35,23,15,4,1,41,66,33,8,26,26,96,0,9,8,9,0,0,0,18,0,8,9,35,0,26,17,9,1,35
85,Idaho,Nez Perce,LCVMPO,1,2,498834.2869,0,0,2,0,0,54,0,0,6,0,8,6,0,0,54,0,0,0,18,0,0,0,3,0,149,16,69,16069,765,343,114,105,41,59,11,9,4,124,95,110,15,93,92,159,23,31,29,10,0,0,39,24,8,21,35,61,51,4,8,0,1,35
86,Idaho,Nez Perce,LCVMPO,1,2,83136.98497,0,0,0,0,0,0,0,0,0,0,0,0,45,0,0,0,0,0,0,46,0,0,24,0,115,16,69,16069,136,54,19,26,4,3,2,0,0,20,15,16,3,18,13,23,4,5,5,3,1,0,6,2,2,3,4,9,7,2,1,0,1,35
87,Idaho,Nez Perce,LCVMPO,1,2,163519.1346,0,0,0,0,0,0,18,30,3,0,0,3,0,0,0,0,0,0,2,33,0,8,15,0,110,16,69,16069,206,107,57,29,9,4,6,1,1,39,33,32,4,25,28,55,4,9,8,3,1,3,8,7,2,8,12,19,13,7,4,0,1,35
88,Idaho,Nez Perce,LCVMPO,1,2,48798.43149,0,0,0,0,0,0,0,24,0,0,0,9,0,0,0,0,0,0,6,27,0,0,0,0,66,16,69,16069,131,95,67,13,7,7,1,0,0,37,32,23,3,30,24,41,5,9,5,5,6,3,5,3,5,8,3,16,8,9,2,3,1,35
89,Idaho,Nez Perce,LCVMPO,1,2,195839.2659,0,0,0,0,0,8,0,0,84,0,10,8,0,0,52,3,15,0,2,6,4,60,3,0,253,16,69,16069,271,113,35,45,12,13,4,3,1,44,36,29,5,39,26,49,8,8,3,3,17,5,1,4,4,12,10,14,3,7,13,2,1,35
90,Idaho,Nez Perce,LCVMPO,1,2,1219352.046,0,0,0,0,0,15,0,0,3,0,4,0,36,0,264,0,2,0,10,9,0,15,2,4,362,16,69,16069,1107,489,158,180,61,64,12,10,4,189,160,124,19,141,125,226,23,26,15,19,58,37,8,24,8,48,50,56,7,57,50,6,1,35
91,Idaho,Nez Perce,LCVMPO,1,2,839715.8271,0,0,0,0,0,3,0,0,0,0,0,0,0,0,0,0,16,0,0,57,0,0,0,69,145,16,69,16069,760,290,49,107,73,37,18,5,1,62,86,109,31,24,29,235,4,0,0,4,16,13,4,0,4,8,44,53,49,24,37,28,1,35
92,Idaho,Nez Perce,LCVMPO,1,2,852539.442,0,0,0,0,0,0,0,0,0,3,0,0,0,0,0,0,0,0,0,2,0,0,0,0,4,16,69,16069,298,108,20,33,19,21,9,3,3,23,32,39,14,6,13,89,0,3,0,2,1,8,1,0,0,4,16,27,15,9,13,9,1,35
93,Idaho,Nez Perce,LCVMPO,1,2,3024116.18,0,0,0,0,0,3,52,0,0,0,0,0,0,0,0,0,2,0,4,0,33,0,12,2,107,16,69,16069,532,190,31,80,33,26,9,7,4,60,74,42,14,28,41,121,2,16,7,3,0,3,2,13,4,19,11,41,8,35,17,9,1,35
94,Idaho,Nez Perce,LCVMPO,1,2,973151.4088,0,0,0,0,0,141,0,0,0,0,0,0,0,0,0,0,0,0,0,0,0,0,20,0,159,16,69,16069,645,245,51,105,33,39,9,7,1,90,66,78,12,23,51,172,0,0,4,15,4,0,14,4,4,29,60,21,50,26,15,0,1,35
95,Idaho,Nez Perce,LCVMPO,1,2,682287.1692,0,0,0,0,0,3,0,0,0,2,0,0,0,0,110,0,0,0,0,147,0,0,0,0,259,16,69,16069,827,359,149,88,54,20,32,12,4,138,118,89,14,111,81,167,18,30,24,21,18,6,17,5,17,36,21,62,36,32,12,4,1,35
96,Idaho,Nez Perce,LCVMPO,1,2,241522.7436,0,0,0,0,0,72,0,0,38,2,0,3,74,0,2,2,0,0,2,6,0,22,6,0,225,16,69,16069,333,153,31,92,17,8,5,0,0,59,51,39,6,47,36,72,7,14,11,8,7,4,7,2,7,16,10,27,15,14,4,2,1,35
97,Idaho,Nez Perce,LCVMPO,1,2,88549.95034,0,0,0,0,0,10,0,0,15,0,0,0,0,0,0,2,0,0,3,0,0,0,10,0,40,16,69,16069,80,32,5,12,9,2,2,1,1,12,11,7,2,13,6,13,3,2,1,1,6,0,0,1,1,4,2,5,1,1,3,1,1,35
98,Idaho,Nez Perce,LCVMPO,1,2,164269.6316,0,0,0,0,0,0,0,0,0,0,0,0,0,0,0,0,0,0,6,6,0,0,0,0,12,16,69,16069,229,112,39,39,10,16,6,2,0,42,36,28,5,42,28,41,10,5,4,0,23,2,1,7,4,14,7,14,3,2,13,2,1,35
99,Idaho,Nez Perce,LCVMPO,1,2,161218.019,0,0,0,0,18,0,0,0,0,0,0,0,0,0,0,0,0,0,0,0,0,0,0,0,18,16,69,16069,188,69,8,32,14,10,4,0,1,15,20,26,8,11,14,44,1,0,0,3,7,4,4,0,2,4,4,8,10,4,14,4,1,35
100,Idaho,Nez Perce,LCVMPO,1,2,165506.6684,0,0,0,0,0,6,0,0,0,0,0,0,0,0,0,0,0,0,0,0,0,0,0,0,6,16,69,16069,175,67,18,30,9,6,3,0,1,14,22,27,8,13,14,44,2,0,0,3,8,4,3,0,4,3,3,9,12,3,14,3,1,35
101,Idaho,Nez Perce,LCVMPO,1,2,165877.4147,0,0,0,0,0,6,0,0,0,0,0,0,0,0,0,0,0,0,0,6,0,0,0,0,12,16,69,16069,164,64,21,28,4,6,3,1,1,13,19,23,8,11,12,40,1,0,0,2,8,5,1,0,2,4,3,8,10,3,13,3,1,35
102,Idaho,Nez Perce,LCVMPO,1,2,660887.3601,0,0,3,0,0,8,0,0,0,0,0,0,0,0,44,6,0,0,0,8,0,0,0,0,67,16,69,16069,622,222,38,111,16,34,13,3,7,46,66,83,25,36,44,140,5,18,0,13,0,26,6,0,0,12,10,51,21,10,36,12,1,35
103,Idaho,Nez Perce,LCVMPO,1,2,667292.5578,0,0,2,0,0,0,0,0,0,12,0,0,45,0,0,2,0,0,9,0,0,0,0,0,69,16,69,16069,862,346,67,101,67,83,16,7,5,74,104,129,40,58,79,210,7,26,1,18,6,52,10,0,0,17,18,72,34,17,50,19,1,35
104,Idaho,Nez Perce,LCVMPO,1,2,1986323.203,0,0,0,0,0,14,4,0,0,0,0,0,0,0,0,0,0,0,0,0,0,0,0,0,18,16,69,16069,190,78,12,37,12,10,2,3,2,17,23,30,9,4,6,69,0,1,0,1,2,3,1,0,0,2,14,18,13,8,7,9,1,35
105,Idaho,Nez Perce,LCVMPO,1,2,162671.2029,0,0,0,0,0,0,0,0,0,0,0,0,0,0,0,0,0,0,0,0,0,0,0,0,0,16,69,16069,64,24,4,17,1,2,0,0,0,6,8,9,3,4,6,16,1,1,0,1,1,4,0,0,1,1,2,5,2,2,4,1,1,35
106,Idaho,Nez Perce,LCVMPO,1,2,332628.9108,0,0,0,0,0,14,0,0,0,0,0,0,0,0,0,0,0,0,0,0,0,0,0,0,13,16,69,16069,80,31,2,16,5,3,2,2,1,6,8,10,4,4,7,17,0,1,0,1,2,4,2,0,0,1,3,4,3,3,1,3,1,35
107,Idaho,Nez Perce,LCVMPO,1,2,614470.7134,0,0,15,0,0,2,0,0,0,8,0,0,0,0,0,0,0,0,0,0,0,0,0,0,24,16,69,16069,21,9,4,1,1,2,1,0,0,0,0,0,0,0,0,0,0,0,0,0,0,0,0,0,0,0,0,0,0,0,0,0,1,35
108,Idaho,Nez Perce,LCVMPO,1,2,662428.9411,0,0,27,0,0,4,0,0,0,14,0,0,0,0,0,0,0,0,0,0,0,0,0,0,45,16,69,16069,30,13,5,0,2,4,2,0,0,0,0,0,0,0,0,0,0,0,0,0,0,0,0,0,0,0,0,0,0,0,0,0,1,35
109,Idaho,Nez Perce,LCVMPO,1,2,1819184.802,0,0,0,0,0,0,6,0,0,0,0,0,0,0,0,0,0,0,0,0,0,0,0,0,6,16,69,16069,22,10,2,3,1,2,1,1,0,2,4,1,1,1,2,5,0,1,0,0,0,0,0,1,0,1,0,2,0,2,1,0,1,35
110,Idaho,Nez Perce,LCVMPO,1,2,412319.523,0,0,0,0,0,24,21,0,0,0,0,0,0,0,0,0,0,0,0,0,0,0,0,0,45,16,69,16069,326,137,26,71,16,17,7,0,0,51,37,45,6,24,38,77,5,4,6,5,4,5,6,9,15,3,9,8,25,11,13,11,1,35
111,Idaho,Nez Perce,LCVMPO,1,2,165991.6607,0,0,0,0,0,4,0,0,0,0,0,0,0,0,0,0,0,0,0,9,0,0,0,0,13,16,69,16069,195,80,22,25,16,8,6,2,1,29,25,26,3,14,25,44,3,3,2,3,3,3,2,6,8,6,5,3,19,6,5,6,1,35
112,Idaho,Nez Perce,LCVMPO,1,2,179361.0549,0,0,30,0,30,0,0,0,0,0,0,0,0,0,0,0,0,0,0,0,0,0,0,0,60,16,69,16069,128,43,12,13,10,4,1,2,1,9,13,17,5,8,8,28,1,0,0,2,5,2,2,0,1,3,2,5,7,3,8,3,1,35
113,Idaho,Nez Perce,LCVMPO,1,2,163712.7812,0,0,0,0,0,0,0,0,0,0,0,0,0,0,0,0,0,0,9,6,0,0,0,0,15,16,69,16069,226,83,11,31,15,15,5,3,3,18,25,30,9,14,17,51,1,0,0,4,9,6,4,0,3,4,5,10,12,4,16,4,1,35
114,Idaho,Nez Perce,LCVMPO,1,2,1195561.949,0,0,0,0,0,8,0,0,3,8,0,0,0,0,0,0,2,0,0,3,0,0,2,0,24,16,69,16069,1065,386,70,168,53,43,47,5,0,82,115,145,45,70,142,175,0,17,10,3,40,108,20,0,5,9,24,42,36,22,23,28,1,35
115,Idaho,Nez Perce,LCVMPO,1,2,1844212.709,0,0,0,0,0,14,0,0,0,0,0,0,0,0,0,0,0,0,0,26,2,0,0,0,40,16,69,16069,591,225,40,84,47,38,8,4,4,81,60,71,9,22,44,155,0,0,4,14,4,0,11,3,3,27,54,19,45,24,13,0,1,35
116,Idaho,Nez Perce,LCVMPO,1,2,714135.9955,0,0,4,0,0,12,0,0,0,0,0,0,0,0,0,0,0,0,0,4,0,0,0,0,21,16,69,16069,490,192,45,75,43,12,13,3,1,69,51,61,10,29,56,106,6,4,7,8,4,7,9,12,19,9,14,10,37,14,16,15,1,35
117,Idaho,Nez Perce,LCVMPO,1,2,300169.8147,0,0,0,0,0,8,0,0,2,0,0,0,0,0,0,0,0,0,0,2,0,0,0,0,10,16,69,16069,212,84,9,32,23,11,3,4,2,21,25,32,8,15,17,54,3,1,1,3,7,4,4,1,4,4,4,9,15,6,14,6,1,35
118,Idaho,Nez Perce,LCVMPO,1,2,137829.6832,0,0,0,0,0,0,0,0,0,0,0,0,0,0,0,0,0,0,0,0,0,0,2,0,1,16,69,16069,69,31,6,16,8,1,0,0,0,9,8,12,4,7,11,15,0,1,1,2,3,6,2,2,1,0,2,3,3,3,2,2,1,35
119,Idaho,Nez Perce,LCVMPO,1,2,4946538.493,0,0,0,0,0,6,0,0,0,0,0,0,0,0,0,0,0,0,0,2,0,0,0,0,7,16,69,16069,182,77,7,45,12,8,4,1,0,16,22,28,9,13,28,34,0,3,2,1,7,21,4,0,1,2,5,7,8,4,4,6,1,35
120,Idaho,Nez Perce,LCVMPO,1,2,1081974.4,0,0,0,0,0,0,88,0,0,0,0,0,0,0,0,0,0,0,0,0,0,0,0,0,88,16,69,16069,34,15,2,7,4,0,2,0,0,5,4,4,1,2,4,8,0,1,0,1,0,1,0,1,2,0,1,1,3,1,1,1,1,35
121,Idaho,Nez Perce,LCVMPO,1,2,325720.3446,0,0,0,0,0,0,0,0,0,0,0,0,0,0,0,0,0,0,0,0,0,0,0,0,0,16,69,16069,68,27,5,6,9,3,2,1,1,6,8,10,3,5,10,12,0,1,1,0,3,7,2,0,1,0,2,3,2,2,1,2,1,35
122,Idaho,Nez Perce,LCVMPO,1,2,1135094.833,0,0,0,0,0,0,39,0,0,0,0,0,0,0,0,0,0,0,0,0,0,0,0,0,39,16,69,16069,77,25,5,8,4,1,4,1,2,9,7,8,1,3,5,17,0,0,1,1,1,0,1,0,1,3,6,2,5,2,2,0,1,35
123,Idaho,Ada,COMPASS,1,3,214834.6291,0,0,6,0,0,0,0,0,16,0,7,6,0,0,0,1,138,19,8,63,0,15,50,738,3034,16,1,16001,343,169,136,23,2,6,2,0,0,68,110,28,2,25,59,124,0,0,12,0,13,13,0,0,30,16,71,0,0,53,0,0,1,1
124,Idaho,Ada,COMPASS,1,3,48216.09082,0,0,0,0,0,0,0,0,0,0,0,131,0,0,0,51,0,44,0,0,0,0,0,0,225,16,1,16001,18,12,5,5,0,2,0,0,0,4,6,2,0,4,4,4,1,0,2,0,1,2,0,0,1,1,2,0,0,1,1,0,1,1
125,Idaho,Ada,COMPASS,1,3,167814.809,0,0,0,0,0,2,0,0,14,0,3,2,0,0,238,6,14,0,2,101,0,9,120,0,525,16,1,16001,358,214,125,62,22,4,0,0,1,77,126,34,1,91,81,66,16,7,38,11,19,55,7,0,0,19,20,4,15,0,21,6,1,1
126,Idaho,Ada,COMPASS,1,3,144440.2725,0,0,0,0,0,20,0,0,16,0,18,0,237,0,0,15,108,0,26,228,0,42,48,0,811,16,1,16001,413,256,179,48,13,12,2,2,0,85,140,36,2,103,89,71,19,9,41,11,23,59,10,0,0,20,23,5,13,0,24,6,1,1
127,Idaho,Ada,COMPASS,1,3,107808.45,0,0,0,0,0,2,16,0,328,0,0,16,0,0,0,19,83,0,0,25,20,98,16,0,669,16,1,16001,170,81,28,33,11,7,1,1,0,26,43,11,1,32,27,22,6,2,14,3,7,17,3,0,0,7,7,1,5,0,7,2,1,1
128,Idaho,Ada,COMPASS,1,3,214448.2912,0,0,0,0,0,14,62,11,102,29,0,94,0,0,0,29,84,0,4,274,0,66,368,0,1210,16,1,16001,454,234,181,40,6,6,0,0,1,91,151,40,1,112,97,74,20,10,44,14,24,65,9,0,0,23,23,4,16,0,26,5,1,1
129,Idaho,Ada,COMPASS,1,3,144241.016,0,0,0,0,29,31,7,244,120,0,25,2796,0,0,76,38,1676,724,93,34,0,172,138,211,6560,16,1,16001,5,1,0,0,1,0,0,0,0,0,1,0,0,0,1,0,0,0,0,0,0,1,0,0,0,0,0,0,0,0,0,0,1,1
130,Idaho,Ada,COMPASS,1,3,47779.81815,0,0,0,0,0,0,0,0,80,0,0,0,0,0,0,0,0,0,0,0,0,0,0,7,596,16,1,16001,0,0,0,0,0,0,0,0,0,0,0,0,0,0,0,0,0,0,0,0,0,0,0,0,0,0,0,0,0,0,0,0,1,1
131,Idaho,Ada,COMPASS,1,3,47987.0026,0.41,0.12,0,0,0,0,1,2,182,0,43,89,0,0,0,10,312,86,5,21,0,548,222,120,2111,16,1,16001,75,50,41,8,0,0,1,0,0,17,26,7,0,4,15,31,0,0,2,0,2,4,0,0,7,4,18,0,0,13,0,0,1,1
132,Idaho,Ada,COMPASS,1,3,120020.5159,0,0,75,0,0,8,0,31,8,0,168,40,0,0,4,21,263,0,1,90,0,156,31,449,1379,16,1,16001,127,65,36,25,1,2,0,0,1,27,45,11,1,11,23,50,0,0,5,0,6,6,0,0,11,6,29,0,0,21,0,0,1,1
133,Idaho,Ada,COMPASS,1,3,194129.4865,0,0,0,0,0,0,0,0,6,0,0,14,0,0,6,0,73,16,4,10641,0,36,24,0,10750,16,1,16001,164,84,47,32,3,0,2,0,0,35,56,15,1,13,30,64,0,0,7,0,6,7,0,0,15,8,37,0,0,27,0,0,1,1
134,Idaho,Ada,COMPASS,1,3,97909.40058,0,0,0,0,0,3,2,20,33,0,8,2,0,0,0,1,18,0,44,29,20,645,1,461,3791,16,1,16001,506,82,49,27,5,1,0,0,0,59,95,25,1,111,23,46,36,29,24,14,8,9,6,4,0,4,0,16,14,0,0,16,1,1
135,Idaho,Ada,COMPASS,1,3,23914.09736,0,0,0,0,0,0,0,1,51,0,0,257,0,0,14,1,233,2,0,19,32,444,36,0,1341,16,1,16001,44,18,7,8,3,0,0,0,0,10,15,4,0,18,4,7,5,5,3,3,2,1,1,1,0,1,0,2,1,0,0,4,1,1
136,Idaho,Ada,COMPASS,1,3,97997.20734,0,0,0,0,0,1,0,1,78,0,120,321,0,0,6,0,558,1194,24,2,120,296,122,159,3759,16,1,16001,189,131,83,27,10,8,3,0,0,48,78,20,0,62,11,73,8,8,46,0,0,0,11,0,0,0,0,19,11,11,0,32,1,1
137,Idaho,Ada,COMPASS,1,3,107657.0068,0,0,0,0,5,6,0,38,136,0,160,63,0,0,16,0,119,0,0,22,0,152,38,0,814,16,1,16001,159,46,30,11,5,0,0,0,0,32,52,13,2,42,8,49,5,4,33,0,0,0,8,0,0,0,0,12,9,7,0,21,1,1
138,Idaho,Ada,COMPASS,1,3,47947.90601,0,0,0,0,0,0,0,101,9,0,15,704,0,0,14,0,1088,7,36,233,435,530,20,0,3357,16,1,16001,29,18,8,6,2,2,0,0,0,6,10,3,0,11,3,5,4,3,2,2,0,1,1,1,0,0,0,2,1,0,0,2,1,1
139,Idaho,Ada,COMPASS,1,3,83864.8247,0,0,0,0,0,0,124,5,98,0,0,0,0,0,0,0,216,0,0,84,0,170,25,0,921,16,1,16001,16,2,0,0,0,1,1,0,0,3,5,1,0,4,0,5,0,1,3,0,0,0,0,0,0,0,0,2,0,1,0,2,1,1
140,Idaho,Ada,COMPASS,1,3,47896.21308,0,0,0,0,0,32,9,76,84,0,117,120,0,0,24,27,555,2,96,18,60,330,56,0,1895,16,1,16001,138,84,48,21,8,1,4,0,2,21,57,7,7,7,0,85,7,0,0,0,0,0,0,0,0,0,50,14,0,0,0,21,1,1
141,Idaho,Ada,COMPASS,1,3,675394.9353,0,0,0,0,0,0,0,5,705,0,1,1,0,0,8,0,34,0,2,36,48,226,5,622,4185,16,1,16001,909,303,211,59,14,14,2,1,2,167,330,63,14,213,41,320,81,49,43,26,14,17,10,7,0,7,133,68,24,0,0,95,1,1
142,Idaho,Ada,COMPASS,1,3,197381.8989,0,0,6,0,0,22,0,79,111,30,0,33,0,0,42,0,225,1852,23,0,358,81,44,0,2964,16,1,16001,181,57,34,16,3,1,2,1,0,28,70,9,5,55,23,34,28,14,3,6,4,0,3,3,0,17,14,10,1,0,3,6,1,1
143,Idaho,Ada,COMPASS,1,3,237149.8146,0.03,0.01,0,0,0,0,18,0,18,0,0,128,0,0,32,0,276,0,26,344,39,78,60,0,1128,16,1,16001,760,442,269,111,37,12,6,1,6,128,317,38,23,316,129,61,152,85,20,38,21,0,12,20,0,97,0,41,5,0,15,0,1,1
144,Idaho,Ada,COMPASS,1,3,217255.4101,0,0,0,0,0,17,0,115,4,4,0,84,0,0,0,10,82,0,0,210,0,14,35,0,590,16,1,16001,107,58,33,9,10,6,0,0,0,19,46,5,4,45,19,10,22,12,2,5,4,0,2,3,0,14,0,6,2,0,2,0,1,1
145,Idaho,Ada,COMPASS,1,3,152712.3921,0,0,0,0,2,0,0,55,0,0,0,0,0,0,0,0,125,0,0,67,0,36,0,0,332,16,1,16001,525,1,0,1,0,0,0,0,0,79,126,32,3,102,16,122,13,9,80,0,0,0,16,0,0,0,0,32,20,16,0,54,1,1
146,Idaho,Ada,COMPASS,1,3,176033.9273,0,0,0,0,0,12,3,21,166,0,9,168,0,0,60,26,530,0,62,23,2,436,23,540,2931,16,1,16001,486,184,110,51,17,5,1,0,0,97,179,39,6,146,29,146,50,38,29,17,12,12,5,6,0,6,50,35,17,0,0,44,1,1
147,Idaho,Ada,COMPASS,1,3,321482.9616,0,0,0,0,1,2,0,34,0,0,2,179,0,0,26,19,824,36,262,127,69,86,111,7,1833,16,1,16001,221,139,118,13,4,4,0,0,0,35,87,10,7,87,36,16,42,22,6,11,6,0,3,6,0,27,0,11,1,0,4,0,1,1
148,Idaho,Ada,COMPASS,1,3,256534.1346,0,0,0,0,0,4,12,1,50,0,0,76,0,0,0,0,212,149,37,174,3,159,53,0,1039,16,1,16001,336,209,137,50,11,8,2,1,0,72,120,31,2,97,16,112,13,11,73,0,0,0,16,0,0,0,0,28,18,17,0,49,1,1
149,Idaho,Ada,COMPASS,1,3,297097.2202,0,0,0,0,0,0,3,0,225,0,6,106,0,0,132,20,113,0,81,169,3,74,14,0,939,16,1,16001,731,360,194,105,29,28,4,0,0,145,191,116,26,135,90,253,27,37,42,13,16,19,22,7,0,42,20,39,54,16,119,5,1,1
150,Idaho,Ada,COMPASS,1,3,552159.1504,0,0,0,0,0,0,0,6,4,0,0,3,0,0,3,1,3,0,4,57,0,2,0,0,82,16,1,16001,862,387,109,152,72,33,11,8,2,105,203,67,38,121,122,170,31,29,0,48,13,0,0,0,23,99,36,39,18,0,28,49,1,1
151,Idaho,Ada,COMPASS,1,3,243333.0776,0,0,0,2,0,0,0,0,0,0,0,46,0,0,0,0,64,0,0,165,0,0,18,0,295,16,1,16001,486,310,112,126,28,34,5,5,0,64,144,102,14,65,120,139,25,0,0,27,13,8,24,13,29,46,24,44,23,12,0,36,1,1
152,Idaho,Ada,COMPASS,1,3,551599.7836,0,0,0,0,0,4,0,0,0,0,0,0,0,0,50,15,18,0,10,135,0,15,2,0,256,16,1,16001,1259,586,253,191,68,60,11,2,1,129,292,203,30,105,187,362,32,7,17,22,27,81,8,0,0,98,18,84,87,58,39,76,1,1
153,Idaho,Ada,COMPASS,1,3,5496106.17,0,0,0,0,0,3,9,5,6,3,24,1,22,0,0,1,45,0,1,92,42,4,9,88,594,16,1,16001,3429,1300,295,518,193,204,58,22,10,286,615,455,51,231,379,797,81,8,33,57,52,60,49,41,72,157,64,153,151,86,126,217,1,1
154,Idaho,Ada,COMPASS,1,3,1039655.234,0,0,0,0,0,1,0,7,22,0,1,0,0,0,48,1,0,1,0,0,0,8,3,39,220,16,1,16001,349,212,71,66,36,25,9,5,0,34,76,55,7,39,40,93,9,1,2,7,20,5,4,11,11,9,11,19,6,7,30,20,1,1
155,Idaho,Ada,COMPASS,1,3,529961.7749,0,0,0,0,0,2,0,2,21,0,0,1,30,0,22,2,3,0,0,11,0,10,1,39,243,16,1,16001,781,253,77,117,28,24,5,2,0,73,165,114,17,95,92,182,23,0,0,22,50,15,9,23,26,19,27,48,6,11,57,33,1,1
156,Idaho,Ada,COMPASS,1,3,318410.352,0,0,0,0,0,2,0,1,0,0,0,0,0,0,0,0,2,0,0,20,0,0,0,0,152,16,1,16001,873,524,266,217,23,9,7,1,1,112,253,177,23,149,138,278,35,0,0,35,79,21,14,33,40,30,40,75,9,16,89,49,1,1
157,Idaho,Ada,COMPASS,1,3,236645.9529,0,0,0,0,2,0,0,0,0,0,25,101,0,0,2,0,405,478,30,160,10,180,3,399,1715,16,1,16001,847,127,49,50,20,5,2,1,0,72,164,113,17,90,93,183,21,0,0,20,49,15,10,23,26,19,27,47,6,13,57,33,1,1
158,Idaho,Ada,COMPASS,1,3,1106307.991,0,0,0,2,0,0,1,11,12,0,5,729,0,0,0,3,564,1635,89,292,0,104,48,0,3526,16,1,16001,1760,880,432,332,44,55,13,4,0,361,345,334,31,157,273,641,75,0,2,65,15,99,41,64,33,36,111,88,127,50,65,200,1,1
159,Idaho,Ada,COMPASS,1,3,413477.3517,0,0,0,0,0,0,0,1,76,0,3,124,0,0,158,9,494,191,18,606,2,357,67,19,2364,16,1,16001,1383,734,405,232,62,25,8,1,1,273,296,189,61,287,124,408,151,63,36,22,15,12,0,10,75,27,20,226,36,1,121,4,1,1
160,Idaho,Ada,COMPASS,1,3,343063.2699,0,0,0,0,0,2,0,0,6,0,30,130,146,0,12,2,44,0,0,41,0,273,56,0,983,16,1,16001,947,527,261,158,60,28,19,0,1,183,206,117,49,200,197,158,58,62,12,53,15,27,21,62,56,31,38,21,65,0,11,23,1,1
161,Idaho,Ada,COMPASS,1,3,772554.0908,0,0,0,0,0,0,0,0,27,0,4,0,0,0,5436,0,47,0,6,117,2,566,0,2,6416,16,1,16001,188,92,29,41,7,10,3,1,1,26,42,40,9,77,32,8,46,6,14,5,6,10,6,9,0,7,1,3,0,4,0,0,1,1
162,Idaho,Ada,COMPASS,1,3,609926.9224,0,0,0,0,0,0,0,0,24,0,0,0,0,4804,0,1,86,0,0,0,0,15,30,0,4941,16,1,16001,1218,505,195,190,70,34,12,2,2,132,241,266,37,296,181,199,130,20,79,37,30,33,28,41,14,65,51,39,26,37,4,42,1,1
163,Idaho,Ada,COMPASS,1,3,426630.7578,0,0,0,0,0,4,2,5,556,0,0,60,0,0,0,6,0,0,1,141,8,174,9,0,1010,16,1,16001,1436,618,213,214,103,55,29,2,2,149,244,237,51,270,283,128,115,1,51,51,52,63,54,44,20,102,60,44,4,20,0,0,1,1
164,Idaho,Ada,COMPASS,1,3,455436.6443,0,0,0,0,0,0,0,3,0,0,0,0,0,0,6,4,4,0,0,81,0,0,2,0,100,16,1,16001,1137,487,145,204,82,31,17,6,2,107,169,161,86,122,170,231,98,0,0,0,24,15,29,109,0,17,55,13,135,15,7,6,1,1
165,Idaho,Ada,COMPASS,1,3,692603.1773,0,0,0,0,0,4,0,20,165,0,0,5,0,0,0,39,25,0,4,72,0,162,35,0,659,16,1,16001,1092,477,145,187,75,39,27,1,3,104,161,156,84,170,109,226,44,30,12,39,45,47,5,0,57,0,23,85,63,27,0,28,1,1
166,Idaho,Ada,COMPASS,1,3,902720.1668,0,0,0,0,0,0,0,0,36,0,0,24,0,0,88,0,67,17,1,48,4,99,37,0,510,16,1,16001,1647,764,239,281,140,60,27,8,9,155,469,182,15,321,233,267,195,30,0,90,6,63,41,0,11,118,42,102,81,42,0,0,1,1
167,Idaho,Ada,COMPASS,1,3,631524.6585,0,0,0,0,0,22,4,3,2,0,4,0,40,0,24,14,71,0,6,4,0,10,18,0,243,16,1,16001,1333,628,241,220,83,57,19,4,4,125,379,150,13,58,99,510,10,10,9,9,20,10,46,27,6,10,43,352,23,61,10,21,1,1
168,Idaho,Ada,COMPASS,1,3,394325.1067,0,0,0,0,0,0,0,0,87,0,18,53,0,0,6,1,44,0,0,243,8,168,62,0,852,16,1,16001,1179,617,270,216,83,35,6,5,2,162,313,105,60,175,205,260,28,56,22,20,49,57,67,21,0,60,56,82,74,48,0,0,1,1
169,Idaho,Ada,COMPASS,1,3,1272153.999,0,0,2,0,0,6,11,6,4,1,1,3,0,0,297,1,61,17,12,101,0,0,43,0,565,16,1,16001,2808,1194,385,407,163,147,54,27,11,263,501,398,83,121,312,812,23,18,17,35,28,18,79,14,65,136,124,186,141,174,122,65,1,1
170,Idaho,Ada,COMPASS,1,3,595737.3863,0,0,0,0,0,0,0,2,9,0,3,5,396,0,0,0,3,0,0,1,0,18,2,0,444,16,1,16001,613,249,39,119,32,37,16,5,1,95,71,119,12,17,58,222,11,0,6,0,0,34,0,13,0,11,5,45,58,12,46,56,1,1
171,Idaho,Ada,COMPASS,1,3,2716284.359,0,0,0,0,0,10,1,0,22,0,0,9,0,0,45,1,65,0,0,303,4,18,24,0,516,16,1,16001,2945,1066,212,405,192,193,49,8,7,126,496,612,58,70,158,1064,19,0,3,0,48,7,0,3,46,102,82,64,114,149,324,331,1,1
172,Idaho,Ada,COMPASS,1,3,3036562.567,0,0,0,0,0,1,0,1,0,0,21,0,0,0,116,1,32,0,1,21,0,0,2,2,193,16,1,16001,2222,757,138,256,131,166,48,14,4,185,366,245,40,73,49,714,60,0,0,10,3,8,0,0,38,3,38,173,84,48,103,268,1,1
173,Idaho,Ada,COMPASS,1,3,3624167.214,0,0,0,0,3,0,0,0,0,0,6,0,43,0,59,3,2,0,1,196,4,52,2,88,538,16,1,16001,1068,456,157,147,47,51,39,10,5,118,188,154,28,80,44,364,35,0,45,0,0,0,19,22,3,0,31,38,82,44,88,81,1,1
174,Idaho,Ada,COMPASS,1,3,520045.7233,0,0,0,0,0,21,0,2,4,0,0,4,0,0,0,4,20,0,0,4,0,2,0,0,60,16,1,16001,551,219,27,103,39,25,21,3,1,63,46,78,8,21,29,145,9,0,12,0,0,4,0,0,5,20,8,21,6,12,44,54,1,1
175,Idaho,Ada,COMPASS,1,3,973161.4929,0,0,3,0,0,0,0,1,27,0,9,14,0,0,99,2,94,0,0,181,0,122,7,0,674,16,1,16001,1140,438,93,178,62,75,22,6,2,157,114,193,20,52,93,339,24,0,24,4,0,22,12,15,11,33,40,40,30,34,85,110,1,1
176,Idaho,Ada,COMPASS,1,3,751172.0814,0,0,0,0,0,1,0,0,3,0,0,0,58,0,0,1,3,0,2,61,0,0,0,0,131,16,1,16001,1746,764,238,256,133,98,25,7,7,142,313,228,99,128,206,448,24,14,48,0,42,26,18,36,39,87,80,209,46,40,49,24,1,1
177,Idaho,Ada,COMPASS,1,3,509273.0685,0,0,0,0,0,3,0,0,0,0,0,0,0,0,90,0,2,0,0,6,0,0,0,0,100,16,1,16001,1036,422,111,167,87,32,18,4,3,80,181,131,58,84,100,266,0,14,12,8,50,33,37,0,10,20,21,97,30,62,47,9,1,1
178,Idaho,Ada,COMPASS,1,3,387010.6121,0,0,0,0,0,2,0,0,0,0,13,0,44,0,0,0,1,0,0,6,0,0,0,0,64,16,1,16001,586,245,53,103,33,36,17,2,1,44,98,72,31,4,50,191,4,0,0,0,0,0,0,2,29,19,24,49,45,16,44,13,1,1
179,Idaho,Ada,COMPASS,1,3,657467.37,0,0,0,0,0,0,0,0,0,0,0,0,0,0,0,0,1,0,0,12,0,22,1,0,55,16,1,16001,1186,490,106,238,68,53,20,4,1,92,204,148,64,25,96,387,17,0,8,0,0,11,0,28,40,17,47,145,61,41,65,28,1,1
180,Idaho,Ada,COMPASS,1,3,771334.1461,0,0,0,0,0,0,2,0,3,0,0,0,0,0,38,2,6,0,4,52,0,0,35,0,140,16,1,16001,1857,691,129,272,113,108,40,15,14,116,268,329,36,88,191,470,18,25,33,12,0,20,98,27,1,45,72,73,99,86,71,69,1,1
181,Idaho,Ada,COMPASS,1,3,618941.56,0,0,0,0,0,2,0,22,0,0,0,0,0,0,0,8,28,0,4,14,0,0,5,0,82,16,1,16001,713,248,36,83,58,36,30,3,2,40,90,110,13,0,23,230,0,0,0,0,0,0,0,20,2,1,25,3,48,40,75,39,1,1
182,Idaho,Ada,COMPASS,1,3,960067.4107,0,0,0,0,0,3,264,441,18,0,0,0,0,0,0,0,0,0,15,4,0,0,107,0,900,16,1,16001,246,151,16,54,48,13,17,2,1,25,30,36,8,13,18,68,6,1,0,5,1,7,0,4,3,4,0,28,22,6,10,2,1,1
183,Idaho,Ada,COMPASS,1,3,5755752.247,0,0,0,0,0,3,3,5,12,1,0,17,0,0,188,0,83,0,23,167,0,0,35,0,529,16,1,16001,7692,2552,453,865,486,511,156,40,41,580,1058,1053,175,332,440,2094,169,33,26,64,40,95,55,94,59,137,177,514,559,227,334,283,1,1
184,Idaho,Ada,COMPASS,1,3,20022384.86,0,0,0,0,0,151,9863,246,16,0,18,74,124,0,0,15,193,156,33,368,0,130,110,0,11593,16,1,16001,1856,329,46,78,62,81,40,14,8,102,271,204,34,0,122,489,0,0,0,0,0,41,0,40,0,41,122,82,0,81,204,0,1,1
185,Idaho,Ada,COMPASS,1,3,222798.745,0,0,0,0,0,0,0,0,0,0,0,3,0,0,0,10,19,0,0,0,0,28,68,0,156,16,1,16001,504,238,75,103,41,6,6,2,5,88,100,56,23,96,95,76,28,30,5,26,7,13,11,29,27,15,18,10,32,0,5,11,1,1
186,Idaho,Ada,COMPASS,1,3,543309.1881,0,0,0,0,0,1,0,0,56,0,0,197,0,0,0,1,0,0,1,5,0,39,20,0,612,16,1,16001,770,294,76,121,36,36,19,2,4,98,71,120,12,31,70,200,15,0,11,5,0,19,15,19,6,11,37,20,26,25,39,53,1,1
187,Idaho,Ada,COMPASS,1,3,1134891.63,0,0,9,0,0,0,0,0,184,0,0,55,0,0,0,0,15,0,9,55,2,105,65,0,590,16,1,16001,517,248,84,55,55,36,9,6,3,40,117,98,13,55,41,172,12,16,8,8,11,4,0,18,7,12,26,62,33,16,9,26,1,1
188,Idaho,Ada,COMPASS,1,3,1150516.142,0,0,0,0,149,531,654,410,926,130,381,0,0,0,42,88,279,83,114,22,2,566,285,0,4825,16,1,16001,14,42,17,13,2,3,5,1,1,2,1,2,0,1,1,3,0,0,0,0,1,0,0,0,0,1,1,1,0,1,0,0,1,1
189,Idaho,Ada,COMPASS,1,3,387014.9443,0,0,0,0,0,0,0,11,352,0,0,0,0,0,34,0,10,5,1,699,16,4,30,0,1109,16,1,16001,10,3,2,1,0,0,0,0,0,1,2,1,0,2,1,1,0,1,0,0,1,0,0,0,1,0,0,1,0,0,0,0,1,1
190,Idaho,Ada,COMPASS,1,3,1603990.275,0,0,0,0,0,51,433,149,50,33,0,0,0,0,0,16,0,0,8,0,0,2,183,0,870,16,1,16001,7,2,1,0,1,0,0,0,0,0,1,1,0,0,0,2,0,0,0,0,0,0,0,0,0,0,0,1,0,0,1,0,1,1
191,Idaho,Ada,COMPASS,1,3,11210494.04,0,0,40,25,1,140,433,1499,231,1859,0,2,0,0,2,190,85,6,313,67,51,520,275,1467,7175,16,1,16001,27,5,1,3,0,0,0,0,1,3,4,4,0,2,2,7,0,2,0,0,0,0,1,0,0,1,1,2,2,0,0,2,1,1
192,Idaho,Ada,COMPASS,1,3,11085422.4,0,0,0,0,0,124,835,684,0,234,722,0,0,0,48,4,0,0,23,0,0,0,0,0,2666,16,1,16001,19,8,0,6,0,1,0,0,1,3,4,4,0,2,1,8,0,1,1,0,0,0,0,0,1,0,1,2,2,1,0,2,1,1
193,Idaho,Ada,COMPASS,1,3,14035817.98,0,0,0,13,0,16,0,48,0,22,0,0,0,0,0,0,0,0,0,0,0,0,0,0,101,16,1,16001,5,1,0,0,0,0,0,0,1,0,1,0,0,0,0,1,0,0,0,0,0,0,0,0,0,0,0,1,0,0,0,0,1,1
194,Idaho,Ada,COMPASS,1,3,1301998.06,0,0,0,0,0,180,30,4,2,10,0,0,0,0,10,0,1079,0,32,0,3,0,360,0,1697,16,1,16001,0,0,0,0,0,0,0,0,0,0,0,0,0,0,0,0,0,0,0,0,0,0,0,0,0,0,0,0,0,0,0,0,1,1
195,Idaho,Ada,COMPASS,1,3,24040094.8,0,0,0,8,0,25,0,0,0,0,22,0,0,0,0,0,68,0,4,0,64,0,0,0,192,16,1,16001,263,75,8,28,15,10,11,3,0,19,24,34,19,11,16,69,0,0,5,6,0,0,0,0,5,11,5,11,16,16,10,11,1,1
196,Idaho,Ada,COMPASS,1,3,1291005.472,0,0,0,0,0,4,0,1,16,0,0,2,0,0,0,0,93,0,3,81,2,81,16,0,337,16,1,16001,1479,451,47,206,72,62,30,21,13,97,137,222,68,45,75,404,20,9,7,9,0,0,27,10,9,29,66,53,128,71,71,15,1,1
197,Idaho,Ada,COMPASS,1,3,1281598.876,0,0,0,0,0,23,2,35,316,0,77,113,0,0,52,6,627,0,224,681,38,192,47,120,2654,16,1,16001,1332,451,135,184,51,37,19,13,12,223,188,153,56,199,169,252,0,78,73,27,21,63,9,79,0,18,56,58,40,22,0,76,1,1
198,Idaho,Ada,COMPASS,1,3,684866.696,0,0,0,0,0,82,27,7,1170,120,9,176,0,6,45,41,211,12,19,28,4,356,202,679,3459,16,1,16001,639,193,65,72,16,19,11,8,2,119,99,80,28,44,94,188,0,0,18,0,26,82,12,0,0,0,36,60,51,0,0,41,1,1
199,Idaho,Ada,COMPASS,1,3,2345891.426,0,0,0,0,0,206,120,394,516,290,13,0,0,92,106,3,229,261,89,0,0,0,605,0,2702,16,1,16001,42,5,2,1,0,2,0,0,0,4,4,4,0,2,2,8,0,1,0,0,1,0,1,0,0,1,1,3,2,0,0,2,1,1
200,Idaho,Ada,COMPASS,1,3,1474448.798,0,0,0,0,26,71,40,38,76,39,0,125,0,0,68,14,239,132,18,174,4,370,132,0,1828,16,1,16001,1176,362,78,122,61,49,34,10,8,151,126,105,39,45,116,260,0,0,30,0,15,1,0,11,58,46,62,122,24,20,26,6,1,1
201,Idaho,Ada,COMPASS,1,3,2620740.277,0,0,10,0,0,5,0,3,177,0,22,18,7,0,1,0,18,0,4,411,0,14,62,0,723,16,1,16001,3730,1313,238,502,228,181,103,39,22,324,380,428,248,139,414,827,48,0,0,53,38,61,226,12,49,66,127,199,195,58,165,83,1,1
202,Idaho,Ada,COMPASS,1,3,2636547.121,0,0,0,0,0,5,0,2,480,1,193,7,0,0,88,2,72,0,1,116,0,39,11,0,975,16,1,16001,3773,1234,171,413,232,253,109,42,14,238,338,551,168,96,220,979,0,25,6,48,17,0,30,37,46,107,119,210,135,109,205,201,1,1
203,Idaho,Ada,COMPASS,1,3,1316755.827,0,0,0,0,0,1,0,0,2,0,3,11,52,0,33,1,75,0,3,11,6,0,13,0,210,16,1,16001,1730,583,66,232,95,102,51,26,11,142,198,226,25,70,56,465,25,0,21,0,24,18,9,11,5,13,24,167,100,155,0,19,1,1
204,Idaho,Ada,COMPASS,1,3,1322007.647,0,0,0,0,0,4,0,0,0,0,0,0,0,0,0,0,40,0,8,31,0,14,0,0,116,16,1,16001,1194,432,58,200,58,76,24,10,6,109,151,172,19,47,176,228,10,15,0,22,0,59,15,26,25,51,19,74,106,12,17,0,1,1
205,Idaho,Ada,COMPASS,1,3,2614502.722,0,0,0,0,0,2,0,0,15,0,0,4,0,0,81,0,67,0,1,111,0,0,26,0,313,16,1,16001,2683,891,160,305,151,135,85,34,21,180,344,316,89,79,283,567,13,13,16,37,0,56,44,86,18,79,71,153,239,71,4,29,1,1
206,Idaho,Ada,COMPASS,1,3,3912782.998,0,0,0,0,0,22,5,2,2,10,4,27,34,0,536,0,56,0,10,109,0,84,17,0,1028,16,1,16001,4352,1585,329,586,262,244,114,25,25,249,750,435,201,81,509,1045,0,5,10,59,7,49,207,37,93,123,265,270,159,85,145,121,1,1
207,Idaho,Ada,COMPASS,1,3,2455907.883,0,0,0,0,0,228,10,9,16,36,0,0,220,0,0,1,0,0,20,470,0,10,1453,0,2456,16,1,16001,442,153,21,54,32,24,12,8,2,35,71,53,9,35,0,133,9,9,9,8,0,0,0,0,0,0,18,35,36,9,8,27,1,1
208,Idaho,Ada,COMPASS,1,3,3842791.076,0,0,6,0,0,19,0,1,9,1,0,26,0,0,8,0,26,0,0,39,0,34,361,0,629,16,1,16001,1525,618,136,264,98,69,33,7,11,163,277,191,17,70,166,412,0,25,3,21,21,7,42,49,1,67,154,142,60,17,26,13,1,1
209,Idaho,Ada,COMPASS,1,3,3017703.053,0,0,0,0,0,3,0,1,2,0,0,0,0,0,0,0,21,0,0,12,0,0,0,0,79,16,1,16001,1350,385,58,148,88,44,22,15,10,79,130,269,15,21,55,417,0,0,21,0,0,0,0,0,0,55,142,164,111,0,0,0,1,1
210,Idaho,Ada,COMPASS,1,3,2632411.059,0,0,0,0,0,8,0,0,14,0,8,4,0,0,0,0,54,2,2,23,0,0,4,0,118,16,1,16001,3013,1067,174,421,192,160,68,27,25,288,398,355,80,108,197,816,8,13,6,40,41,26,27,11,28,105,125,254,180,65,64,128,1,1
211,Idaho,Ada,COMPASS,1,3,2624301.277,0,0,2,0,0,14,0,1,60,0,22,2,0,0,147,2,53,0,1,34,0,0,0,0,387,16,1,16001,3987,1279,230,428,225,214,126,30,26,301,686,377,83,181,233,1033,93,10,43,21,14,68,63,14,9,79,355,368,70,103,78,59,1,1
212,Idaho,Ada,COMPASS,1,3,5254624.979,0,0,8,0,0,19,0,4,46,3,0,14,63,0,102,0,28,0,1,135,56,0,28,0,544,16,1,16001,3784,1302,266,580,185,151,67,17,36,346,648,343,133,87,373,1010,26,0,49,12,0,0,44,128,90,111,295,329,183,114,18,71,1,1
213,Idaho,Ada,COMPASS,1,3,3101204.691,0,0,44,0,0,10,0,0,111,1,4,4,96,0,104,1,43,0,1,125,2,15,0,0,627,16,1,16001,7879,2374,388,638,451,447,240,129,81,117,1375,849,228,222,753,1594,44,36,52,45,45,150,59,74,191,279,711,369,332,92,90,0,1,1
214,Idaho,Ada,COMPASS,1,3,666683.1132,0,0,0,0,0,8,0,15,262,9,30,55,74,0,8,6,214,2,16,590,70,28,81,91,1499,16,1,16001,1597,774,361,228,110,44,19,6,6,375,290,270,27,331,442,189,81,56,64,82,48,55,36,284,0,67,86,55,16,8,0,24,1,1
215,Idaho,Ada,COMPASS,1,3,653846.354,0,0,0,0,0,2,0,0,16,14,0,154,0,0,2,0,79,0,4,45,0,46,0,1,380,16,1,16001,2612,1085,398,364,151,113,30,19,10,172,431,561,45,492,341,376,74,86,113,208,11,79,55,4,53,150,162,81,38,95,0,0,1,1
216,Idaho,Ada,COMPASS,1,3,427995.0259,0,0,0,0,0,3,1,0,366,6,13,0,0,0,0,0,3,0,0,150,0,0,0,0,539,16,1,16001,717,323,120,108,57,30,6,1,1,98,123,89,22,96,113,123,33,9,22,11,21,29,14,26,15,29,12,40,18,19,9,25,1,1
217,Idaho,Ada,COMPASS,1,3,1327081.215,0,0,0,0,0,30,1,7,303,17,0,34,0,0,94,3,36,2,3,156,4,58,47,0,775,16,1,16001,3235,1160,231,469,213,147,46,26,28,244,404,430,117,235,155,805,44,0,0,129,62,9,87,19,19,21,436,149,55,136,5,24,1,1
218,Idaho,Ada,COMPASS,1,3,790436.9954,0,0,0,0,0,1,1322,18,0,0,0,24,42,0,0,0,528,0,782,3,2,118,0,1258,3437,16,1,16001,49,55,8,26,5,13,1,2,0,5,9,2,2,1,2,15,0,1,0,0,0,1,0,1,0,0,0,7,0,2,3,3,1,1
219,Idaho,Ada,COMPASS,1,3,1141218.998,0,0,0,0,6,13,0,28,52,0,2,12,0,0,0,4,102,0,56,371,24,57,12,0,791,16,1,16001,1255,505,141,188,85,61,14,8,8,160,214,165,21,139,107,314,3,2,37,18,79,20,45,1,0,41,40,102,34,82,29,27,1,1
220,Idaho,Ada,COMPASS,1,3,587023.3014,0,0,0,0,0,138,17,21,176,58,206,51,0,0,0,18,118,0,44,877,0,52,22,853,2972,16,1,16001,124,38,7,19,4,6,0,0,2,11,15,13,0,11,15,13,2,0,4,5,0,8,5,0,1,1,12,1,0,0,0,0,1,1
221,Idaho,Ada,COMPASS,1,3,350588.8982,0,0,0,0,0,0,0,7,52,0,0,1,0,0,0,0,0,3,3,6727,0,38,1,0,6804,16,1,16001,0,0,0,0,0,0,0,0,0,0,0,0,0,0,0,0,0,0,0,0,0,0,0,0,0,0,0,0,0,0,0,0,1,1
222,Idaho,Ada,COMPASS,1,3,920620.2308,0,0,0,0,0,180,209,121,27,22,14,3,0,0,20,11,20,182,10,1010,46,0,28,2,1888,16,1,16001,2280,949,317,317,155,103,33,11,13,282,388,324,11,368,395,242,83,81,44,130,30,87,38,81,114,75,129,113,0,0,0,0,1,1
223,Idaho,Ada,COMPASS,1,3,646742.2901,0,0,4,3,0,122,44,254,56,26,0,195,0,0,0,0,177,0,258,243,0,132,325,0,1922,16,1,16001,635,324,146,81,60,25,7,3,2,93,127,107,3,100,122,108,22,0,28,50,0,67,38,0,5,12,98,10,0,0,0,0,1,1
224,Idaho,Ada,COMPASS,1,3,651307.5853,0,0,0,0,0,1,4,21,50,4,0,86,0,0,0,2,52,5,11,404,33,70,42,0,799,16,1,16001,1027,494,172,189,56,49,24,3,1,146,195,152,21,117,226,171,3,69,13,32,0,151,9,16,9,41,52,30,72,1,1,15,1,1
225,Idaho,Ada,COMPASS,1,3,826785.7459,0,0,0,0,0,3,0,0,15,0,2,2,0,0,0,0,51,0,0,87,0,12,78,0,249,16,1,16001,1122,475,175,196,56,27,13,3,5,103,320,137,29,111,89,389,26,35,15,28,7,20,9,3,47,10,2,97,59,28,155,48,1,1
226,Idaho,Ada,COMPASS,1,3,918878.9626,0,0,0,0,0,6,26,0,76,17,0,0,0,0,14,37,333,0,0,0,0,176,50,0,1025,16,1,16001,2026,1168,596,342,71,144,10,3,2,279,637,169,117,746,409,47,328,177,72,157,12,216,91,20,0,82,13,1,0,33,0,0,1,1
227,Idaho,Ada,COMPASS,1,3,608764.4263,0,0,0,0,0,32,0,0,26,0,0,87,0,0,0,3,83,6,9,21,0,20,19,0,323,16,1,16001,1282,595,205,189,96,63,24,12,6,104,299,188,23,164,207,243,0,8,22,47,87,29,14,44,47,73,48,66,50,27,43,9,1,1
228,Idaho,Ada,COMPASS,1,3,628197.9321,0,0,0,0,0,21,0,0,20,0,0,0,0,0,66,0,4,0,74,115,0,4,17,0,317,16,1,16001,1514,709,261,247,109,61,11,12,8,127,405,201,28,273,285,203,0,13,34,82,144,48,21,60,58,98,40,64,40,14,36,9,1,1
229,Idaho,Ada,COMPASS,1,3,494152.0614,0,0,0,0,0,8,0,0,124,6,0,63,26,0,0,0,21,0,0,160,16,0,54,0,522,16,1,16001,1089,516,194,192,67,40,12,9,2,108,268,116,58,141,169,240,85,28,13,15,0,14,27,14,39,75,43,18,75,33,49,22,1,1
230,Idaho,Ada,COMPASS,1,3,664252.359,0,0,0,0,0,24,0,8,440,0,2,40,0,0,63,2,93,0,28,225,3,81,51,4,1085,16,1,16001,1144,526,199,175,83,44,15,7,3,107,264,116,57,93,231,220,21,0,41,0,31,0,62,15,111,43,69,102,19,0,30,0,1,1
231,Idaho,Ada,COMPASS,1,3,1365838.868,0,0,0,0,0,30,0,37,58,0,4,150,0,0,344,19,365,13,93,656,3,3,58,0,1875,16,1,16001,2033,855,328,293,109,68,23,21,13,268,368,306,9,412,204,335,119,18,72,94,109,0,58,56,58,32,112,37,90,47,49,0,1,1
232,Idaho,Ada,COMPASS,1,3,1304052.412,0,0,0,0,91,27,1,2,818,15,6,33,0,0,54,6,302,38,0,11,0,102,34,136,865,16,1,16001,1335,559,128,215,108,65,22,15,6,118,231,186,24,86,124,349,21,24,8,16,17,9,47,15,15,38,174,47,71,24,24,9,1,1
233,Idaho,Ada,COMPASS,1,3,1196470.448,0,0,0,0,3,5,1,3,16,5,0,28,0,0,94,5,28,0,3,31,2,192,25,0,635,16,1,16001,2180,824,208,291,124,112,49,28,12,163,370,283,42,178,137,543,0,35,21,81,41,0,26,0,55,56,128,126,60,67,98,64,1,1
234,Idaho,Ada,COMPASS,1,3,809570.2858,0,0,0,0,0,1,0,0,136,0,6,69,14,0,10,2,100,73,1,206,0,153,59,12,951,16,1,16001,1682,781,281,314,89,57,27,6,7,278,286,216,40,272,330,218,46,67,48,91,20,54,98,28,36,114,62,36,81,12,18,9,1,1
235,Idaho,Ada,COMPASS,1,3,670884.5252,0,0,0,0,0,0,0,0,111,0,0,14,0,0,87,0,135,0,2,111,14,4,64,0,548,16,1,16001,1038,452,126,192,54,60,14,5,1,84,163,197,20,57,114,293,11,4,10,10,22,17,3,19,34,41,73,75,44,58,32,11,1,1
236,Idaho,Ada,COMPASS,1,3,646793.1422,0,0,6,0,0,16,0,2,26,1,0,0,0,0,129,1,20,0,6,188,0,207,44,0,852,16,1,16001,1089,407,94,173,58,44,26,9,3,81,160,191,19,56,109,286,11,3,11,10,21,15,2,19,34,39,72,72,43,56,32,11,1,1
237,Idaho,Ada,COMPASS,1,3,601584.1765,0,0,32,0,0,23,6,9,135,3,33,167,96,0,15,15,334,0,17,228,0,188,38,65,1557,16,1,16001,710,359,184,107,40,18,5,4,1,70,137,165,17,101,104,184,11,6,42,26,16,8,13,20,14,49,53,31,25,29,4,42,1,1
238,Idaho,Ada,COMPASS,1,3,473195.5756,0,0,0,0,0,12,5,130,34,15,0,0,0,0,39,5,10,0,14,48,0,70,29,0,492,16,1,16001,505,258,105,76,39,15,12,6,5,57,112,70,26,75,130,60,21,20,8,22,4,26,31,5,13,55,22,6,27,3,0,2,1,1
239,Idaho,Ada,COMPASS,1,3,603940.2339,0,0,0,0,5,30,1,0,33,0,0,71,0,0,0,1,67,0,0,97,0,0,0,0,294,16,1,16001,1388,604,206,218,101,55,9,8,7,138,275,161,52,159,251,216,60,1,55,19,24,54,11,106,32,48,58,97,43,12,6,0,1,1
240,Idaho,Ada,COMPASS,1,3,823063.0531,0,0,0,0,0,2,1,0,3,0,2,14,0,0,69,0,3,0,0,113,0,32,83,0,340,16,1,16001,1688,754,236,299,120,55,22,13,9,176,355,207,68,169,303,334,59,3,56,26,25,61,11,133,38,60,80,150,71,22,11,0,1,1
241,Idaho,Ada,COMPASS,1,3,1250861.281,0,0,0,0,0,17,0,58,63,17,0,45,1,0,0,2,13,0,3,249,0,111,193,0,782,16,1,16001,1145,446,123,157,85,52,18,4,7,101,205,120,40,104,136,226,11,9,65,14,5,19,14,28,21,54,25,59,77,5,31,29,1,1
242,Idaho,Ada,COMPASS,1,3,587963.8643,0,0,0,0,0,17,0,10,225,15,28,24,0,0,0,8,34,75,3,14,0,33,124,2895,465,16,1,16001,1316,611,198,227,96,69,15,5,1,91,231,299,24,65,198,382,17,2,14,30,2,65,10,11,30,82,179,46,127,30,0,0,1,1
243,Idaho,Ada,COMPASS,1,3,831510.9297,0,0,0,0,0,23,0,12,242,1,2,56,0,0,108,7,17,42,2,181,3,32,9,0,541,16,1,16001,2108,941,322,331,159,79,28,13,9,135,573,243,55,102,568,336,0,0,25,59,18,185,17,87,74,205,59,179,98,0,0,0,1,1
244,Idaho,Ada,COMPASS,1,3,1099502.939,0,0,0,0,0,16,0,237,0,28,9,2003,20,0,41,4,261,70,135,58,0,262,14,60,3228,16,1,16001,1435,607,148,229,115,71,27,13,4,190,237,174,42,180,171,292,30,8,107,9,26,31,10,23,45,62,63,123,58,16,18,14,1,1
245,Idaho,Ada,COMPASS,1,3,1487972.979,0,0,0,0,0,3,0,17,54,0,10,5,16,0,59,4,22,0,31,211,110,50,49,0,657,16,1,16001,1453,615,151,263,103,61,26,8,3,189,235,174,41,112,174,353,8,14,47,28,15,18,11,7,12,126,65,92,83,13,59,41,1,1
246,Idaho,Ada,COMPASS,1,3,652311.3573,0,0,0,0,0,0,0,0,33,0,0,26,0,0,0,0,8,0,6,193,6,16,30,0,378,16,1,16001,1229,465,137,191,64,48,17,5,3,145,181,134,31,141,169,181,48,12,34,15,32,41,23,39,21,45,17,57,27,28,14,38,1,1
247,Idaho,Ada,COMPASS,1,3,899890.4686,0,0,0,0,0,17,17,5,230,41,90,127,0,0,0,6,30,0,36,192,10,194,45,0,1207,16,1,16001,1797,676,160,269,119,79,35,9,5,134,306,234,36,117,460,133,33,0,14,12,58,52,60,189,16,143,34,50,36,13,0,0,1,1
248,Idaho,Ada,COMPASS,1,3,1095412.713,0,0,0,0,140,2,2,0,34,0,20,86,0,0,76,13,113,576,1,113,0,141,14,168,645,16,1,16001,1439,480,73,195,74,84,23,21,10,165,119,163,58,96,54,355,25,0,2,52,17,23,1,5,0,25,66,83,33,121,20,32,1,1
249,Idaho,Ada,COMPASS,1,3,1591996.384,0,0,8,0,0,1,1,0,20,0,1,5,0,0,0,0,10,0,0,197,2,0,1,722,246,16,1,16001,2357,872,214,311,149,98,61,26,13,341,187,292,109,274,160,495,116,3,58,37,60,23,0,18,63,56,98,99,136,63,57,42,1,1
250,Idaho,Ada,COMPASS,1,3,1519513.38,0.62,0.48,0,0,0,7,2,1,9,0,45,3,0,0,68,1,28,92,3,172,0,21,7,128,335,16,1,16001,2821,910,151,349,146,138,65,38,23,316,472,165,93,116,367,563,41,39,0,17,19,40,84,66,11,166,47,175,97,48,142,54,1,1
251,Idaho,Ada,COMPASS,1,3,2591326.828,0,0,14,0,35,121,4,49,400,1,449,866,20,0,611,12,1002,66,409,815,48,200,930,494,6488,16,1,16001,3803,1324,210,493,236,211,101,41,32,277,371,414,315,145,367,865,45,35,33,0,32,0,98,0,0,269,35,139,165,81,84,361,1,1
252,Idaho,Ada,COMPASS,1,3,2602395.753,0.03,0.03,0,0,0,13,3,2,810,3,7,48,0,0,80,2,67,21,13,805,0,376,73,0,2429,16,1,16001,4381,1500,337,507,219,221,118,63,35,318,660,567,41,477,166,943,24,0,177,0,276,0,11,54,101,0,43,199,277,149,227,48,1,1
253,Idaho,Ada,COMPASS,1,3,1294125.608,0,0,0,0,0,6,10,5,0,1,2,103,0,0,72,2,10,3,3,138,0,0,11,3404,353,16,1,16001,2282,835,122,321,171,123,63,20,15,176,294,312,85,41,272,554,25,0,0,16,0,17,58,139,24,34,154,139,104,53,88,16,1,1
254,Idaho,Ada,COMPASS,1,3,1280007.56,0,0,0,0,0,4,0,0,21,0,11,4,0,0,18,0,4,3,0,109,0,0,4,0,192,16,1,16001,2588,994,200,393,163,130,63,30,15,222,417,284,102,74,425,526,25,0,0,29,20,43,208,10,7,157,112,119,165,0,58,72,1,1
255,Idaho,Ada,COMPASS,1,3,1001622.256,0,0,0,0,0,18,2,10,0,22,4,4,0,0,63,4,417,892,225,94,0,0,13,118,221,16,1,16001,2252,777,146,275,146,119,44,35,12,141,294,282,95,199,98,515,43,0,12,11,133,0,11,42,0,45,177,99,126,22,37,54,1,1
256,Idaho,Ada,COMPASS,1,3,895915.6937,0,0.01,0,0,39,8,26,32,258,0,4,17,27,0,185,39,3,0,0,210,6,32,23,0,919,16,1,16001,1382,524,120,173,92,88,36,15,0,95,195,185,62,13,70,454,0,0,0,13,0,0,14,13,15,28,57,134,42,92,0,129,1,1
257,Idaho,Ada,COMPASS,1,3,898308.2021,0.01,0,0,0,0,0,0,142,72,0,14,645,45,0,13,0,47,6,51,43,8,82,8,0,411,16,1,16001,1098,435,91,192,52,64,24,9,3,146,156,137,17,57,100,299,10,0,25,15,7,13,6,34,0,47,29,59,66,64,34,47,1,1
258,Idaho,Ada,COMPASS,1,3,887785.3882,0,0,0,0,1,6,1,1,81,0,0,5,0,0,0,0,24,0,4,84,0,0,13,0,238,16,1,16001,1828,723,182,278,120,90,40,9,4,242,255,229,28,165,206,383,14,24,44,56,27,64,25,25,25,67,131,118,30,54,23,27,1,1
259,Idaho,Ada,COMPASS,1,3,644376.4404,0,0,0,0,0,1,24,1,20,2,28,58,0,0,24,99,38,2,3,562,0,0,17,0,779,16,1,16001,1624,644,255,201,79,68,24,11,6,194,266,209,47,288,242,186,81,83,59,58,7,96,61,21,19,45,41,46,42,0,15,42,1,1
260,Idaho,Ada,COMPASS,1,3,662945.5092,0,0,3,0,0,2,6,112,2,0,3,8,0,0,30,9,64,0,2,227,0,0,3,3411,332,16,1,16001,1228,522,115,203,94,63,31,9,7,146,197,157,34,155,96,283,54,1,28,0,72,0,15,0,53,28,89,146,32,0,5,11,1,1
261,Idaho,Ada,COMPASS,1,3,482131.7069,0,0,0,0,0,33,0,122,0,46,0,3,0,0,66,0,176,1446,36,95,0,0,34,0,121,16,1,16001,1043,446,130,158,89,37,22,5,5,61,220,150,29,38,155,267,0,0,0,0,38,37,0,66,52,0,135,88,44,0,0,0,1,1
262,Idaho,Ada,COMPASS,1,3,1719765.364,0,0,0,0,0,20,1,4,160,1,0,27,0,0,32,3,55,0,15,313,4,34,148,0,782,16,1,16001,4109,1322,347,465,217,143,87,39,24,306,624,668,65,171,491,1001,42,28,24,0,77,87,51,114,15,224,265,180,195,208,105,48,1,1
263,Idaho,Ada,COMPASS,1,3,2588090.96,0,0.14,0,0,0,14,7,134,1312,2,606,370,0,0,78,15,203,13,7,159,182,1401,8,0,5259,16,1,16001,3825,1085,211,331,171,181,108,52,31,371,282,563,223,183,407,849,0,107,0,49,27,180,0,0,0,227,130,220,173,77,31,218,1,1
264,Idaho,Ada,COMPASS,1,3,2304881.416,0.1,0.55,0,0,2,193,77,228,886,274,0,258,39,0,138,6,419,31,58,395,62,312,159,0,3223,16,1,16001,2244,679,172,249,117,72,33,20,16,309,169,334,77,79,99,711,32,0,24,23,0,26,0,0,43,30,177,194,224,41,47,28,1,1
265,Idaho,Ada,COMPASS,1,3,1572456.679,0,0,0,0,0,148,109,158,90,19,18,172,0,0,50,6,60,0,88,321,50,90,105,1044,1542,16,1,16001,3352,1310,362,460,242,118,78,27,23,480,482,336,115,559,439,415,253,37,157,94,18,248,19,72,0,100,46,224,125,15,5,0,1,1
266,Idaho,Ada,COMPASS,1,3,815907.6774,0,0,0,0,6,24,10,5,112,0,2,140,0,0,26,1,87,32,11,424,0,250,69,6,1371,16,1,16001,1952,778,222,266,116,97,43,21,13,105,372,256,50,146,345,292,0,0,47,49,50,66,13,58,75,133,188,48,25,31,0,0,1,1
267,Idaho,Ada,COMPASS,1,3,633590.3344,0,0,0,0,0,1,50,0,290,0,2,10,0,0,46,0,2,88,4,486,590,56,7,0,1468,16,1,16001,1104,429,101,196,68,32,24,2,6,122,166,131,28,0,148,299,0,0,0,0,0,55,40,30,0,23,68,106,52,25,48,0,1,1
268,Idaho,Ada,COMPASS,1,3,653771.478,0,0,0,0,0,0,3,0,180,1,6,37,0,0,300,0,139,0,1,37,74,16,112,0,867,16,1,16001,815,318,77,86,74,41,21,14,5,90,120,96,22,128,24,176,0,25,15,62,26,0,0,0,9,15,47,12,80,0,27,10,1,1
269,Idaho,Ada,COMPASS,1,3,858588.1381,0,0,0,0,0,0,0,15,84,0,0,120,0,0,32,2,120,6,10,299,633,164,48,0,1772,16,1,16001,2189,1047,395,404,135,51,40,15,7,319,318,441,42,269,241,610,95,39,14,89,32,73,64,20,29,55,350,123,59,68,0,10,1,1
270,Idaho,Ada,COMPASS,1,3,625277.6661,0,0,0,3,0,5,4,2,111,0,18,18,0,0,0,0,21,0,22,60,0,24,117,0,474,16,1,16001,751,340,112,121,46,39,13,9,0,99,98,136,13,82,69,195,10,23,26,4,19,31,14,0,0,24,60,12,63,0,39,21,1,1
271,Idaho,Ada,COMPASS,1,3,108783.3742,0,0,0,0,0,4,0,0,177,0,261,0,0,0,56,15,17,1,10,13,0,24,17,0,571,16,1,16001,1250,0,0,0,0,0,0,0,0,158,315,107,6,126,252,208,0,0,82,38,6,107,63,38,0,44,183,6,6,13,0,0,1,1
272,Idaho,Ada,COMPASS,1,3,670746.7609,0,0,0,0,0,13,34,1,312,14,25,35,32,0,0,21,180,3,12,889,72,88,43,244,1657,16,1,16001,1559,759,392,223,80,35,20,7,2,222,490,149,12,195,464,214,82,19,0,26,68,222,110,5,72,55,73,74,22,38,0,7,1,1
273,Idaho,Ada,COMPASS,1,3,737317.4784,0,0,0,0,0,6,3,2,898,0,13,52,0,0,15,1,76,7,19,1291,62,394,20,110,2617,16,1,16001,2482,1005,349,314,151,102,54,18,17,253,421,401,44,360,453,306,28,79,87,25,141,53,63,108,10,219,158,98,44,6,0,0,1,1
274,Idaho,Ada,COMPASS,1,3,871886.3227,0,0,0,0,0,6,5,102,280,0,0,21,30,0,22,5,53,709,74,40,15,26,41,174,1430,16,1,16001,1615,633,140,247,115,58,50,9,14,215,296,171,63,199,306,240,82,0,36,7,74,22,63,9,123,89,81,94,36,29,0,0,1,1
275,Idaho,Ada,COMPASS,1,3,926491.5452,0,0,0,0,0,11,104,100,170,17,78,66,0,0,0,4,1137,0,343,533,0,2,85,160,2670,16,1,16001,199,4,2,0,1,1,0,0,0,12,15,10,3,11,16,13,5,0,1,1,4,1,3,1,6,5,4,6,2,1,0,0,1,1
276,Idaho,Ada,COMPASS,1,3,281782.0682,0,0,0,0,28,18,35,16,876,1,381,31,0,0,2,4,4,255,7,4,0,390,7,213,1724,16,1,16001,5,1,0,0,0,1,0,0,0,0,1,0,0,0,1,0,0,0,0,0,0,0,0,0,1,0,0,0,0,0,0,0,1,1
277,Idaho,Ada,COMPASS,1,3,547042.7208,0,0,0,38,0,0,2,4,2982,0,101,668,0,0,0,6,129,1497,15,225,20,952,72,0,3858,16,1,16001,30,6,0,1,4,0,1,0,0,1,3,2,0,2,2,2,0,0,1,0,1,0,0,1,1,0,1,0,1,0,0,0,1,1
278,Idaho,Ada,COMPASS,1,3,385375.9157,0,0,0,0,0,0,3,21,290,0,2,58,0,0,74,148,6,90,318,7,0,130,5,9,179,16,1,16001,1113,369,78,137,65,58,10,13,8,99,166,157,17,71,73,295,0,0,0,44,27,0,33,0,15,25,62,144,43,17,14,15,1,1
279,Idaho,Ada,COMPASS,1,3,1349925.903,0,0,0,0,0,3,0,0,0,2,36,18,146,0,12,0,9,0,2,36,10,0,9,0,89,16,1,16001,1505,539,117,204,71,81,47,9,10,161,221,127,48,70,101,386,0,7,13,50,0,0,11,55,11,24,131,49,66,19,74,47,1,1
280,Idaho,Ada,COMPASS,1,3,1351553.025,0,0,0,0,0,4,0,0,0,1,3,0,0,0,6681,2,21,0,1,34,0,0,14,2,76,16,1,16001,2258,796,132,309,140,125,56,24,10,280,281,198,67,218,75,533,23,36,0,61,98,0,12,17,11,35,144,214,29,75,28,43,1,1
281,Idaho,Ada,COMPASS,1,3,1392660.859,0,0,0,0,0,15,0,2,36,0,3,0,0,4804,106,12,30,1,0,3415,46,276,3,0,4132,16,1,16001,980,440,200,132,38,42,17,8,3,190,105,207,48,152,103,295,62,49,0,9,32,0,0,0,52,51,65,10,56,33,30,101,1,1
282,Idaho,Ada,COMPASS,1,3,335956.0052,0,0,0,0,0,168,251,233,136,0,0,97,32,0,29,4,0,0,35,444,0,68,73,0,1615,16,1,16001,10,2,1,1,0,0,0,0,0,0,1,1,0,1,0,1,0,0,0,0,1,0,0,0,0,0,1,0,0,0,0,0,1,1
283,Idaho,Ada,COMPASS,1,3,4268416.795,0,0,0,0,0,27,0,2,0,16,4,2,396,0,0,7,3,0,142,17,0,2,3,71,434,16,1,16001,979,447,141,185,49,20,31,14,7,183,146,91,30,98,85,267,24,21,15,30,8,13,5,23,30,14,35,51,56,31,16,78,1,1
284,Idaho,Ada,COMPASS,1,3,3001444.942,0,0,0,0,0,27,1,3,628,0,3,103,0,0,12,1,167,325,5,360,12,212,116,0,2220,16,1,16001,3329,1450,400,698,161,119,36,24,12,710,506,346,27,335,415,839,161,70,1,13,90,56,21,46,44,248,119,203,187,110,115,105,1,1
285,Idaho,Ada,COMPASS,1,3,1031787.541,0,0,0,0,0,12,0,9,0,6,16,0,0,0,112,1,6,0,0,126,0,10,12,2,179,16,1,16001,1640,791,264,338,85,58,19,11,16,346,276,174,57,304,230,319,77,73,70,73,11,41,33,33,72,51,55,134,68,22,16,24,1,1
286,Idaho,Ada,COMPASS,1,3,644362.9211,0,0,0,0,6,1,0,0,34,0,2,52,99,0,138,0,245,0,4,148,22,18,34,25,683,16,1,16001,1192,594,221,238,73,31,13,13,5,228,261,114,28,161,280,190,39,32,40,0,50,87,88,19,7,79,41,61,37,0,20,31,1,1
287,Idaho,Ada,COMPASS,1,3,1181415.561,0,0,0,0,0,16,2,2,4,0,0,3,0,0,0,1,102,0,2,3,22,24,0,0,231,16,1,16001,108,165,94,47,8,10,4,0,2,11,16,10,2,15,16,8,4,2,5,4,0,4,1,8,0,3,0,1,3,1,3,0,1,1
288,Idaho,Ada,COMPASS,1,3,529105.334,0,0,0,0,0,7,2,5,564,0,8,137,0,0,123,4,41,0,19,219,0,405,260,0,1590,16,1,16001,156,37,14,4,0,12,5,0,2,17,24,15,3,21,19,19,12,2,3,4,0,8,1,0,2,8,3,7,2,0,7,0,1,1
289,Idaho,Ada,COMPASS,1,3,982056.2878,0,0,0,0,0,63,17,26,117,4,0,0,58,0,0,3,36,0,13,47,0,0,181,0,453,16,1,16001,1527,771,284,259,100,58,44,16,10,224,316,199,39,299,325,154,81,21,103,71,23,71,77,67,53,57,22,43,30,10,47,2,1,1
290,Idaho,Ada,COMPASS,1,3,913706.2284,0,0,0,0,0,164,101,123,144,422,0,14,0,0,147,15,102,20,21,205,0,24,669,0,2323,16,1,16001,2104,566,178,176,80,57,43,23,9,273,394,243,50,382,379,199,90,55,99,88,50,72,120,9,85,93,47,57,18,7,30,40,1,1
291,Idaho,Ada,COMPASS,1,3,629224.5058,0,0,2,0,0,69,18,1,64,0,16,117,44,0,0,7,41,41,16,248,9,26,441,0,1088,16,1,16001,1176,374,123,132,48,36,14,12,9,169,249,160,31,231,187,191,44,95,26,46,20,42,24,20,15,86,44,26,18,11,11,81,1,1
292,Idaho,Ada,COMPASS,1,3,537204.5603,0,0,0,0,0,28,46,10,93,4,0,224,0,0,8,8,18,0,70,9,30,429,295,0,1426,16,1,16001,343,105,32,38,15,13,2,2,3,38,53,34,8,49,39,45,8,20,6,10,5,9,5,4,3,18,9,8,4,3,3,18,1,1
293,Idaho,Ada,COMPASS,1,3,2469589.253,0,0,0,0,0,1,0,0,536,0,23,62,0,0,38,0,136,35,3,179,24,116,125,0,1469,16,1,16001,1972,757,241,293,98,53,44,24,4,241,299,316,19,195,197,483,34,0,37,63,61,0,17,26,64,90,158,78,65,71,44,67,1,1
294,Idaho,Ada,COMPASS,1,3,1904069.791,0,0,0,0,0,0,0,0,21,0,0,83,35,0,204,0,28,0,12,94,9,261,24,0,952,16,1,16001,3881,1572,454,586,235,184,74,27,12,454,623,673,42,350,527,915,177,0,59,78,36,111,80,68,139,129,330,219,146,80,38,102,1,1
295,Idaho,Ada,COMPASS,1,3,1552060.847,0,0,0,0,0,2,0,0,333,0,50,27,32,0,16,0,63,0,1,123,15,76,88,0,815,16,1,16001,2766,1278,403,503,193,129,36,8,6,446,586,232,62,276,431,619,81,67,52,51,25,19,59,38,101,214,149,75,118,122,32,123,1,1
296,Idaho,Ada,COMPASS,1,3,1963337.546,0,0,0,0,0,5,0,130,264,15,4,40,0,0,102,1,175,0,0,327,12,108,43,0,1189,16,1,16001,4464,1863,557,735,306,189,48,14,14,551,727,691,71,608,421,1011,126,93,138,114,137,133,100,53,26,109,158,326,329,68,92,38,1,1
297,Idaho,Ada,COMPASS,1,3,1614401.642,0,0,15,0,0,5,1,254,196,0,3,19,18,0,24,2,4,28,3,350,3,51,11,0,823,16,1,16001,2223,973,325,348,144,102,30,13,11,314,384,271,61,320,280,430,125,67,30,65,33,44,36,67,47,86,44,107,96,55,86,42,1,1
298,Idaho,Ada,COMPASS,1,3,564887.9182,0,0,0,0,0,4,16,11,26,0,0,3,17,0,64,2,20,0,5,25,0,78,83,0,402,16,1,16001,951,391,121,149,65,42,7,6,1,71,168,174,8,71,132,218,2,17,0,52,0,0,63,16,0,53,94,62,17,30,15,0,1,1
299,Idaho,Ada,COMPASS,1,3,1061467.079,0,0,0,0,0,1,0,1,6,0,0,18,0,0,0,0,34,0,2,5,8,150,10,3,362,16,1,16001,1443,639,205,251,95,42,28,9,9,142,284,268,15,155,237,317,8,58,9,18,62,50,52,103,3,29,234,41,7,0,3,32,1,1
300,Idaho,Ada,COMPASS,1,3,1331205.327,0,0,0,0,0,6,0,1,69,1,1,37,0,0,76,2,82,0,2,75,0,94,1,0,532,16,1,16001,2776,1089,257,445,145,115,73,32,22,279,436,345,72,221,411,500,19,49,37,11,105,32,98,92,117,72,129,127,129,82,11,22,1,1
301,Idaho,Ada,COMPASS,1,3,391991.5815,0,0,0,0,120,0,526,330,0,0,178,2,0,0,42,2,4,39,92,14,0,0,134,0,63,16,1,16001,553,254,82,103,29,23,15,2,0,87,92,80,11,102,75,93,33,16,29,20,4,27,4,0,8,36,35,9,13,16,20,0,1,1
302,Idaho,Ada,COMPASS,1,3,579750.7746,0,0,0,0,0,0,0,38,0,9,0,0,0,0,34,0,64,6,4,23,0,0,6,0,106,16,1,16001,1143,495,184,184,58,45,12,9,3,227,155,111,78,198,172,201,152,0,0,23,23,33,76,0,19,44,71,130,0,0,0,0,1,1
303,Idaho,Ada,COMPASS,1,3,890451.9608,0,0,0,0,1,11,5,2,82,38,0,0,0,0,8,5,8,0,9,147,0,54,12,0,368,16,1,16001,1805,873,259,251,184,108,44,16,11,130,265,284,27,191,180,335,13,14,85,50,29,42,52,11,40,35,167,154,0,14,0,0,1,1
304,Idaho,Ada,COMPASS,1,3,1056495.942,0,0,0,42,290,261,131,317,758,31,0,2,0,0,2,1,349,4,264,486,15,0,577,1058,3326,16,1,16001,27,0,0,0,0,0,0,0,0,2,1,2,0,1,1,3,1,0,0,0,0,1,0,0,0,0,0,2,0,1,0,0,1,1
305,Idaho,Ada,COMPASS,1,3,725365.9751,0,0,0,0,0,4,2,918,340,1,3,69,0,0,48,6,148,0,17,393,0,50,28,0,800,16,1,16001,1567,644,214,222,103,64,18,15,8,273,186,132,94,130,245,310,54,38,38,0,0,39,48,15,81,62,39,150,29,18,29,45,1,1
306,Idaho,Ada,COMPASS,1,3,510193.0035,0,0,0,6,0,3,0,22,80,1,0,8,0,0,86,0,14,0,2,44,0,50,61,0,364,16,1,16001,897,370,112,150,41,43,17,2,5,116,117,161,15,97,82,230,12,25,32,6,22,36,17,0,0,29,70,14,74,0,46,26,1,1
307,Idaho,Ada,COMPASS,1,3,468504.3376,0,0,0,0,0,1179,194,26,146,63,0,22,54,0,195,0,14,0,210,272,0,108,1,0,885,16,1,16001,2109,1098,465,433,111,54,22,10,3,310,685,207,18,351,621,248,70,38,105,68,70,146,174,108,53,140,230,18,0,0,0,0,1,1
308,Idaho,Ada,COMPASS,1,3,840848.5635,0,0,0,3,0,2,5,0,0,0,2,5,0,0,0,0,18,0,3,27,0,26,5,0,200,16,1,16001,1833,715,188,300,120,70,24,3,10,119,283,373,4,170,221,388,75,42,0,38,15,20,42,43,19,97,69,145,111,13,36,14,1,1
309,Idaho,Ada,COMPASS,1,3,302237.9066,0,0,0,0,0,46,3,14,0,0,0,3,0,0,0,2,60,3,33,42,0,0,10,0,51,16,1,16001,590,263,78,87,51,30,11,5,1,48,86,141,6,7,81,193,0,0,0,7,0,23,0,23,4,31,18,22,22,22,22,87,1,1
310,Idaho,Ada,COMPASS,1,3,696802.0047,0,0,0,0,0,14,3,224,294,23,62,19,0,0,62,5,119,0,2,31,4,82,27,96,681,16,1,16001,1228,586,213,202,74,69,24,4,0,97,225,297,4,120,135,368,6,9,0,0,105,28,15,9,46,37,81,65,109,25,52,36,1,1
311,Idaho,Ada,COMPASS,1,3,871503.0094,0,0,0,0,0,2,46,0,0,207,2,345,0,27,200,0,79,22,0,52,2,0,14,1328,185,16,1,16001,1950,818,251,283,128,117,29,6,4,149,268,440,20,64,269,544,0,0,15,21,28,42,18,49,34,126,86,73,53,59,98,175,1,1
312,Idaho,Ada,COMPASS,1,3,386785.2353,0,0,0,0,0,368,214,702,4,518,8,0,0,92,106,4,26,3,159,15,0,0,14,25,184,16,1,16001,972,409,137,137,54,74,4,0,3,125,191,117,6,86,140,213,34,11,10,0,31,68,14,0,0,58,0,14,12,45,58,84,1,1
313,Idaho,Ada,COMPASS,1,3,256640.7025,0,0,0,0,87,237,132,128,0,129,2,52,0,0,33,48,20,56,58,9,30,0,56,0,133,16,1,16001,663,313,112,104,48,27,19,1,2,89,159,89,9,60,92,194,19,4,5,18,14,45,7,4,0,36,10,43,14,34,35,58,1,1
314,Idaho,Ada,COMPASS,1,3,367738.8919,0,0,0,0,0,2,4,0,30,1,6,20,42,0,4,8,41,0,1,28,4,196,22,0,478,16,1,16001,1044,434,199,138,47,36,9,3,2,110,245,124,21,91,96,313,14,17,5,55,0,38,17,7,3,31,30,110,29,38,32,74,1,1
315,Idaho,Ada,COMPASS,1,3,542869.3285,0,0,0,0,0,1,0,0,238,6,12,3,0,0,56,0,48,0,0,148,0,15,12,0,517,16,1,16001,1759,893,383,270,99,96,34,7,4,214,475,238,42,316,306,347,41,90,84,28,73,28,92,19,37,130,43,75,65,21,46,97,1,1
316,Idaho,Ada,COMPASS,1,3,309184.298,0,0,0,0,0,10,0,4,28,3,2,6,52,0,171,8,18,0,33,16,8,120,29,0,548,16,1,16001,736,345,107,130,39,54,10,4,1,93,178,96,11,53,64,261,4,0,0,28,21,22,0,16,0,26,41,80,11,45,20,64,1,1
317,Idaho,Ada,COMPASS,1,3,284625.2178,0,0,0,0,0,12,0,2,0,0,10,0,0,0,0,2,16,0,26,3,0,0,6,0,183,16,1,16001,635,286,83,100,28,56,15,4,0,89,137,84,3,42,47,224,0,0,0,0,42,0,0,24,0,23,51,48,0,45,15,65,1,1
318,Idaho,Ada,COMPASS,1,3,401960.8071,0,0,0,0,0,0,8,0,0,0,22,2,0,0,30,0,31,0,2,68,2,38,4,0,228,16,1,16001,937,426,129,143,50,88,14,2,0,75,137,224,10,63,149,234,0,0,18,9,36,0,24,8,33,84,67,41,15,21,74,16,1,1
319,Idaho,Ada,COMPASS,1,3,152531.5761,0,0,0,0,0,0,14,0,0,27,3,2,46,0,27,1,12,0,0,42,0,38,5,0,170,16,1,16001,328,163,80,42,25,10,2,1,3,31,63,70,10,15,31,128,10,0,0,0,5,17,0,3,11,0,32,32,19,14,24,7,1,1
320,Idaho,Ada,COMPASS,1,3,409648.4394,0,0,0,0,0,4,1,0,78,236,0,128,220,0,8,1,74,0,0,256,0,48,51,0,602,16,1,16001,878,419,152,129,61,56,14,6,1,87,176,181,28,48,82,342,28,1,9,0,10,43,3,8,28,0,84,84,52,35,60,27,1,1
321,Idaho,Ada,COMPASS,1,3,832150.9691,0,0,0,0,0,1,2,1,63,1,0,52,0,0,105,9,12,0,18,1,0,8,10,141,474,16,1,16001,1305,602,231,226,79,36,18,4,8,118,240,252,38,217,171,260,71,60,45,30,11,24,21,23,43,60,73,112,36,1,26,12,1,1
322,Idaho,Ada,COMPASS,1,3,801172.8905,0,0,0,0,0,33,0,0,34,3,0,0,0,0,0,1,2,0,6,6,0,48,2,88,1222,16,1,16001,655,296,129,90,31,27,9,8,2,61,126,138,20,104,137,104,0,55,0,49,0,25,45,0,11,56,0,15,17,0,55,17,1,1
323,Idaho,Ada,COMPASS,1,3,18210098.53,0,0,0,0,0,5,1,0,48,6,4,102,0,0,45,1,84,2,4,18,0,28,148,0,596,16,1,16001,2803,849,165,283,159,158,48,20,16,293,370,365,101,43,313,773,7,6,15,11,4,54,38,43,32,146,200,208,65,105,75,120,1,1
324,Idaho,Ada,COMPASS,1,3,13052501.36,0,0,0,0,0,5,0,2,66,0,14,58,0,0,56,1,80,2,3,35,10,12,43,0,364,16,1,16001,3635,1010,106,367,166,228,104,32,7,358,359,471,105,171,34,1088,171,0,0,0,0,0,0,0,18,16,137,120,166,139,168,358,1,1
325,Idaho,Ada,COMPASS,1,3,18086956.32,0,0,0,0,0,92,0,18,0,14,0,9,110,0,177,2,6,0,4,6,8,0,9,0,75,16,1,16001,553,179,11,55,46,53,12,1,1,50,88,58,5,29,19,153,20,0,0,0,9,1,1,0,6,11,24,28,26,19,21,35,1,1
326,Idaho,Ada,COMPASS,1,3,11179387.11,0,0,2,0,0,124,0,0,8,9,35,2,96,0,8,8,20,30,12,5,2,32,5,0,249,16,1,16001,1573,588,109,313,73,57,25,11,0,167,308,189,16,62,107,511,16,0,29,0,17,0,18,0,19,70,114,88,51,63,13,182,1,1
327,Idaho,Ada,COMPASS,1,3,4465288.596,0,0,0,0,0,46,0,82,96,48,430,42,74,0,110,33,104,2,90,20,0,75,64,69,1003,16,1,16001,1720,609,108,249,84,108,32,24,4,165,304,186,17,106,59,507,72,0,0,0,34,0,0,0,21,38,78,90,89,61,72,117,1,1
328,Idaho,Ada,COMPASS,1,3,5809940.757,0,0,0,0,0,1,0,0,0,24,17,188,0,0,2,2,43,0,1,26,6,6,46,2,265,16,1,16001,2171,859,160,339,137,173,43,3,4,235,394,249,23,64,212,625,27,0,0,10,27,0,33,34,7,138,57,60,49,61,95,303,1,1
329,Idaho,Ada,COMPASS,1,3,11899509.29,0,0,0,0,0,9,3,0,18,15,27,3,0,0,0,0,15,9,0,53,0,0,56,0,270,16,1,16001,2194,875,250,334,111,116,42,17,5,371,352,262,24,160,172,677,43,27,27,42,21,34,71,18,19,30,82,159,86,37,113,200,1,1
330,Idaho,Ada,COMPASS,1,3,6797553.95,0,0,0,0,0,74,2,16,0,40,0,30,0,0,123,8,32,2,8,1,0,0,4,0,22,16,1,16001,16,127,22,44,24,22,9,5,1,4,3,3,0,2,2,6,1,0,0,0,1,0,1,0,0,1,0,2,0,0,1,3,1,1
331,Idaho,Ada,COMPASS,1,3,8823828.19,0,0,0,0,0,2,2568,0,0,1,0,14,42,0,0,1,38,0,3,3,0,28,20,718,94,16,1,16001,1578,488,62,218,90,78,30,10,0,121,250,214,15,37,48,515,9,2,17,3,6,0,2,11,14,21,52,52,138,66,108,99,1,1
332,Idaho,Ada,COMPASS,1,3,651030.5052,0,0,0,0,24,50,0,108,304,0,2,348,0,0,0,15,8,0,214,249,6,266,127,0,1730,16,1,16001,919,367,107,132,78,24,14,4,8,85,142,136,14,122,159,96,11,12,42,0,57,36,0,24,39,60,18,46,11,21,0,0,1,1
333,Idaho,Ada,COMPASS,1,3,830738.213,0,0,0,0,0,0,0,0,654,261,290,666,0,0,118,2,125,19,6,300,22,212,277,1197,1910,16,1,16001,1267,516,166,186,82,42,31,3,6,158,216,125,45,62,150,332,13,15,0,0,34,27,68,12,20,23,66,189,45,11,12,9,1,1
334,Idaho,Ada,COMPASS,1,3,248953.1922,0,0,0,0,0,0,0,15,478,0,0,2,0,0,0,0,34,3,8,27,0,218,30,0,1426,16,1,16001,23,58,8,25,13,5,4,1,2,2,3,4,0,1,2,6,0,0,0,1,0,0,1,0,0,1,1,3,1,0,1,0,1,1
335,Idaho,Ada,COMPASS,1,3,556164.7352,0,0,0,0,0,2,19,22,44,3,14,55,0,0,20,7,46,176,8,236,18,154,19,112,947,16,1,16001,575,335,139,120,42,21,9,2,2,141,112,70,22,120,94,131,31,28,29,29,3,17,14,12,28,23,22,54,30,9,7,9,1,1
336,Idaho,Ada,COMPASS,1,3,583820.9535,0,0,0,4,0,131,58,60,212,5,0,55,0,0,40,0,799,0,132,26,44,28,388,0,1970,16,1,16001,122,11,0,4,4,1,0,1,1,7,10,7,1,9,8,8,5,1,1,2,0,3,1,0,1,3,1,3,1,0,3,0,1,1
337,Idaho,Ada,COMPASS,1,3,1119375.819,0,0,0,0,0,30,8,39,0,8,0,100,0,0,0,4,62,6,21,474,0,0,50,0,54,16,1,16001,32,10,1,8,0,1,0,0,0,4,4,5,1,0,3,11,0,0,0,0,0,1,0,2,0,0,1,3,4,1,1,1,1,1
338,Idaho,Ada,COMPASS,1,3,81457946.58,0,0,0,0,0,0,2,0,32,0,2,2,0,0,0,0,10,0,0,20,0,0,3,0,66,16,1,16001,1165,318,32,97,55,105,17,6,6,95,180,115,19,27,22,360,22,0,0,5,0,3,0,1,14,4,32,72,33,27,65,131,1,1
339,Idaho,Ada,COMPASS,1,3,37120944.44,0,0,0,0,0,10,42,0,0,27,0,0,0,0,14,60,270,0,0,0,0,0,40,0,0,16,1,16001,23,1,0,0,0,0,1,0,0,2,3,3,0,0,0,8,0,0,0,0,0,0,0,0,0,0,2,0,1,0,3,2,1,1
340,Idaho,Ada,COMPASS,1,3,19844100.37,0,0,0,0,0,32,0,0,0,0,0,114,0,0,0,3,110,8,9,27,0,0,26,0,0,16,1,16001,5,6,0,3,2,1,0,0,0,1,0,1,0,0,0,2,0,0,0,0,0,0,0,0,0,0,1,0,0,1,0,0,1,1
341,Idaho,Ada,COMPASS,1,3,28471344.45,0,0,0,0,0,1,0,0,24,0,2,0,0,0,72,0,57,0,0,29,8,0,59,0,213,16,1,16001,3393,741,79,378,113,89,45,28,9,349,354,464,103,86,204,980,63,23,0,0,0,11,43,21,29,100,135,194,121,179,131,220,1,1
342,Idaho,Ada,COMPASS,1,3,71160063.66,0,0,0,0,0,4,1,2,0,20,0,60,26,0,0,1,44,0,2,28,74,0,33,0,185,16,1,16001,509,151,16,66,9,40,16,3,1,33,67,47,34,46,12,123,14,32,0,0,0,0,5,7,0,0,6,32,39,0,8,38,1,1
343,Idaho,Ada,COMPASS,1,3,73722659.45,0,0,15,14,0,15,1,0,0,11,2,11,0,0,63,0,45,45,21,82,0,4,34,3,320,16,1,16001,1785,525,61,238,98,61,34,27,6,152,240,189,47,76,149,403,19,40,0,17,0,0,5,9,7,128,8,123,80,21,37,134,1,1
344,Idaho,Ada,COMPASS,1,3,34866434.02,0,0,14,0,0,7,0,2,0,5,30,13,0,0,264,7,69,9,4,152,8,33,17,0,408,16,1,16001,2776,525,40,228,94,72,60,11,20,186,379,262,190,155,163,699,0,0,0,155,0,0,39,0,0,124,60,80,151,0,239,169,1,1
345,Idaho,Ada,COMPASS,1,3,9918848.358,0,0,3,0,5,39,5,2,156,2,37,31,0,0,213,1,165,6,27,253,0,84,51,144,1289,16,1,16001,9712,2817,374,1084,443,474,254,131,57,656,1204,1257,380,382,1129,1986,143,18,56,106,59,215,103,156,174,481,340,735,415,14,362,120,1,1
346,Idaho,Ada,COMPASS,1,3,11652091.65,0,0,0,0,9,1,2,0,3,15,32,45,0,0,140,0,167,0,9,16,0,0,4,0,638,16,1,16001,6438,1416,155,609,230,245,105,50,22,673,933,799,26,455,580,1396,347,0,0,20,88,42,67,0,77,394,97,266,276,280,278,199,1,1
347,Idaho,Ada,COMPASS,1,3,7855055.921,0,0,2,0,0,33,4,14,63,2,30,47,102,0,314,3,86,56,4,183,0,45,30,9,1036,16,1,16001,4000,1202,119,465,173,246,95,57,47,490,423,404,77,131,339,924,108,0,0,23,0,61,22,17,95,144,79,69,188,109,126,353,1,1
348,Idaho,Ada,COMPASS,1,3,4243690.323,0,0,10,0,0,2,4,5,2,0,0,6,0,0,56,16,60,0,6,50,0,0,28,0,30,16,1,16001,302,116,29,51,11,10,9,5,1,43,38,32,9,22,9,91,13,0,6,3,0,2,0,2,3,2,6,13,11,13,14,34,1,1
349,Idaho,Ada,COMPASS,1,3,3236907.411,0,0,10,0,0,6,2,15,3,12,0,0,0,0,200,6,148,0,48,148,0,0,46,0,355,16,1,16001,629,60,9,25,11,9,3,2,1,55,76,101,16,32,29,187,24,0,0,5,3,0,11,18,0,0,2,101,27,10,25,22,1,1
350,Idaho,Ada,COMPASS,1,3,3228766.283,0,0,0,0,0,2,22,36,10,0,30,152,96,0,118,57,17,0,0,44,0,0,34,58,192,16,1,16001,977,291,19,114,30,60,39,16,13,96,86,134,11,0,68,259,0,0,0,0,0,18,0,0,12,38,21,25,81,40,7,85,1,1
351,Idaho,Ada,COMPASS,1,3,3204988.499,0,0,8,0,4,22,4,3,128,15,0,83,49,0,30,2,86,10,12,417,0,140,40,0,1162,16,1,16001,2281,882,221,312,120,128,51,29,21,350,302,203,69,173,265,486,78,30,11,54,0,49,68,45,23,80,184,164,25,34,60,19,1,1
352,Idaho,Ada,COMPASS,1,3,2645859.422,0,0,0,0,32,4,6,0,10,0,0,5,0,0,0,0,165,0,3,19,0,0,0,0,204,16,1,16001,1640,486,34,170,99,103,49,26,5,119,140,216,44,34,47,438,14,20,0,0,0,11,27,9,0,0,75,5,70,98,110,80,1,1
353,Idaho,Ada,COMPASS,1,3,1491088.191,0,0,0,0,0,4,0,2,0,0,8,10,0,0,86,2,56,0,0,25,33,0,23,0,247,16,1,16001,2489,910,205,309,155,163,53,15,10,260,364,260,91,62,339,574,47,15,0,0,0,45,41,27,176,50,73,78,128,96,67,132,1,1
354,Idaho,Ada,COMPASS,1,3,777317.0367,0,0,0,0,2,34,0,3,58,86,0,105,19,0,38,10,151,0,22,197,44,176,37,147,1159,16,1,16001,943,375,128,116,66,42,11,7,5,172,138,134,2,162,103,181,15,21,91,11,24,21,32,0,38,12,69,65,0,0,20,27,1,1
355,Idaho,Ada,COMPASS,1,3,1513445.015,0,0,0,0,0,1,0,0,0,26,4,18,9,0,6,0,36,0,0,36,2,0,4,0,116,16,1,16001,1781,623,130,240,70,99,50,23,11,187,261,188,65,44,251,406,0,0,11,33,0,105,7,28,12,99,111,120,29,29,75,42,1,1
356,Idaho,Ada,COMPASS,1,3,858901.227,0,0,0,8,0,124,12,62,644,4,2,205,0,0,104,20,354,99,15,982,38,416,149,130,3645,16,1,16001,850,394,188,141,20,23,10,9,3,174,138,136,2,157,101,192,19,20,84,13,21,19,32,5,35,10,64,63,16,3,19,27,1,1
357,Idaho,Ada,COMPASS,1,3,2597148.456,0,0,0,0,0,76,146,60,26,56,37,473,46,0,94,48,600,78,35,767,27,412,66,66,3026,16,1,16001,845,437,164,187,32,30,18,4,2,214,172,167,4,164,96,297,150,0,14,0,0,0,12,47,0,37,58,71,61,0,39,68,1,1
358,Idaho,Ada,COMPASS,1,3,2418707.01,0,0,0,0,0,2,0,0,0,0,0,14,26,0,94,1,30,30,1,15,110,12,14,0,228,16,1,16001,1188,362,30,201,61,40,17,10,3,173,138,135,3,132,79,238,120,0,12,0,0,0,10,38,0,31,47,55,49,0,33,54,1,1
359,Idaho,Ada,COMPASS,1,3,1537199.099,0,0,0,0,0,12,124,68,21,0,3,66,30,0,27,19,9,0,195,40,0,105,109,0,724,16,1,16001,119,15,1,4,1,8,0,0,1,16,14,12,3,8,4,33,5,0,3,0,0,1,0,1,1,1,2,5,3,5,6,12,1,1
360,Idaho,Ada,COMPASS,1,3,3813194.401,0,0,0,0,0,2,0,12,8,102,7,7,0,0,26,1,99,0,0,24,0,0,27,0,145,16,1,16001,1748,608,67,295,89,92,39,19,7,234,212,178,51,116,56,503,72,0,31,13,0,14,0,13,13,16,29,69,68,69,78,190,1,1
361,Idaho,Ada,COMPASS,1,3,4681244.5,0,0,0,4,0,0,30,4,0,6,0,28,0,0,2,9,146,42,1,21,2,0,4,0,224,16,1,16001,1161,115,11,53,15,16,11,5,4,174,238,202,8,24,214,384,0,0,0,24,0,0,0,0,12,202,0,126,48,32,41,137,1,1
362,Idaho,Ada,COMPASS,1,3,2053334.752,0,0,0,6,0,4,5,4,36,0,3,10,0,0,0,2,13,0,8,88,0,80,9,0,548,16,1,16001,1358,493,98,200,57,77,35,8,18,235,125,147,39,77,106,363,31,46,0,0,0,9,42,0,0,55,122,108,98,0,0,35,1,1
363,Idaho,Ada,COMPASS,1,3,3086959.646,0,0,10,0,0,2,9,4,0,0,0,3,0,0,68,4,30,0,16,182,0,0,8,0,21,16,1,16001,66,24,3,10,4,2,3,2,0,7,8,9,0,3,2,19,1,0,0,2,0,0,0,0,1,1,2,1,2,6,3,5,1,1
364,Idaho,Ada,COMPASS,1,3,8632107.134,0,0,2,0,144,3,1,1,0,1,346,36,26,0,776,2,63,51,1,199,126,24,145,0,645,16,1,16001,2487,692,82,339,100,90,45,23,13,292,300,367,25,123,60,801,58,0,0,65,0,0,0,0,40,20,96,20,70,289,105,221,1,1
365,Idaho,Ada,COMPASS,1,3,7017931.057,0,0,0,0,0,2,1,0,254,21,207,54,0,0,32,1,66,38,1,370,176,606,199,0,2623,16,1,16001,4128,1382,174,635,185,177,113,58,40,418,611,492,0,61,175,1285,23,0,0,0,38,51,42,0,0,82,82,46,278,79,98,702,1,1
366,Idaho,Ada,COMPASS,1,3,1818289.25,0,0,0,0,0,33,0,27,50,3,170,206,0,0,76,10,37,7,15,140,106,111,29,7,1061,16,1,16001,926,256,40,128,32,31,16,5,4,153,123,76,23,8,11,356,0,0,0,8,0,0,0,11,0,0,31,0,62,47,42,174,1,1
367,Idaho,Ada,COMPASS,1,3,2632659.243,0,0,0,0,0,11,0,2,452,1,4,84,28,0,189,5,65,6,16,465,0,195,48,0,1462,16,1,16001,4376,1500,219,592,240,272,87,67,23,533,394,574,121,192,367,1063,65,0,41,59,27,23,33,40,30,241,104,375,129,332,83,40,1,1
368,Idaho,Ada,COMPASS,1,3,2633259.659,0,0,9,0,0,2,0,0,66,0,4,10,80,0,58,2,56,4,1,177,0,24,50,0,542,16,1,16001,5612,1645,211,465,342,341,179,75,32,379,397,927,117,90,310,1420,0,0,71,0,19,14,60,62,0,174,209,454,123,301,333,0,1,1
369,Idaho,Ada,COMPASS,1,3,2594847.079,0,0,0,0,9,4,3,8,15,0,4,40,36,0,249,9,40,0,0,122,0,6,26,0,371,16,1,16001,661,107,19,33,17,27,4,3,4,85,138,16,0,99,90,50,13,0,36,26,24,0,25,15,50,0,32,13,5,0,0,0,1,1
370,Idaho,Ada,COMPASS,1,3,2789558.125,0,0,0,0,0,60,2,4,0,9,0,0,183,0,54,4,18,0,57,26,0,9,22,0,221,16,1,16001,1967,567,82,192,105,105,50,20,13,61,257,436,0,28,55,671,0,28,0,0,0,27,0,0,0,28,22,178,332,0,139,0,1,1
371,Idaho,Ada,COMPASS,1,3,2652753.363,0,0,0,0,0,60,2,4,3,9,0,0,183,0,54,4,63,0,2,16,0,0,3,0,215,16,1,16001,58,124,32,48,5,19,10,5,5,2,8,13,0,1,1,21,0,1,0,0,0,1,0,0,0,0,1,6,10,0,4,0,1,1
372,Idaho,Ada,COMPASS,1,3,2516039.713,0,0,0,0,4,39,9,8,0,0,0,3,28,0,0,0,258,0,27,48,0,0,8,0,67,16,1,16001,1688,22,3,14,4,1,0,0,0,50,191,323,0,18,37,509,0,18,0,0,0,19,0,0,0,18,19,134,250,0,106,0,1,1
373,Idaho,Ada,COMPASS,1,3,2381178.265,0,0,0,0,4,39,9,8,0,0,0,3,28,0,0,0,14,0,27,48,0,0,8,0,4,16,1,16001,4214,11,0,4,3,0,0,4,0,131,583,961,0,72,114,1489,0,72,0,0,0,57,0,0,0,57,57,387,730,0,315,0,1,1
374,Idaho,Ada,COMPASS,1,3,3187453.636,0,0,0,0,0,2,0,8,16,12,6,62,0,0,3,0,59,0,1,600,0,0,18,0,292,16,1,16001,1717,480,59,171,88,97,43,12,10,58,218,374,1,4,193,454,0,0,4,0,0,45,0,131,0,17,94,264,0,0,92,4,1,1
375,Idaho,Ada,COMPASS,1,3,2623924.596,0,0,0,0,0,8,1,4,21,9,3,17,0,0,74,3,120,0,5,50,40,0,10,0,468,16,1,16001,3992,1632,319,755,202,181,95,50,30,710,467,262,0,168,702,569,8,70,22,41,27,323,46,9,202,122,72,466,31,0,0,0,1,1
376,Idaho,Ada,COMPASS,1,3,815556.0903,0,0,0,0,0,12,0,0,69,23,0,283,6,0,0,0,10,0,23,121,0,2,0,0,173,16,1,16001,2535,613,79,237,122,99,47,24,5,146,332,402,128,79,338,591,0,0,79,0,0,102,0,113,123,0,212,213,107,59,0,0,1,1
377,Idaho,Ada,COMPASS,1,3,1820765.376,0,0,0,0,0,52,1,15,10,10,86,37,0,0,96,32,37,0,10,198,0,52,383,0,370,16,1,16001,2625,1423,232,546,260,227,107,39,12,174,390,472,151,110,272,805,31,0,40,0,39,94,0,158,0,20,157,157,247,113,131,0,1,1
378,Idaho,Ada,COMPASS,1,3,1183024.612,0,0,0,0,16,19,4,12,6,12,278,79,0,0,74,75,49,9,2,475,0,0,6,0,480,16,1,16001,3842,961,271,350,150,110,47,16,17,239,504,664,135,390,404,748,13,126,53,110,88,59,126,19,30,170,472,63,79,45,89,0,1,1
379,Idaho,Ada,COMPASS,1,3,1224677.211,0,0,0,0,0,280,35,408,417,570,0,468,48,0,33,181,164,19,105,589,39,230,362,0,1730,16,1,16001,3287,1112,344,384,172,131,49,19,13,503,596,471,94,550,565,549,141,198,133,54,24,87,149,70,3,256,128,81,123,97,2,118,1,1
380,Idaho,Ada,COMPASS,1,3,2575901.875,0,0,0,0,0,56,34,191,618,3,0,263,0,0,44,17,153,0,8,731,0,332,51,0,2208,16,1,16001,139,1343,306,488,210,199,78,44,18,9,31,17,5,9,7,46,4,0,2,3,0,1,2,0,4,0,8,14,9,2,3,10,1,1
381,Idaho,Ada,COMPASS,1,3,1499372.32,0,0,0,0,0,12,16,20,1288,7,2,71,0,0,16,5,24,28,6,2,4,70,88,0,3548,16,1,16001,207,268,51,118,72,21,2,0,4,28,31,46,3,88,12,8,0,23,25,40,0,0,0,0,0,12,0,0,0,8,0,0,1,1
382,Idaho,Ada,COMPASS,1,3,616513.6322,0,0,0,0,0,205,41,10,9,0,2,20,134,0,50,1,159,0,87,457,16,72,686,0,1684,16,1,16001,1907,60,20,11,12,17,0,0,0,235,259,387,24,740,94,71,0,188,212,340,0,0,0,0,0,94,0,0,0,71,0,0,1,1
383,Idaho,Ada,COMPASS,1,3,175110.8804,0,0,0,0,0,6,2,4,81,2,0,184,15,0,255,0,58,0,1,24,0,62,184,0,420,16,1,16001,1269,100,25,40,12,14,6,2,1,48,203,179,36,131,120,215,24,12,60,23,12,24,12,24,0,60,96,71,36,0,0,12,1,1
384,Idaho,Ada,COMPASS,1,3,1085835.842,0,0,0,0,0,0,0,0,357,0,6,47,0,0,27,0,30,5,1,64,8,498,6,143,3247,16,1,16001,1581,734,278,260,80,62,41,11,2,82,315,273,66,179,220,337,40,19,75,32,13,59,14,50,0,97,136,131,41,8,0,21,1,1
385,Idaho,Ada,COMPASS,1,3,679701.1999,0,0,0,0,0,5,39,21,15,2,14,22,0,0,288,4,3,0,18,278,0,0,16,0,511,16,1,16001,3158,442,97,155,95,47,17,16,15,333,493,327,30,260,121,802,0,0,91,148,21,0,0,35,40,46,118,319,180,37,30,118,1,1
386,Idaho,Ada,COMPASS,1,3,547369.4876,0,0,0,0,0,6,0,0,42,0,3,2,90,0,0,3,4,2,4,164,0,0,18,0,358,16,1,16001,3402,681,207,233,115,64,35,17,10,295,442,292,29,407,514,137,129,82,74,122,0,26,29,23,185,251,78,18,34,7,0,0,1,1
387,Idaho,Ada,COMPASS,1,3,1815430.232,0,0,0,0,0,7,1,3,72,1,1,32,0,0,147,0,2,1,1,68,0,82,4,0,848,16,1,16001,1248,1141,214,399,228,166,77,39,18,102,172,344,85,78,228,397,58,13,0,0,7,51,32,49,48,48,63,85,175,24,27,23,1,1
388,Idaho,Ada,COMPASS,1,3,1788655.84,0,0,0,0,0,302,24,22,304,31,6,42,0,0,0,13,435,4,267,42,0,124,25,0,727,16,1,16001,340,983,114,318,152,202,115,57,25,7,14,36,11,3,17,48,1,1,0,0,1,3,0,5,6,3,10,15,14,7,2,0,1,1
389,Idaho,Ada,COMPASS,1,3,815021.9799,0,0,0,0,0,6,16,360,0,0,0,26,0,0,0,2,265,861,21,48,0,0,265,212,264,16,1,16001,911,332,107,113,41,43,18,5,5,33,68,173,51,59,130,136,33,0,2,0,24,35,0,28,27,40,46,16,31,17,26,0,1,1
390,Idaho,Ada,COMPASS,1,3,791202.717,0,0,0,0,0,40,381,366,27,63,44,32,45,0,0,16,544,0,1258,255,0,0,44,76,1575,16,1,16001,2186,2,0,1,0,1,0,0,0,120,205,410,99,35,88,711,35,0,0,0,0,0,0,42,11,35,92,116,362,14,81,46,1,1
391,Idaho,Ada,COMPASS,1,3,3896862.566,0,0,2,0,0,13,0,36,0,3,256,21,0,0,0,0,3,0,16,2265,0,0,73,0,688,16,1,16001,1983,113,23,40,16,18,7,3,6,267,350,389,50,63,241,752,0,0,20,0,43,43,0,142,6,50,52,288,280,0,40,92,1,1
392,Idaho,Ada,COMPASS,1,3,2352270.336,0,0,0,0,0,149,8,19,0,0,32,450,0,0,15,24,40,0,63,225,0,0,22,0,100,16,1,16001,2675,179,14,68,35,34,18,7,3,179,350,404,109,0,0,1042,0,0,0,0,0,0,0,0,0,0,0,871,171,0,0,0,1,1
393,Idaho,Ada,COMPASS,1,3,2025849.448,0,0,0,0,0,6,1,2,26,1,0,0,0,0,0,2,214,0,6,42,58,111,53,0,2743,16,1,16001,1068,482,143,185,47,57,27,12,11,120,159,178,20,22,101,354,0,0,0,0,22,20,0,65,0,16,20,135,137,0,20,42,1,1
394,Idaho,Ada,COMPASS,1,3,1322331.063,0,0,0,0,0,474,45,64,6,12,76,91,1022,0,0,5,1501,0,24,516,4,4,455,0,902,16,1,16001,44,1073,220,414,195,149,56,23,16,2,4,4,1,2,4,5,0,0,1,0,1,0,0,2,0,2,2,2,1,0,0,0,1,1
395,Idaho,Ada,COMPASS,1,3,664293.3338,0,0,0,0,0,653,41,78,3,7,0,6,0,0,0,26,243,0,22,114,0,24,31,6,514,16,1,16001,2237,332,88,107,61,35,27,10,4,174,290,288,44,195,326,275,59,0,59,39,38,31,26,47,16,206,175,17,64,0,19,0,1,1
396,Idaho,Ada,COMPASS,1,3,1917804.178,0,0,0,0,0,1,2,3,1064,0,40,235,0,0,44,1,266,50,2,206,81,528,23,276,6239,16,1,16001,1474,8,4,3,0,1,0,0,0,58,220,192,46,141,139,236,32,10,63,26,10,31,11,25,0,72,100,85,33,0,0,18,1,1
397,Idaho,Ada,COMPASS,1,3,582168.6593,0,0,0,0,0,5,10,169,184,0,0,117,64,0,58,6,0,0,52,632,0,0,88,0,1404,16,1,16001,967,0,0,0,0,0,0,0,0,96,57,147,25,50,166,109,50,0,0,0,0,0,0,81,0,85,0,109,0,0,0,0,1,1
398,Idaho,Ada,COMPASS,1,3,1851725.424,0,0,0,0,0,173,1,9,50,9,0,1148,146,0,22,10,1069,0,66,3157,48,278,129,317,1686,16,1,16001,3550,560,104,208,89,78,44,18,19,308,339,497,34,74,124,980,55,0,0,19,0,0,0,80,21,23,65,215,203,86,27,384,1,1
399,Idaho,Ada,COMPASS,1,3,1266359.308,0,0,4,0,0,27,10,7,42,7,3,96,0,480,3,9,1112,303,52,2160,15,0,64,0,958,16,1,16001,3891,203,46,73,28,25,21,6,4,188,828,313,276,38,476,1091,0,0,38,0,0,0,288,188,0,0,213,0,82,740,56,0,1,1
400,Idaho,Ada,COMPASS,1,3,2639442.641,0,0,0,0,0,14,1,3,338,4,1,307,0,0,0,3,224,19,93,91,15,114,0,0,6445,16,1,16001,3646,894,166,357,137,119,75,22,18,158,706,269,238,10,267,1094,0,0,10,0,0,0,85,55,0,127,135,163,105,217,264,210,1,1
401,Idaho,Ada,COMPASS,1,3,2639127.132,0,0,2,0,0,21,0,4,124,2,5,118,0,50,8,6,177,0,2,518,40,243,35,21,4412,16,1,16001,365,1523,346,621,241,197,64,38,16,33,114,49,5,8,63,130,1,0,0,0,7,9,27,4,13,10,45,20,20,30,8,7,1,1
402,Idaho,Ada,COMPASS,1,3,2513984.875,0,0,0,0,0,14,2,3,219,1,18,16,0,0,129,1,158,0,1,227,52,280,110,0,1691,16,1,16001,3444,1338,214,541,231,215,75,36,26,331,197,501,88,119,214,784,88,0,0,31,0,0,41,50,28,95,17,384,24,146,125,88,1,1
403,Idaho,Ada,COMPASS,1,3,625211.0378,11.71,0.81,20,0,0,66,20,50,370,0,86,2,0,0,0,38,55,0,180,23,364,69,1,0,1431,16,1,16001,798,175,64,75,18,10,6,1,1,23,133,107,27,95,0,195,0,0,0,0,95,0,0,0,0,0,81,39,0,24,25,26,1,1
404,Idaho,Ada,COMPASS,1,3,2582022.772,11.63,2.63,0,0,0,2,60,1,796,1,0,0,0,0,28,0,18,0,0,24,34,46,92,0,1703,16,1,16001,143,1048,121,340,159,221,141,51,15,4,25,20,5,7,5,42,0,0,0,0,7,0,0,3,0,2,8,7,5,7,4,11,1,1
405,Idaho,Ada,COMPASS,1,3,6877024.18,9.42,1.85,0,0,0,333,206,249,10,858,0,3,135,0,108,30,1,4,44,8,0,0,6,0,468,16,1,16001,224,259,25,108,34,50,22,13,7,14,27,32,8,8,5,68,0,0,0,8,0,0,0,0,0,5,0,5,23,26,0,14,1,1
406,Idaho,Ada,COMPASS,1,3,2609584.153,0.02,0,6,0,2,606,154,6,0,0,0,26,0,0,0,58,9,9,140,54,0,0,96,0,12,16,1,16001,4187,23,1,11,7,0,0,4,0,32,797,478,255,309,358,895,0,0,0,81,228,0,81,0,0,277,98,0,244,97,98,358,1,1
407,Idaho,Ada,COMPASS,1,3,2606227.847,0,0,0,0,2,22,154,6,0,0,345,26,0,0,0,58,9,9,140,69,0,0,96,0,18,16,1,16001,6784,156,8,48,12,48,20,17,3,25,1249,724,375,440,563,1370,0,0,0,122,318,0,123,0,0,440,147,0,367,171,147,538,1,1
408,Idaho,Ada,COMPASS,1,3,2612061.482,0,0,0,0,2,0,154,6,0,0,0,26,0,0,0,58,40,9,7,364,0,0,96,0,24,16,1,16001,2250,39,8,9,2,10,7,1,2,137,289,329,96,85,43,723,0,0,0,85,0,0,0,0,0,43,0,56,242,269,0,156,1,1
409,Idaho,Ada,COMPASS,1,3,2596091.094,0,0,0,0,2,606,154,14,0,0,0,26,0,0,0,58,9,9,140,54,0,0,96,0,9,16,1,16001,4715,48,9,24,3,6,5,1,0,247,518,567,148,143,96,1241,0,0,0,143,0,0,0,0,0,96,0,95,406,477,0,263,1,1
410,Idaho,Ada,COMPASS,1,3,2609134.857,0,0,30,0,2,606,154,6,0,0,0,26,0,0,0,58,62,9,140,10,0,0,96,0,46,16,1,16001,507,39,4,22,2,5,2,4,0,25,49,60,15,14,10,125,0,0,0,14,0,0,0,0,0,10,0,10,43,46,0,26,1,1
411,Idaho,Ada,COMPASS,1,3,2601196.265,0,0,0,0,2,606,154,6,0,0,0,26,0,0,0,58,9,9,140,54,0,0,96,0,9,16,1,16001,115,46,0,18,8,8,10,0,2,6,13,14,3,4,2,30,0,0,0,4,0,0,0,0,0,2,0,2,11,11,0,6,1,1
412,Idaho,Ada,COMPASS,1,3,2616468.041,0,0,8,0,0,117,194,44,0,16,0,38,0,0,45,32,28,0,291,98,0,0,50,0,19,16,1,16001,596,41,6,7,8,7,3,8,2,31,63,71,22,19,9,159,0,0,0,19,0,0,0,0,0,9,0,13,53,59,0,34,1,1
413,Idaho,Ada,COMPASS,1,3,2519604.98,0.07,0.02,0,0,0,7,1,0,3,0,1,3,0,0,16,3,22,14,6,13,0,0,4,0,289,16,1,16001,165,1293,231,402,216,203,142,77,22,3,38,16,6,0,22,41,0,0,0,0,0,0,0,17,2,3,7,12,7,6,6,3,1,1
414,Idaho,Ada,COMPASS,1,3,5238488.529,0,0,0,0,6,0,0,0,30,0,0,2,34,0,201,0,4,0,1,25,28,26,25,0,730,16,1,16001,186,1797,198,547,326,398,213,82,33,7,21,30,5,5,14,44,0,0,4,1,0,0,1,3,0,10,8,8,5,7,8,8,1,1
415,Idaho,Ada,COMPASS,1,3,2618106.13,0.03,0.01,4,0,0,2,0,0,0,2,46,26,124,0,60,4,30,0,21,15,0,3,2,0,499,16,1,16001,496,466,93,169,104,57,24,12,7,14,79,64,16,26,50,97,26,0,0,0,0,10,0,0,0,40,48,22,9,0,8,10,1,1
416,Idaho,Ada,COMPASS,1,3,2625446.313,0,0,0,0,0,4,6,1,14,0,1,5,0,0,170,0,3,0,2,13,3,10,21,0,438,16,1,16001,692,1400,144,378,236,365,159,82,36,44,84,97,14,30,15,194,21,0,0,9,0,0,6,0,1,8,17,46,21,13,38,59,1,1
417,Idaho,Ada,COMPASS,1,3,2607653.319,0,0,0,0,0,74,3,0,14,0,0,21,8,0,44,9,820,32,12,388,0,2,12,0,209,16,1,16001,1257,51,9,25,3,3,7,2,2,81,171,195,49,49,32,415,0,0,0,49,0,0,0,0,0,32,0,33,138,155,0,89,1,1
418,Idaho,Ada,COMPASS,1,3,2614024.399,0,0,0,0,0,8,46,30,0,0,0,0,22,0,84,6,0,76,10,8,0,0,26,0,136,16,1,16001,701,30,7,11,4,6,2,0,0,19,116,93,23,39,72,140,39,0,0,0,0,14,0,0,0,58,71,31,12,0,12,14,1,1
419,Idaho,Ada,COMPASS,1,3,2538635.995,0,0,0,0,0,16,0,6,0,4,0,27,28,0,0,2,123,0,21,134,0,0,15,4,188,16,1,16001,2436,48,12,24,2,6,2,0,2,46,532,223,92,0,152,741,0,0,0,0,0,0,0,0,0,152,0,448,0,39,0,254,1,1
420,Idaho,Ada,COMPASS,1,3,2622318.048,0,0,0,0,2,4,0,3,0,9,2,39,0,0,80,15,86,0,22,78,0,0,2,0,82,16,1,16001,4305,16,6,6,3,1,0,0,0,184,635,470,82,0,62,1309,0,0,0,0,0,0,0,0,0,62,0,374,416,0,83,436,1,1
421,Idaho,Ada,COMPASS,1,3,2586511.366,0,0,30,0,0,30,0,0,10,2,0,2,40,0,0,8,180,0,0,10,10,0,36,0,200,16,1,16001,3937,59,5,34,12,5,2,0,1,27,655,402,214,254,295,749,0,0,0,67,187,0,67,0,0,228,80,0,201,80,80,308,1,1
422,Idaho,Ada,COMPASS,1,3,2598487.004,0,0,0,0,0,0,0,0,0,21,0,0,0,0,0,0,46,0,9,16,0,0,4,0,21,16,1,16001,264,85,8,26,21,10,7,4,9,1,56,32,17,20,25,61,0,0,0,6,14,0,6,0,0,19,6,0,17,7,6,25,1,1
423,Idaho,Ada,COMPASS,1,3,2288262.351,0,0,0,0,3,2,20,0,3,0,0,262,0,0,8,20,131,0,0,57,0,0,4,0,54,16,1,16001,98,226,34,77,38,35,9,17,16,8,14,8,3,10,2,21,5,0,3,2,0,0,2,0,0,0,4,4,7,2,2,2,1,1
424,Idaho,Ada,COMPASS,1,3,36470946.58,0,0,48,13,1,21,4,723,28,70,0,0,0,0,6,3,0,0,43,0,45,22,57,163,2653,16,1,16001,1507,327,78,133,39,49,13,11,4,131,222,138,57,148,52,348,66,3,43,32,4,3,26,3,10,10,69,66,105,39,39,30,1,1
425,Idaho,Ada,COMPASS,1,3,15684658.67,0,0,6,0,0,2,21,2,0,4,0,33,0,0,0,0,199,0,4,33,0,0,66,0,200,16,1,16001,2660,222,35,66,38,36,31,9,7,117,418,296,43,28,135,711,0,28,0,0,0,107,0,0,0,28,30,198,229,0,46,208,1,1
426,Idaho,Ada,COMPASS,1,3,7688608.008,0,0,2,0,0,39,2,0,32,2,0,8,0,0,87,2,211,0,3,42,0,0,60,0,478,16,1,16001,1971,273,38,107,38,38,24,19,9,88,312,218,35,25,115,513,0,25,0,0,0,98,0,0,0,17,29,143,165,0,32,144,1,1
427,Idaho,Ada,COMPASS,1,3,2601906.59,0,0,0,0,0,10,0,0,42,0,3,1,30,0,108,1,43,0,1,15,6,46,2,0,365,16,1,16001,395,1004,105,323,164,168,122,67,55,9,71,68,5,50,33,70,0,29,15,6,0,16,0,0,0,17,12,11,12,7,20,8,1,1
428,Idaho,Ada,COMPASS,1,3,7838642.665,0,0,0,0,0,6,18,1,0,3,0,4,0,90,0,0,24,0,1,32,0,0,21,0,247,16,1,16001,1610,1057,138,275,199,203,134,78,30,11,253,163,77,9,154,341,0,1,0,2,6,0,33,5,36,80,108,111,51,4,31,36,1,1
429,Idaho,Ada,COMPASS,1,3,7819339.514,0,0,8,0,0,4,4,0,0,0,0,3,0,0,0,0,0,3,0,45,0,0,0,0,231,16,1,16001,994,104,16,56,11,8,9,2,2,33,86,155,12,22,20,244,0,10,0,3,9,0,5,0,1,14,39,48,41,9,5,102,1,1
430,Idaho,Ada,COMPASS,1,3,2557468.831,0,0,0,0,0,28,4,0,0,34,0,16,0,0,57,2,105,0,3,27,0,0,24,0,326,16,1,16001,2787,18,0,11,1,4,2,0,0,124,429,305,41,0,41,858,0,0,0,0,0,0,0,0,0,41,0,236,276,0,69,277,1,1
431,Idaho,Ada,COMPASS,1,3,1166712.685,0,0,0,0,7,4,0,4,69,1,15,1,34,0,0,2,2,0,1,27,0,130,1,11,659,16,1,16001,1430,528,125,154,85,92,49,12,11,131,138,160,32,143,148,170,0,107,0,36,0,116,0,0,0,32,0,170,0,0,0,0,1,1
432,Idaho,Ada,COMPASS,1,3,2566215.973,0.58,0.58,18,0,0,1,0,6,342,0,12,10,9,0,78,0,33,4,0,30,4,262,16,78,1590,16,1,16001,4275,838,139,233,154,147,84,58,23,268,640,282,69,96,541,622,20,0,0,0,76,166,99,0,98,178,289,78,255,0,0,0,1,1
433,Idaho,Ada,COMPASS,1,3,6467566.751,0,0,0,0,0,21,9,3,42,0,4,1,0,0,2,0,14,0,14,40,16,58,1,0,875,16,1,16001,381,564,83,171,114,100,52,26,18,18,65,46,7,3,52,81,0,3,0,0,0,11,31,0,0,10,15,13,29,24,0,0,1,1
434,Idaho,Ada,COMPASS,1,3,14200350.14,0,0,0,0,0,2,2,2,0,3,4,214,0,0,15,3,30,0,4,342,0,0,86,0,118,16,1,16001,826,151,28,68,25,14,9,7,0,60,211,150,23,30,189,225,0,30,0,0,0,110,59,0,0,20,54,45,80,46,0,0,1,1
435,Idaho,Ada,COMPASS,1,3,2588609.305,0,0,0,0,0,82,19,26,8,0,12,57,0,0,57,4,28,0,11,199,0,0,142,0,152,16,1,16001,304,388,35,117,80,65,51,22,18,2,66,40,20,0,35,93,0,0,0,0,0,0,0,0,35,0,0,13,24,33,0,23,1,1
436,Idaho,Ada,COMPASS,1,3,2606358.965,0,0,0,0,0,2,2,54,12,0,92,0,0,0,184,2,15,0,2,31,0,0,24,0,310,16,1,16001,1362,248,35,100,34,42,18,7,12,12,289,174,93,112,131,325,0,0,0,30,82,0,30,0,0,101,35,0,89,35,36,130,1,1
437,Idaho,Ada,COMPASS,1,3,2710217.49,0.02,0.02,0,0,0,0,0,2,24,0,5,3,146,0,3,0,8,0,0,17,0,39,40,0,454,16,1,16001,612,841,91,287,155,163,69,46,30,42,60,171,0,35,43,195,0,33,0,0,2,0,0,0,33,10,42,11,135,0,7,0,1,1
438,Idaho,Ada,COMPASS,1,3,7809598.668,0,0,69,0,0,3,1,3,0,2,18,21,0,0,12,3,104,0,39,56,0,0,62,0,116,16,1,16001,1399,381,55,109,74,91,18,21,13,98,141,398,0,29,0,608,0,29,0,0,0,0,0,0,0,0,96,141,93,12,0,266,1,1
439,Idaho,Ada,COMPASS,1,3,2597492.158,0,0,0,0,0,6,0,2,2,0,734,2,0,0,87,30,8,0,4,1762,0,0,587,0,255,16,1,16001,60,1014,106,307,192,210,108,64,27,3,6,2,1,3,6,3,0,1,0,1,1,1,0,1,2,2,1,1,1,0,0,0,1,1
440,Idaho,Ada,COMPASS,1,3,56036066.6,0,0,213,2,1,2,6,2,0,5,0,110,0,0,50,3,94,0,2,94,0,0,0,0,323,16,1,16001,3003,125,12,49,16,22,17,8,1,185,273,618,79,118,164,873,0,73,27,9,9,9,0,9,82,64,164,127,291,73,63,155,1,1
441,Idaho,Ada,COMPASS,1,3,1186223.635,0.13,0.07,0,0,2,0,0,0,249,8,0,51,0,0,111,0,9,0,1,61,52,126,14,208,1171,16,1,16001,2990,446,161,198,44,21,9,4,9,395,450,200,48,120,273,700,30,0,37,30,23,34,0,172,18,49,205,216,137,50,50,42,1,1
442,Idaho,Ada,COMPASS,1,3,347009.7199,0,0,0,0,3,51,25,83,56,2,0,643,50,0,0,16,74,0,51,62,0,9,791,844,614,16,1,16001,81,124,19,55,25,9,3,6,7,13,19,12,2,18,13,15,3,7,2,4,2,2,2,2,1,6,4,2,1,1,1,6,1,1
443,Idaho,Ada,COMPASS,1,3,1057920.783,0,0,0,0,2,76,9,3,3,86,10,44,0,0,40,14,48,0,58,144,0,0,10,0,125,16,1,16001,928,542,122,216,89,71,39,2,3,100,136,142,10,52,70,266,0,34,15,3,0,13,0,0,19,38,0,39,86,27,43,71,1,1
444,Idaho,Ada,COMPASS,1,3,230335.3055,0,0,0,0,0,448,2,28,28,0,0,311,0,0,58,12,37,2,40,73,0,22,165,0,151,16,1,16001,15,245,90,86,45,13,7,3,1,1,1,1,0,1,1,1,0,1,0,0,0,0,0,0,0,1,0,1,0,0,0,0,1,1
445,Idaho,Ada,COMPASS,1,3,6791231.015,0,0,0,0,0,6,0,0,51,0,24,32,32,0,122,0,102,0,9,87,249,16,8,0,674,16,1,16001,2326,584,201,201,87,54,23,15,3,209,383,236,23,41,208,602,14,0,0,8,19,0,30,35,0,143,53,53,52,60,94,290,1,1
446,Idaho,Ada,COMPASS,1,3,923584.9695,0,0,0,0,0,39,0,2,0,0,10,0,0,0,10,3,2,9,274,252,2,2,124,219,2979,16,1,16001,1324,42,6,19,8,5,4,0,0,199,186,140,14,87,96,356,27,14,14,18,14,18,37,13,14,14,45,83,41,18,55,114,1,1
447,Idaho,Ada,COMPASS,1,3,1442731.946,0,0,0,0,0,3,0,1,12,0,360,1,0,0,134,1,1,0,4,13,16,4,3,94,271,16,1,16001,3247,1043,207,331,199,158,92,40,16,179,381,501,103,52,163,949,1,3,4,27,17,0,17,99,22,25,390,384,26,53,78,18,1,1
448,Idaho,Ada,COMPASS,1,3,1235704.615,0,0,0,0,0,58,0,4,0,2,10,0,110,0,70,7,51,0,22,166,0,0,320,0,143,16,1,16001,5625,1055,229,369,192,151,72,31,11,521,617,489,102,383,571,775,0,0,25,232,126,178,0,0,139,254,252,260,0,0,131,132,1,1
449,Idaho,Ada,COMPASS,1,3,487267.0598,0,0,0,0,0,11,6,1,14,3,14,8,0,0,2,10,55,14,9,182,0,64,42,0,1849,16,1,16001,4866,46,9,25,5,4,0,2,1,153,600,522,128,386,373,644,90,13,180,77,26,90,26,64,0,193,271,231,91,0,0,51,1,1
450,Idaho,Ada,COMPASS,1,3,630261.4145,0,0,0,0,0,46,0,3,0,0,0,0,0,0,368,46,2,0,46,476,4,34,100,0,522,16,1,16001,5094,371,84,143,71,30,21,15,7,507,756,497,49,390,522,897,107,44,0,25,214,0,0,102,0,420,166,487,146,0,0,98,1,1
451,Idaho,Ada,COMPASS,1,3,758810.8818,0,0,0,0,0,5,4,1,81,1,5,32,244,0,0,0,16,15,0,24,0,0,119,0,1302,16,1,16001,4142,2,1,0,0,0,1,0,0,397,593,393,36,545,692,182,175,110,100,160,0,33,39,32,249,339,104,21,46,11,0,0,1,1
452,Idaho,Ada,COMPASS,1,3,1283675.682,0,0,0,0,0,13,0,0,10,0,0,264,0,0,98,8,92,0,5,474,0,16,96,0,417,16,1,16001,5498,847,162,241,192,145,61,30,16,497,519,606,124,194,288,1264,66,0,128,0,0,0,123,124,0,41,695,258,0,191,120,0,1,1
453,Idaho,Ada,COMPASS,1,3,750272.6089,0,0,0,0,0,4,4,0,159,0,0,52,83,0,48,0,58,8,3,185,26,10,110,0,1051,16,1,16001,4425,521,139,190,84,61,27,11,9,178,676,590,137,205,651,725,6,134,11,6,48,277,3,274,0,97,217,374,48,83,0,3,1,1
454,Idaho,Ada,COMPASS,1,3,2586424.496,0.02,0,0,0,0,4,0,18,532,9,143,428,45,0,0,27,286,0,164,18,0,63,1428,0,1563,16,1,16001,5,666,47,260,102,133,50,35,39,0,1,0,0,0,0,1,0,0,0,0,0,0,0,0,0,0,0,0,0,1,0,0,1,1
455,Idaho,Ada,COMPASS,1,3,2569633.613,0,0,10,0,0,4,52,58,32,8,5,11,0,0,0,18,56,0,21,51,33,188,12,124,1189,16,1,16001,610,1658,185,440,308,349,214,115,47,37,125,164,11,29,93,215,14,0,0,0,15,0,0,11,0,82,57,30,37,16,34,41,1,1
456,Idaho,Ada,COMPASS,1,3,2575998.933,0,0,0,0,0,1,9,0,40,0,23,21,0,0,10,2,64,0,1,156,0,38,9,0,541,16,1,16001,1758,1298,110,333,197,297,222,80,59,71,245,247,136,20,16,663,0,0,0,0,20,16,0,0,0,0,44,73,153,124,83,186,1,1
457,Idaho,Ada,COMPASS,1,3,2636051.587,0,0,0,0,0,672,22,33,72,250,0,0,0,0,0,89,2,0,83,6,3,112,2,0,1635,16,1,16001,109,1827,351,505,296,357,198,71,49,12,8,23,2,4,6,35,1,1,0,1,1,0,3,1,2,0,1,2,12,2,2,16,1,1
458,Idaho,Ada,COMPASS,1,3,2488200.479,0,0,0,0,0,903,169,113,39,28,6,3,0,0,0,536,114,0,141,47,0,34,67,0,545,16,1,16001,410,1321,196,430,204,241,162,63,25,19,38,95,42,0,28,166,0,0,0,0,0,6,0,5,0,17,37,20,29,7,46,27,1,1
459,Idaho,Ada,COMPASS,1,3,2491817.832,0,0,10,0,0,664,36,36,30,45,2,70,0,0,0,45,100,0,458,376,0,0,26,0,727,16,1,16001,14,1649,232,482,248,350,198,100,39,1,2,1,1,1,0,4,0,0,0,1,0,0,0,0,0,0,1,1,1,0,1,0,1,1
460,Idaho,Ada,COMPASS,1,3,2637295.2,0,0,0,0,0,1,0,0,8,0,3,11,0,0,0,0,38,0,0,141,0,54,12,0,687,16,1,16001,1378,1505,239,544,282,257,95,68,20,107,318,152,19,55,190,351,0,0,0,55,0,20,60,110,0,0,34,125,102,50,36,4,1,1
461,Idaho,Ada,COMPASS,1,3,478874.7259,0,0,0,2,0,2,0,0,234,4,2,106,0,0,36,0,1,0,2,3,0,357,2,0,3345,16,1,16001,2128,0,0,0,0,0,0,0,0,197,222,308,25,606,85,61,0,158,169,279,0,0,0,0,0,85,0,0,0,61,0,0,1,1
462,Idaho,Ada,COMPASS,1,3,334705.4947,0,0,0,0,0,8,2,4,1491,0,0,0,0,0,0,2,48,6,0,12,0,606,93,0,3077,16,1,16001,25,50,6,25,3,13,1,2,0,2,1,2,0,0,1,4,0,0,0,0,0,1,0,0,0,0,1,1,1,1,0,0,1,1
463,Idaho,Ada,COMPASS,1,3,2679661.946,0,0,0,50,0,56,4,2,28,39,0,4,0,0,10,2,18,18,78,33,0,118,14,0,671,16,1,16001,1511,555,90,235,73,91,45,10,11,227,119,142,37,62,43,420,0,23,11,28,0,16,0,0,0,27,228,34,46,58,44,10,1,1
464,Idaho,Ada,COMPASS,1,3,8092450.291,0,0,0,0,0,1,2,8,0,0,10,4,0,0,0,24,24,0,14,52,9,0,6,0,1156,16,1,16001,2168,17,3,3,3,8,0,0,0,195,342,243,33,188,78,547,31,78,32,31,16,0,31,0,16,31,78,172,125,16,31,125,1,1
465,Idaho,Ada,COMPASS,1,3,8478546.652,0,0,0,0,24,204,26,9,96,12,20,16,0,0,129,8,143,166,141,134,6,0,27,0,2186,16,1,16001,56,161,54,52,18,28,4,3,2,5,16,15,0,4,8,24,0,0,0,0,4,0,4,4,0,0,4,4,0,0,12,4,1,1
466,Idaho,Ada,COMPASS,1,3,1957630.087,0,0,2,0,0,2,12,4,708,1,12,16,0,0,8,3,16,0,0,6,42,147,84,0,3144,16,1,16001,76,2,0,1,0,1,0,0,0,9,14,9,0,3,0,29,0,3,0,0,0,0,0,0,0,0,5,8,8,0,3,5,1,1
467,Idaho,Ada,COMPASS,1,3,1056736.539,0,0,0,0,0,35,1,0,14,12,15,24,114,0,351,0,80,0,1,92,0,20,115,0,246,16,1,16001,343,522,94,200,98,79,30,8,13,44,35,34,1,29,18,67,14,0,8,7,0,0,4,10,4,0,4,13,33,7,4,6,1,1
468,Idaho,Ada,COMPASS,1,3,1815656.339,0,0,0,0,0,0,0,0,40,0,0,0,0,0,0,0,0,0,0,0,14,8,0,0,262,16,1,16001,85,738,89,354,107,98,41,29,20,7,8,13,2,2,5,23,1,0,0,0,1,1,0,1,1,2,2,4,3,6,3,5,1,1
469,Idaho,Ada,COMPASS,1,3,35667119.76,0,0,0,0,3,0,0,0,0,0,0,0,0,0,0,0,2,0,1,16,15,0,0,0,2442,16,1,16001,1954,2,0,1,0,0,0,0,1,142,166,261,142,49,172,490,0,0,25,24,0,25,24,0,25,98,49,73,98,123,73,74,1,1
470,Idaho,Ada,COMPASS,1,3,14320286.33,0,0,0,0,0,16,0,0,0,2,0,0,0,0,132,0,15,0,3,39,0,0,0,0,0,16,1,16001,154,0,0,0,0,0,0,0,0,4,19,19,4,9,6,31,3,0,3,3,0,0,0,3,3,0,6,4,3,6,12,0,1,1
471,Idaho,Ada,COMPASS,1,3,1708478.037,0,0,2,0,36,200,0,28,26,0,0,52,118,0,72,14,54,6,110,262,0,0,26,0,128,16,1,16001,2240,760,158,262,130,123,50,18,19,141,233,484,24,111,83,688,12,18,48,33,0,29,0,17,12,25,80,229,90,227,54,8,1,1
472,Idaho,Ada,COMPASS,1,3,739697.5887,0,0,0,0,0,0,0,3,142,1,2,12,0,0,0,3,191,0,0,8,0,490,23,0,1559,16,1,16001,30,8,1,4,1,2,0,0,0,1,3,2,0,1,4,1,0,0,0,0,1,1,1,0,1,1,0,0,0,1,0,0,1,1
473,Idaho,Ada,COMPASS,1,3,5084988.162,0,0,8,0,0,21,2,9,0,0,4,6,0,0,93,0,4,0,0,15,0,0,14,0,127,16,1,16001,145,27,5,14,1,0,3,2,2,3,14,23,0,2,2,36,0,2,0,0,0,1,0,0,0,1,2,9,18,0,7,0,1,1
474,Idaho,Ada,COMPASS,1,3,2249515.095,0,0,0,0,9,154,2,12,21,0,0,88,56,0,108,44,128,0,99,166,0,0,32,124,72,16,1,16001,134,110,25,29,25,17,10,1,3,10,13,15,2,1,8,31,0,0,0,0,1,2,0,5,0,1,2,10,11,2,2,4,1,1
475,Idaho,Ada,COMPASS,1,3,4707805.064,0,0,0,0,0,28,0,2,0,0,2,6,34,0,21,10,12,0,16,12,0,0,2,0,1,16,1,16001,94,29,6,7,6,3,4,2,1,7,8,8,1,3,2,19,1,0,0,2,0,0,0,0,1,1,2,1,2,6,3,5,1,1
476,Idaho,Ada,COMPASS,1,3,2655994.678,0,0,27,24,0,1,34,178,0,0,0,3,0,0,140,58,225,63,44,1,0,0,26,82,21,16,1,16001,889,351,33,144,55,60,34,12,13,55,107,124,17,0,0,303,0,0,0,0,0,0,0,0,0,0,11,0,19,53,98,122,1,1
477,Idaho,Ada,COMPASS,1,3,655136295.3,0,0,0,0,0,140,268,111,72,0,28,366,0,0,0,88,464,0,64,592,0,0,51,0,83,16,1,16001,631,33,5,14,6,4,1,1,2,32,77,73,17,17,39,143,3,1,5,4,4,6,4,13,5,11,29,22,10,22,51,9,1,1
478,Idaho,Ada,COMPASS,1,3,54987.72844,0,0,0,0,0,27,0,6,34,0,0,14,0,0,0,9,30,30,14,15,0,0,14,0,33,16,1,16001,2054,0,0,0,0,0,0,0,0,219,300,239,0,311,292,155,78,97,19,78,39,19,0,98,116,59,38,117,0,0,0,0,1,1
479,Idaho,Ada,COMPASS,1,3,888572.2989,0,0,0,0,0,16,165,90,0,0,3,75,0,0,0,26,10,0,0,45,0,18,123,0,104,16,1,16001,182,6,0,0,4,1,0,0,1,7,13,17,4,0,0,41,0,0,0,0,0,0,0,0,0,0,0,34,7,0,0,0,1,1
480,Idaho,Ada,COMPASS,1,3,108685832.3,0,0,72,0,0,33,64,1040,0,0,0,0,0,0,0,0,0,0,0,38,0,0,0,0,75,16,1,16001,153,44,6,11,11,3,8,1,4,10,14,19,10,7,10,36,1,1,2,2,1,1,1,0,2,6,4,5,8,9,5,5,1,1
481,Idaho,Ada,COMPASS,1,3,573595328,0,0,78,0,0,14,1178,10,4,1,0,174,0,0,39,12,162,0,98,41,0,0,6,48,1420,16,1,16001,620,213,12,103,30,42,18,8,0,43,58,82,41,29,45,150,3,3,11,8,4,5,5,4,7,24,16,22,35,34,25,18,1,1
482,Idaho,Ada,COMPASS,1,3,159859001.9,0,0,0,10,17,18,0,4,0,4,0,0,0,30,0,0,7,0,0,102,0,0,1,0,64,16,1,16001,89,68,1,19,15,25,6,1,1,4,11,9,1,1,4,20,0,0,1,0,0,1,0,2,0,1,4,3,1,2,8,2,1,1
483,Idaho,Canyon,COMPASS,1,3,34228551.97,0,0,176,0,0,23,1,7,0,25,18,440,0,0,429,111,70,2,5,13,0,0,90,0,413,16,27,16027,695,217,33,92,34,21,14,17,6,78,106,71,13,85,58,125,0,10,14,12,49,7,14,5,9,23,46,25,20,13,6,15,1,14
484,Idaho,Canyon,COMPASS,1,3,13293272.2,0,0,201,2,0,25,20,186,15,16,16,15,0,0,225,15,148,0,18,213,0,0,104,0,389,16,27,16027,471,149,28,59,18,18,10,7,9,50,66,45,7,52,38,78,0,6,7,7,32,5,8,3,8,14,28,17,13,7,2,11,1,14
485,Idaho,Canyon,COMPASS,1,3,9328852.134,0,0,18,1,0,18,1,1,28,1,210,2,0,0,264,2,5,0,0,28,0,38,2,52,522,16,27,16027,1936,644,137,186,109,82,57,36,37,201,274,182,33,200,258,232,50,37,28,32,53,88,32,58,33,47,91,77,30,8,22,4,1,14
486,Idaho,Canyon,COMPASS,1,3,28745344.2,0,0,170,0,0,9,0,44,0,36,62,34,0,0,57,2,64,0,4,6,0,0,0,0,305,16,27,16027,362,117,40,38,16,7,8,4,4,39,48,33,6,39,34,53,1,5,6,6,21,4,6,6,5,13,19,11,10,5,2,6,1,14
487,Idaho,Canyon,COMPASS,1,3,14449966.54,0,0,28,0,0,126,14,4,0,0,0,2,132,0,0,0,2,0,16,14,0,0,9,0,16,16,27,16027,199,59,3,41,6,5,3,1,0,26,23,15,2,18,27,21,4,1,2,4,7,2,1,12,4,8,6,4,7,2,1,1,1,14
488,Idaho,Canyon,COMPASS,1,3,38477440.55,0,0,20,0,0,0,0,0,0,0,0,0,0,0,0,0,9,0,1,0,2,0,0,0,31,16,27,16027,560,182,37,67,27,26,20,1,4,59,82,55,10,40,76,90,7,19,2,8,4,10,9,8,0,49,34,31,8,8,7,2,1,14
489,Idaho,Canyon,COMPASS,1,3,6530896.425,0,0,261,0,4,20,50,57,57,0,8,13,0,0,0,10,0,0,0,2,0,0,76,0,475,16,27,16027,422,127,18,37,22,16,15,12,7,45,61,38,7,48,31,72,0,7,7,7,27,3,7,0,7,14,27,14,10,7,4,10,1,14
490,Idaho,Canyon,COMPASS,1,3,36892516.62,0,0,70,0,0,6,15,0,0,2,0,0,0,0,122,0,2,0,26,14,0,0,0,0,244,16,27,16027,584,173,11,63,40,26,14,6,13,71,72,46,7,55,72,69,10,3,8,10,24,5,5,29,10,23,23,14,18,7,2,5,1,14
491,Idaho,Canyon,COMPASS,1,3,33908069.14,0,0,0,0,0,10,0,4,2,0,0,0,0,0,0,1,0,0,6,41,0,0,37,0,165,16,27,16027,1114,319,67,98,52,43,26,22,11,149,137,88,14,107,159,122,24,6,12,23,42,9,7,73,19,51,39,24,36,12,5,6,1,14
492,Idaho,Canyon,COMPASS,1,3,7694523.941,0.13,0.07,38,0,0,0,0,0,0,0,0,0,0,0,0,0,40,0,0,2,0,0,0,0,83,16,27,16027,56,14,4,2,4,0,3,0,1,4,6,5,1,1,5,10,0,0,0,0,1,0,2,0,2,1,1,3,2,3,1,0,1,14
493,Idaho,Canyon,COMPASS,1,3,19005771.46,0,0,4,0,0,39,0,0,4,0,0,0,0,0,2,0,7,0,18,14,0,0,0,0,46,16,27,16027,704,267,67,86,22,39,24,15,14,82,56,91,31,56,83,121,0,0,31,25,0,26,0,0,15,42,15,71,10,0,25,0,1,14
494,Idaho,Canyon,COMPASS,1,3,28875472.25,0,0,52,0,0,5,0,0,39,0,0,12,0,0,92,0,12,0,1,46,0,0,23,0,280,16,27,16027,1269,412,64,172,62,54,30,18,12,149,101,164,60,84,167,223,12,9,35,28,0,37,12,22,25,71,31,77,45,0,49,21,1,14
495,Idaho,Canyon,COMPASS,1,3,7789463.99,0,0,22,0,0,2,9,3,0,0,2,3,0,0,105,22,4,0,0,52,0,0,4,0,158,16,27,16027,757,239,34,77,35,48,13,15,17,77,57,89,35,39,42,177,0,4,6,19,10,0,7,11,7,17,15,53,48,31,20,10,1,14
496,Idaho,Canyon,COMPASS,1,3,70470622.02,0,0,18,0,0,5,4,0,0,1,1,3,0,0,105,22,7,0,48,4,0,0,4,0,83,16,27,16027,410,275,40,101,51,41,17,16,9,29,37,48,31,9,10,126,0,1,1,5,2,0,3,3,1,3,20,17,52,13,17,7,1,14
497,Idaho,Canyon,COMPASS,1,3,28203418.13,0,0,22,0,0,87,347,9,0,12,0,10,56,0,52,8,26,0,174,2,0,0,174,0,45,16,27,16027,168,127,26,49,17,17,13,3,2,17,25,16,3,12,22,27,2,5,1,3,1,3,3,2,0,14,10,10,3,2,2,0,1,14
498,Idaho,Canyon,COMPASS,1,3,17451080.13,0,0,158,0,0,0,10,3,0,0,0,0,0,0,0,0,24,0,0,12,0,0,2,0,788,16,27,16027,109,58,9,18,9,8,6,5,3,9,13,8,1,6,11,14,1,3,0,1,1,1,1,2,0,7,5,5,1,1,2,0,1,14
499,Idaho,Canyon,COMPASS,1,3,13707090.54,0,0,92,0,0,78,0,15,0,76,3,15,0,0,70,6,8,0,39,36,6,0,60,0,137,16,27,16027,726,25,6,5,2,6,3,2,1,79,101,71,14,84,61,120,0,14,14,11,45,8,14,6,11,22,42,25,20,13,6,14,1,14
500,Idaho,Canyon,COMPASS,1,3,14040191.63,0,0,42,0,374,33,0,90,8,0,0,0,64,0,0,0,2,0,0,48,0,10,29,10,186,16,27,16027,813,234,36,69,35,35,23,19,17,113,105,66,8,77,123,92,17,3,9,17,31,6,6,54,17,40,32,17,29,8,3,3,1,14
501,Idaho,Canyon,COMPASS,1,3,14542225.66,0,0,66,0,0,1,0,0,12,0,0,0,0,0,0,0,0,21,0,0,0,0,0,0,711,16,27,16027,196,253,58,81,46,22,18,16,12,26,23,16,2,35,19,13,12,7,5,5,6,3,4,5,2,5,5,4,3,0,1,0,1,14
502,Idaho,Canyon,COMPASS,1,3,1769144.545,0,0,8,0,0,38,0,0,0,0,0,0,0,0,0,0,16,0,0,18,0,0,0,0,9,16,27,16027,2176,48,12,17,12,2,0,2,3,224,184,214,102,61,265,398,20,11,20,10,0,31,41,102,30,61,41,82,163,30,51,31,1,14
503,Idaho,Canyon,COMPASS,1,3,11654376.3,0,0,0,0,0,28,0,24,16,0,0,0,0,0,63,0,1,0,0,1,0,0,0,0,492,16,27,16027,800,607,75,251,86,77,58,42,18,82,69,79,40,22,95,153,7,5,6,4,0,9,15,43,8,20,17,33,62,12,17,12,1,14
504,Idaho,Canyon,COMPASS,1,3,2608040.69,0,0,0,0,0,8,0,0,0,0,0,0,0,0,0,0,8,0,4,0,0,0,2,0,3,16,27,16027,2441,51,2,37,3,3,3,0,3,244,172,271,90,134,152,491,0,18,18,62,36,0,27,35,27,63,36,169,116,90,53,27,1,14
505,Idaho,Canyon,COMPASS,1,3,2632931.27,0,0,0,0,0,16,0,0,21,0,0,3,0,0,8,0,11,0,0,20,0,2,5,0,516,16,27,16027,1167,632,77,181,100,113,88,41,32,97,108,76,59,57,52,231,0,31,13,0,13,11,2,6,5,28,24,99,20,83,0,5,1,14
506,Idaho,Canyon,COMPASS,1,3,2580680.861,0,0,0,0,0,3,0,3,0,9,59,6,0,0,0,0,30,0,9,89,14,0,30,0,64,16,27,16027,2108,230,10,57,48,45,34,25,11,200,248,252,81,109,208,464,9,5,14,43,38,14,38,66,29,61,62,142,104,99,33,24,1,14
507,Idaho,Canyon,COMPASS,1,3,2561134.718,0,0,0,54,3,90,15,0,62,0,0,0,0,0,0,0,1,0,182,9,0,40,1,5,317,16,27,16027,291,717,160,224,128,108,53,24,20,21,43,32,9,12,35,58,2,0,2,3,5,3,7,12,4,9,12,15,13,13,2,3,1,14
508,Idaho,Canyon,COMPASS,1,3,3078796.91,0,0,0,0,0,48,0,10,0,21,0,0,0,0,0,2,9,0,22,2,0,0,3,0,36,16,27,16027,2709,104,13,54,5,24,4,0,4,138,238,287,227,40,130,720,0,0,0,40,0,0,0,80,0,50,120,190,60,90,130,130,1,14
509,Idaho,Canyon,COMPASS,1,3,2773756.079,0,0,0,0,0,22,4,0,10,20,10,0,0,0,21,4,70,0,6,131,0,0,3,0,422,16,27,16027,1727,792,135,217,130,133,71,67,39,121,245,184,49,79,252,268,8,1,17,11,42,14,29,98,19,92,54,113,72,9,1,19,1,14
510,Idaho,Canyon,COMPASS,1,3,13051940.14,0,0,0,0,0,1,0,1,0,2,0,2,0,0,39,0,1,0,3,0,0,0,0,0,323,16,27,16027,188,398,28,170,94,33,35,16,22,10,17,20,16,3,9,51,0,0,0,3,0,0,0,5,0,4,9,13,4,6,10,9,1,14
511,Idaho,Canyon,COMPASS,1,3,12656728.53,0,0,3,0,0,9,4,2,18,0,1,2,0,0,39,1,4,4,4,11,0,0,6,0,323,16,27,16027,537,450,44,187,87,48,31,21,32,30,50,62,47,33,37,119,0,16,6,0,11,6,0,5,13,13,9,35,9,24,20,22,1,14
512,Idaho,Canyon,COMPASS,1,3,11016750.37,0,0,20,0,0,47,3,6,3,2,4,65,0,0,39,9,32,0,6,48,0,0,0,0,302,16,27,16027,911,326,49,103,45,55,24,31,19,57,97,116,90,14,36,310,0,0,2,12,0,0,3,21,0,12,53,57,71,36,52,41,1,14
513,Idaho,Canyon,COMPASS,1,3,11203995.48,0,0,0,0,0,56,286,4,0,24,0,0,0,0,0,0,12,0,9,16,0,0,10,0,3,16,27,16027,193,59,5,25,7,15,2,3,2,25,34,23,5,18,32,37,3,9,1,4,1,5,4,3,0,20,14,13,3,4,1,2,1,14
514,Idaho,Canyon,COMPASS,1,3,41644379.72,0,0,21,0,0,12,14,0,0,0,0,0,188,0,0,0,0,0,0,0,0,0,0,0,121,16,27,16027,20,164,25,58,24,24,16,11,6,1,2,1,0,1,1,2,0,0,0,0,1,0,0,0,1,0,0,1,0,1,0,0,1,14
515,Idaho,Canyon,COMPASS,1,3,7937260.682,0,0,51,0,0,31,3,16,38,0,0,0,0,0,321,2,0,0,29,25,0,0,4,12,342,16,27,16027,491,332,66,123,46,42,26,21,8,46,53,38,12,28,51,70,4,12,6,0,6,10,8,4,14,15,18,16,12,14,8,2,1,14
516,Idaho,Canyon,COMPASS,1,3,15480787,0,0,33,0,44,3,0,0,2,17,52,4,0,0,267,0,9,0,9,96,0,0,4,39,349,16,27,16027,2266,84,23,18,20,13,4,2,4,272,256,172,68,222,276,270,32,100,43,10,37,69,37,11,85,74,90,69,37,42,32,0,1,14
517,Idaho,Canyon,COMPASS,1,3,7291207.048,0,0,0,0,0,48,8,0,0,150,0,10,64,0,531,2,36,0,10,33,0,0,18,86,13,16,27,16027,183,4,2,0,2,0,0,0,0,31,30,19,8,25,30,33,3,12,5,1,4,9,4,1,9,7,12,7,5,5,4,0,1,14
518,Idaho,Canyon,COMPASS,1,3,4525256.869,0,0,0,0,14,19,20,8,2,19,10,2,388,0,0,0,0,0,32,106,0,0,2,0,100,16,27,16027,776,143,12,60,34,10,17,7,3,79,106,74,34,36,100,157,9,3,2,22,0,8,18,46,11,17,21,56,59,15,0,6,1,14
519,Idaho,Canyon,COMPASS,1,3,3144790.757,0,0,9,0,0,3,4,3,219,6,0,0,0,0,0,6,0,0,8,2,0,146,0,1,920,16,27,16027,120,675,154,185,108,111,67,32,18,9,19,13,4,13,21,11,4,1,2,3,3,1,5,8,1,6,3,4,3,1,0,0,1,14
520,Idaho,Canyon,COMPASS,1,3,2900814.322,0,0,6,0,0,33,6,10,0,0,0,3,0,0,50,2,2,0,4,10,0,0,8,0,292,16,27,16027,2387,18,3,8,1,5,0,1,0,101,290,247,52,145,116,429,0,0,100,45,0,10,0,93,0,13,197,58,90,0,10,74,1,14
521,Idaho,Canyon,COMPASS,1,3,14426577.83,0,0,0,0,0,78,143,104,4,0,4,0,51,0,0,78,71,14,143,5,0,0,0,0,383,16,27,16027,982,222,36,87,30,28,21,11,9,46,88,78,37,60,91,98,15,11,9,9,16,9,14,31,10,27,16,33,11,14,13,11,1,14
522,Idaho,Canyon,COMPASS,1,3,6120760.431,0,0,8,0,0,75,14,3,0,2,4,3,0,0,51,0,14,0,21,16,0,0,39,0,9,16,27,16027,5,28,9,13,2,4,0,0,0,0,1,0,0,0,0,1,0,0,0,0,0,0,0,0,0,0,1,0,0,0,0,0,1,14
523,Idaho,Canyon,COMPASS,1,3,2563713.426,0,0,0,0,0,165,0,19,0,29,8,12,0,0,100,3,23,0,49,348,0,0,6,0,194,16,27,16027,627,613,84,148,95,115,83,53,35,36,101,85,18,50,41,149,0,0,35,15,0,3,0,33,0,5,68,21,32,0,2,26,1,14
524,Idaho,Canyon,COMPASS,1,3,19067046.74,0,0,6,0,8,0,7,1,26,0,0,0,72,0,0,0,37,0,0,2,0,0,0,0,663,16,27,16027,650,79,20,26,8,13,10,1,1,53,59,137,10,12,43,204,2,0,1,1,8,7,10,3,0,23,6,74,30,48,0,46,1,14
525,Idaho,Canyon,COMPASS,1,3,3020132.869,0,0,42,0,0,15,2,22,0,0,0,74,0,0,3,15,14,0,32,87,0,0,20,0,623,16,27,16027,979,1,0,1,0,0,0,0,0,118,112,81,21,172,94,66,17,55,22,22,56,33,11,0,33,17,22,22,5,11,6,0,1,14
526,Idaho,Canyon,COMPASS,1,3,1704338.431,0,0,16,0,0,9,45,2,3,5,0,39,0,0,0,1,4,0,93,46,0,0,60,0,674,16,27,16027,3348,189,30,30,32,49,24,16,8,451,420,267,38,751,250,175,266,182,106,91,106,38,99,45,15,53,99,61,15,0,0,0,1,14
527,Idaho,Canyon,COMPASS,1,3,1747774.754,0,0,0,0,67,212,11,2,10,22,2,0,0,0,0,3,8,0,45,22,0,9,2,0,37,16,27,16027,117,220,40,83,38,28,17,13,1,14,21,15,2,15,19,18,8,1,1,5,0,3,4,4,3,5,4,9,2,1,0,2,1,14
528,Idaho,Canyon,COMPASS,1,3,734913.6361,0,0,0,0,0,166,0,0,2,0,0,51,0,0,0,0,6,0,17,112,0,0,27,0,70,16,27,16027,945,236,57,47,39,40,26,13,14,88,135,94,17,78,132,124,20,6,0,52,0,18,24,17,29,44,29,70,11,2,0,12,1,14
529,Idaho,Canyon,COMPASS,1,3,2691542.564,0,0,6,0,2,109,3,2,36,3,4,6,0,0,168,6,20,0,2,116,0,0,54,0,226,16,27,16027,158,1104,201,393,145,135,132,60,38,9,23,12,4,10,22,16,1,4,1,4,0,7,2,2,3,8,2,7,3,0,2,2,1,14
530,Idaho,Canyon,COMPASS,1,3,4229098.995,0,0,0,0,0,582,0,0,0,0,0,0,36,0,0,0,4,0,194,580,2,9,285,506,408,16,27,16027,562,48,20,19,2,1,3,0,3,54,80,54,11,78,55,66,65,0,10,1,2,10,17,23,3,2,15,20,15,7,0,9,1,14
531,Idaho,Canyon,COMPASS,1,3,929613.4896,0,0,0,0,0,705,323,6,54,2,0,3,0,0,0,4,35,0,617,17,4,4,330,198,347,16,27,16027,156,300,64,76,45,41,31,29,14,13,20,13,3,19,15,15,15,0,3,1,0,3,4,6,1,1,3,5,3,2,0,2,1,14
532,Idaho,Canyon,COMPASS,1,3,701394.7301,0,0,0,0,0,39,0,0,45,2,0,0,0,0,8,4,278,0,15,20,0,0,38,0,316,16,27,16027,396,38,5,24,5,2,2,0,0,51,71,33,13,97,42,29,19,17,13,30,18,8,8,7,7,12,10,15,3,1,0,0,1,14
533,Idaho,Canyon,COMPASS,1,3,7203599.716,0,0,45,0,0,1,5,87,0,0,2,14,166,0,14,3,182,164,16,20,0,0,74,0,1203,16,27,16027,426,190,37,77,29,23,8,9,7,70,67,45,17,33,75,91,0,21,0,0,12,25,6,11,0,33,14,13,33,0,17,14,1,14
534,Idaho,Canyon,COMPASS,1,3,974483.9065,0,0,0,1,0,41,106,45,0,55,0,0,0,0,141,0,28,0,8,147,0,0,246,0,2040,16,27,16027,651,51,12,6,12,13,3,3,2,87,83,64,16,177,53,20,16,50,21,30,60,29,5,0,19,0,5,15,0,0,0,0,1,14
535,Idaho,Canyon,COMPASS,1,3,280307.8996,0,0,0,0,0,1,273,20,34,22,0,19,28,0,16,0,5,0,11,8,9,0,8,7,1052,16,27,16027,563,141,42,54,10,12,13,6,4,38,86,52,13,99,58,32,6,12,43,11,27,12,29,0,0,17,10,19,0,3,0,0,1,14
536,Idaho,Canyon,COMPASS,1,3,324904.5086,0,0,0,0,0,0,0,3,26,2,2,28,0,0,2,4,24,1,27,106,0,44,1,2,493,16,27,16027,825,185,71,60,18,17,11,6,2,65,148,94,21,169,106,53,8,22,74,19,46,24,52,0,0,30,19,32,0,2,0,0,1,14
537,Idaho,Canyon,COMPASS,1,3,638948.7879,0,0,0,0,0,24,8,80,214,44,0,10,0,0,76,3,123,0,7,37,0,36,0,119,1227,16,27,16027,135,230,78,68,25,28,17,8,6,13,24,13,4,29,16,9,4,4,8,7,6,3,6,1,1,5,3,5,0,1,0,0,1,14
538,Idaho,Canyon,COMPASS,1,3,486826.9776,0,0,0,0,0,18,114,6,0,4,22,21,57,0,106,22,63,0,15,16,0,26,21,0,197,16,27,16027,678,169,29,54,25,29,9,17,6,66,108,35,20,120,64,45,27,14,20,50,9,4,13,11,8,28,17,23,4,1,0,0,1,14
539,Idaho,Canyon,COMPASS,1,3,608704.2959,0,0,0,0,0,7,6,9,46,68,9,50,0,0,9,6,16,0,22,108,0,54,16,0,580,16,27,16027,2419,298,65,102,56,43,17,10,5,207,480,294,69,144,351,555,15,18,0,78,33,78,54,93,18,108,57,114,294,90,0,0,1,14
540,Idaho,Canyon,COMPASS,1,3,238029.6821,0,0,10,0,0,48,9,6,33,2,3,681,402,0,128,28,125,0,8,161,0,350,394,0,1098,16,27,16027,525,43,21,14,2,1,2,1,2,56,107,51,21,119,72,44,18,15,35,31,20,11,26,7,4,24,13,24,3,4,0,0,1,14
541,Idaho,Canyon,COMPASS,1,3,278896.3353,0,0,0,0,0,121,6,34,39,8,2,45,141,0,82,8,64,0,17,146,0,117,16,0,627,16,27,16027,155,214,52,52,29,39,22,13,7,29,48,15,9,52,29,20,12,6,9,22,3,2,5,5,4,13,7,11,1,1,0,0,1,14
542,Idaho,Canyon,COMPASS,1,3,1954763.549,0,0,0,0,0,64,36,0,18,8,8,1,54,0,134,16,1,0,32,12,0,0,1,0,221,16,27,16027,1224,923,298,268,156,90,60,30,21,164,155,118,31,173,93,202,16,48,12,35,62,36,11,0,11,35,93,73,22,8,6,0,1,14
543,Idaho,Canyon,COMPASS,1,3,325597.8904,0,0,0,0,0,116,0,10,27,246,0,0,0,0,0,2,1,0,98,53,0,12,40,0,1484,16,27,16027,213,216,72,65,41,15,15,5,3,29,27,21,5,24,33,25,7,5,5,0,7,2,2,6,3,20,2,10,7,5,1,0,1,14
544,Idaho,Canyon,COMPASS,1,3,158759.9022,0,0,0,0,0,19,113,27,32,2,0,112,0,0,4,19,47,0,0,18,0,60,10,350,382,16,27,16027,834,92,52,15,12,6,4,2,1,78,151,74,24,173,99,55,25,20,54,45,29,15,35,10,5,34,20,30,5,0,0,0,1,14
545,Idaho,Canyon,COMPASS,1,3,649132.9914,0,0,0,0,0,153,0,76,10,2,0,0,0,0,0,76,0,0,0,66,0,3,0,16,42,16,27,16027,690,438,136,129,74,45,26,14,14,96,91,69,18,81,108,85,24,18,16,0,23,6,5,22,11,64,6,36,22,17,4,0,1,14
546,Idaho,Canyon,COMPASS,1,3,95613.35431,0,0,0,2,0,9,514,228,0,674,0,23,0,0,0,3,1,1,3,0,0,76,0,0,209,16,27,16027,1094,73,17,40,9,6,1,0,0,89,203,130,33,57,154,244,0,8,0,33,16,32,25,40,8,49,33,48,122,41,0,0,1,14
547,Idaho,Canyon,COMPASS,1,3,742208.4115,0,0,0,0,0,2,1,381,58,0,1,0,0,0,10,0,5,1,8,11,0,10,102,78,1631,16,27,16027,367,293,95,66,44,54,21,8,5,46,98,56,15,42,67,106,5,12,2,15,8,17,10,19,3,18,15,24,51,16,0,0,1,14
548,Idaho,Canyon,COMPASS,1,3,821806.22,0,0,28,2,0,0,0,1,62,2,0,1,0,0,0,3,10,3,12,9,0,114,1,3,765,16,27,16027,112,148,51,27,28,22,7,10,3,12,20,6,4,22,8,12,3,11,2,1,5,2,3,2,0,1,6,5,1,0,0,0,1,14
549,Idaho,Canyon,COMPASS,1,3,647091.5006,0,0,10,0,0,160,0,0,0,0,0,0,0,0,0,0,0,0,0,336,0,0,0,0,456,16,27,16027,360,409,98,151,72,42,24,16,6,29,67,41,9,63,39,44,11,27,15,8,2,8,3,1,9,18,16,17,8,3,0,0,1,14
550,Idaho,Canyon,COMPASS,1,3,153598.623,0,0,0,0,0,60,7,2,84,2,39,0,0,0,28,95,16,0,580,355,0,8,4,0,207,16,27,16027,56,212,109,51,22,15,6,5,4,4,10,7,1,10,6,6,2,4,2,1,1,1,0,0,2,3,2,3,1,0,0,0,1,14
551,Idaho,Canyon,COMPASS,1,3,119938.0914,0,0,0,0,0,10,1042,92,255,189,2,391,0,0,0,95,195,0,8,195,0,87,18,0,456,16,27,16027,4797,42,12,13,14,1,2,0,0,282,647,398,100,631,365,431,116,266,149,83,17,66,33,17,83,166,149,166,83,33,0,0,1,14
552,Idaho,Canyon,COMPASS,1,3,986046.413,0,0,0,0,6,86,14,0,32,0,0,1,0,0,0,0,1,15,0,1,21,248,3,0,1034,16,27,16027,163,142,38,39,26,18,15,4,2,15,24,7,5,25,11,15,3,13,3,1,5,4,3,3,0,1,7,7,1,0,0,0,1,14
553,Idaho,Canyon,COMPASS,1,3,1037735.279,0,0,22,0,0,0,1,0,0,0,0,4,0,0,0,0,4,0,0,155,0,159,31,0,1371,16,27,16027,2675,20,2,13,4,0,1,0,0,279,455,152,93,494,187,298,60,255,51,26,102,68,51,60,0,8,145,127,26,0,0,0,1,14
554,Idaho,Canyon,COMPASS,1,3,5413962.105,0,0,372,0,0,0,1,0,42,3,0,0,0,0,142,0,1,0,0,6,44,38,0,20,2563,16,27,16027,793,1056,111,245,228,208,128,86,50,38,121,87,23,26,99,144,0,6,0,18,2,0,16,23,8,52,69,35,34,0,2,4,1,14
555,Idaho,Canyon,COMPASS,1,3,5443864.587,0,0,3,0,0,21,0,0,0,0,0,124,291,0,0,9,0,0,0,0,0,0,0,0,246,16,27,16027,1338,47,7,18,15,5,0,1,1,170,141,142,35,155,104,229,52,15,44,0,44,22,8,22,7,45,22,37,66,37,37,30,1,14
556,Idaho,Canyon,COMPASS,1,3,3913637.418,0,0,8,0,0,3,0,0,0,0,0,0,0,0,0,0,0,0,0,0,0,0,322,0,30,16,27,16027,2645,36,1,15,11,6,1,2,0,324,307,198,90,153,358,408,0,102,0,0,51,119,34,51,0,154,68,68,136,0,85,51,1,14
557,Idaho,Canyon,COMPASS,1,3,4037614.862,0,0,3,0,0,50,0,0,0,0,0,65,0,0,0,0,130,0,1,0,0,0,0,0,88,16,27,16027,2897,46,6,25,9,1,2,2,1,386,367,239,73,171,400,494,0,95,0,0,76,133,19,76,0,172,76,57,190,0,95,76,1,14
558,Idaho,Canyon,COMPASS,1,3,5218389.433,0,0,21,0,0,0,0,0,0,0,0,0,0,0,0,0,0,0,0,0,0,0,0,0,6,16,27,16027,2431,32,4,18,3,0,2,2,3,223,189,211,45,265,96,307,106,11,84,0,64,11,10,11,21,43,10,53,85,85,53,21,1,14
559,Idaho,Canyon,COMPASS,1,3,1953362.967,0,0,3,0,0,83,0,2,0,0,0,0,0,0,0,0,0,0,21,260,0,0,9,0,197,16,27,16027,91,882,152,336,131,122,84,36,21,9,11,7,2,7,7,15,1,1,0,2,3,0,2,2,1,2,3,3,5,1,3,0,1,14
560,Idaho,Canyon,COMPASS,1,3,651148.2544,0,0,0,0,0,0,0,0,0,0,12,0,0,0,0,0,0,0,0,30,0,0,0,0,170,16,27,16027,614,240,40,94,36,35,11,15,9,80,91,64,14,76,80,93,22,9,0,17,28,0,7,27,5,41,21,29,39,0,4,0,1,14
561,Idaho,Canyon,COMPASS,1,3,1298812.961,0,0,0,0,0,0,0,0,28,0,0,3,12,0,62,0,20,0,0,94,12,15,15,0,508,16,27,16027,3344,462,71,169,84,66,38,23,11,333,379,270,59,41,419,581,0,23,0,0,18,130,45,39,20,185,279,216,39,24,23,0,1,14
562,Idaho,Canyon,COMPASS,1,3,1299383.976,0,0,0,0,0,5,1376,0,0,0,0,0,233,0,86,0,0,0,1,133,0,0,156,0,414,16,27,16027,3217,868,183,277,134,112,76,53,33,337,365,234,28,419,236,309,39,0,60,251,69,16,0,68,28,124,7,64,231,0,7,0,1,14
563,Idaho,Canyon,COMPASS,1,3,2272522.49,0,0,0,10,58,78,28,5,172,0,0,40,0,0,0,5,4,0,3,249,0,142,11,0,1016,16,27,16027,3593,1006,238,292,165,128,100,35,48,409,443,284,36,538,315,319,76,98,167,139,58,131,41,97,24,22,194,92,8,11,14,0,1,14
564,Idaho,Canyon,COMPASS,1,3,1609954.479,0,0,40,0,0,12,0,88,345,0,0,41,82,0,0,0,126,0,0,159,0,92,305,0,1793,16,27,16027,109,609,113,87,127,116,84,44,38,11,14,8,1,8,16,10,2,3,0,0,3,10,1,2,1,2,5,3,1,1,0,0,1,14
565,Idaho,Canyon,COMPASS,1,3,3887683.19,0,0,0,0,0,3,0,0,0,0,0,0,134,0,0,0,16,0,0,3,0,0,32,97,295,16,27,16027,29,25,6,4,6,7,2,0,0,1,5,3,1,1,4,5,0,0,0,0,1,0,1,1,1,1,0,2,2,0,1,0,1,14
566,Idaho,Canyon,COMPASS,1,3,2671936.622,0,0,0,0,0,42,0,0,21,0,0,166,0,0,0,0,2,0,117,83,0,0,0,0,121,16,27,16027,17,197,21,113,22,12,18,7,4,3,2,1,1,2,1,4,0,0,1,0,1,0,0,0,0,1,1,1,1,1,0,0,1,14
567,Idaho,Canyon,COMPASS,1,3,1321166.997,0,0,0,0,8,24,87,99,184,0,0,35,0,0,0,2,0,0,0,69,0,9,46,0,511,16,27,16027,882,1014,181,243,199,173,128,50,40,54,108,136,75,79,132,162,36,20,16,7,0,26,22,39,20,25,113,5,44,0,0,0,1,14
568,Idaho,Canyon,COMPASS,1,3,3956467.476,0,0,0,0,0,43,1,0,0,6,2,0,4,0,3,0,0,0,20,93,2,27,11,0,642,16,27,16027,596,960,126,259,168,181,115,74,37,31,63,78,44,24,74,118,0,3,3,3,15,15,0,24,12,23,15,7,89,0,0,7,1,14
569,Idaho,Canyon,COMPASS,1,3,2182303.905,0,0,0,0,0,3,6,0,1010,0,0,48,56,0,0,0,0,0,5,86,0,183,37,0,1690,16,27,16027,369,1083,230,259,189,182,117,67,39,27,36,55,12,21,45,64,2,12,3,4,0,3,12,8,7,15,35,16,2,6,2,3,1,14
570,Idaho,Canyon,COMPASS,1,3,866804.8731,0,0,0,0,0,24,0,0,74,7,0,0,0,0,0,3,1,50,0,60,0,44,42,0,1018,16,27,16027,2531,29,6,13,1,3,5,0,1,205,300,391,70,334,229,403,22,190,83,39,0,39,82,0,30,78,299,0,0,26,35,43,1,14
571,Idaho,Canyon,COMPASS,1,3,1022000.863,0,0,0,0,0,3,0,0,0,0,0,0,98,0,29,0,3,0,0,6,0,0,0,0,19,16,27,16027,781,10,0,3,4,0,1,2,0,59,119,85,7,39,0,231,0,0,39,0,0,0,0,0,0,0,203,0,0,28,0,0,1,14
572,Idaho,Canyon,COMPASS,1,3,1119699.044,0,0,0,0,9,13,0,3,484,0,11,9,0,0,0,2,13,0,3,3,0,300,3,0,1277,16,27,16027,403,6,0,3,2,1,0,0,0,39,79,56,5,10,49,120,0,7,0,3,0,0,7,8,12,22,71,29,0,5,8,7,1,14
573,Idaho,Canyon,COMPASS,1,3,1187652.629,0,0,3,0,0,0,642,0,12,0,0,0,0,0,0,0,36,0,0,0,3,0,66,0,192,16,27,16027,990,306,58,90,63,45,30,12,8,74,151,110,10,51,0,294,0,0,51,0,0,0,0,0,0,0,258,0,0,36,0,0,1,14
574,Idaho,Canyon,COMPASS,1,3,7807715.74,0,0,2,0,0,45,17,0,21,9,0,0,0,0,0,0,66,0,118,0,0,0,44,0,197,16,27,16027,1015,111,18,53,7,18,12,2,1,74,80,195,12,13,53,295,0,0,0,0,13,9,13,0,0,31,7,107,42,72,0,67,1,14
575,Idaho,Canyon,COMPASS,1,3,7820190.738,0,0,0,0,0,47,0,0,18,1,0,0,0,0,0,1,0,0,0,25,2,18,2,0,224,16,27,16027,253,939,124,267,146,182,136,46,38,18,19,49,3,3,34,52,3,0,0,0,0,4,0,6,6,18,0,29,18,3,0,2,1,14
576,Idaho,Canyon,COMPASS,1,3,10464763.02,0,0,33,0,69,6,0,16,2,0,0,0,0,0,0,0,0,0,0,15,0,0,14,3,739,16,27,16027,115,110,10,63,12,14,8,2,1,8,9,22,2,1,6,34,0,0,0,0,1,1,2,0,0,3,1,12,5,8,0,8,1,14
577,Idaho,Canyon,COMPASS,1,3,40958031.72,0,0,126,0,0,12,3,11,6,11,0,0,0,0,42,1,5,0,7,30,12,3,56,0,307,16,27,16027,1687,873,167,353,109,99,77,49,19,148,240,196,48,110,209,313,9,28,17,34,22,35,77,7,31,59,74,64,31,93,42,9,1,14
578,Idaho,Canyon,COMPASS,1,3,3929838.306,0,0,52,0,3,3,0,0,22,0,18,6,0,0,0,1,0,0,0,22,0,21,0,43,409,16,27,16027,2321,233,36,46,36,52,33,18,12,160,272,226,52,217,270,223,20,20,42,94,41,76,74,34,22,64,99,42,46,34,2,0,1,14
579,Idaho,Canyon,COMPASS,1,3,18908386.93,0,0,24,10,0,93,9,16,0,8,0,3,0,0,45,9,2,0,158,12,0,0,1,0,97,16,27,16027,553,160,34,39,25,42,12,1,7,47,77,64,14,13,64,125,4,1,1,0,7,7,14,6,26,11,16,35,25,30,13,6,1,14
580,Idaho,Canyon,COMPASS,1,3,24074721.16,0,0,42,0,0,216,0,0,0,6,0,0,0,0,189,18,0,0,12,0,20,22,0,0,92,16,27,16027,3333,260,32,100,47,40,14,12,15,221,362,301,71,61,307,587,19,4,5,0,33,37,70,23,121,56,79,163,121,149,52,23,1,14
581,Idaho,Canyon,COMPASS,1,3,19546724.08,0,0,20,0,0,6,0,2,32,4,0,15,0,0,94,10,28,0,2,21,0,0,14,0,410,16,27,16027,1380,325,50,144,53,43,22,6,7,147,140,97,35,61,137,221,0,6,0,26,29,8,1,21,13,94,18,78,113,0,8,4,1,14
582,Idaho,Canyon,COMPASS,1,3,8993096.305,0,0,0,0,0,52,0,0,0,0,3,0,14,0,0,17,2,0,0,4,0,0,80,0,125,16,27,16027,3113,80,13,26,6,17,6,6,6,342,320,216,82,150,368,442,0,98,0,0,52,120,30,60,0,158,67,67,158,0,82,68,1,14
583,Idaho,Canyon,COMPASS,1,3,4155228.436,0,0,0,0,0,60,0,3,0,3,2,0,0,0,0,0,16,0,0,476,0,0,9,66,13,16,27,16027,1236,40,13,8,6,3,3,5,2,140,113,140,35,182,46,200,82,0,55,0,45,0,0,9,18,19,0,27,46,63,37,27,1,14
584,Idaho,Canyon,COMPASS,1,3,36788177.78,0,0,27,0,0,59,102,39,16,53,85,0,0,0,2,2,404,0,10,58,0,69,42,0,389,16,27,16027,2560,554,80,235,63,79,47,25,25,308,296,306,69,363,166,450,137,6,115,18,87,16,15,29,45,61,45,78,105,119,67,36,1,14
585,Idaho,Canyon,COMPASS,1,3,1282670.842,0,0,0,0,0,16,1,14,26,0,2,0,62,0,8,0,26,0,1,116,0,0,26,0,110,16,27,16027,2700,682,98,209,118,107,75,51,24,93,479,278,29,23,424,432,0,0,0,23,0,28,68,108,142,78,293,23,63,24,29,0,1,14
586,Idaho,Canyon,COMPASS,1,3,2615200.556,0,0,0,0,0,1574,21,12,0,2,2,0,0,0,104,6,6,6,24,2058,0,0,9,0,4,16,27,16027,507,179,27,72,33,21,17,4,5,70,65,44,17,50,46,100,14,0,11,14,11,15,0,0,0,31,13,24,26,37,0,0,1,14
587,Idaho,Canyon,COMPASS,1,3,2594006.344,0,0,0,0,0,24,2,3,0,0,0,6,0,0,0,4,3,0,3,111,2,0,0,0,632,16,27,16027,2450,873,100,207,160,165,117,77,47,128,381,195,71,14,102,659,9,0,0,0,5,7,29,24,15,27,92,159,350,26,32,0,1,14
588,Idaho,Canyon,COMPASS,1,3,2612020.458,0,0,3,0,0,12,3,0,0,0,28,0,0,0,0,0,10,0,0,19,0,0,0,0,319,16,27,16027,1272,309,40,65,63,77,32,17,15,75,222,111,42,51,62,337,32,0,0,0,19,25,0,8,26,3,127,67,60,47,36,0,1,14
589,Idaho,Canyon,COMPASS,1,3,2607891.106,0,0,0,0,0,0,46,0,0,1,2,0,0,0,0,0,1,0,3,13,0,0,5,10,161,16,27,16027,972,730,75,211,151,130,101,28,34,77,101,159,33,24,89,257,17,0,7,0,0,36,16,27,0,10,53,121,20,39,24,0,1,14
590,Idaho,Canyon,COMPASS,1,3,1219352.074,0,0,0,0,11,10,6,1,306,1,0,21,0,0,26,1,0,0,19,160,9,0,19,9,569,16,27,16027,776,419,67,119,85,68,47,22,11,62,130,94,8,96,67,131,7,12,37,0,40,17,13,5,0,32,76,47,0,8,0,0,1,14
591,Idaho,Canyon,COMPASS,1,3,1412123.686,0,0,0,0,0,24,0,0,778,138,44,69,0,0,15,2,3,0,72,225,4,762,38,0,2956,16,27,16027,287,859,224,266,137,90,72,43,27,36,20,19,3,13,37,28,1,3,3,2,4,8,8,15,2,4,13,9,5,0,1,0,1,14
592,Idaho,Canyon,COMPASS,1,3,3401777.679,0,0,0,0,127,2277,0,127,231,4,0,0,9,0,0,0,148,0,380,891,0,452,0,0,1349,16,27,16027,1037,546,70,174,93,98,52,38,21,75,156,114,10,19,103,233,0,14,0,5,0,0,15,16,27,45,139,56,3,8,14,13,1,14
593,Idaho,Canyon,COMPASS,1,3,5755944.096,0,0,0,1,9,20,102,8,1410,1,6,20,0,0,2,1,23,0,1,206,0,436,22,0,5631,16,27,16027,4316,107,22,43,18,11,5,4,4,340,688,494,58,108,468,1004,0,62,0,42,4,12,58,75,108,215,577,253,8,37,59,70,1,14
594,Idaho,Canyon,COMPASS,1,3,2603133.211,0,0,3,0,0,15,0,0,0,0,0,24,0,0,374,0,35,0,3,106,0,0,3,39,201,16,27,16027,3822,602,49,220,105,107,55,49,17,269,497,519,119,231,437,736,231,0,0,0,0,87,121,0,26,203,180,159,390,7,0,0,1,14
595,Idaho,Canyon,COMPASS,1,3,2617482.296,0,0,0,0,0,5,123,0,94,0,0,0,138,0,0,0,56,0,29,224,0,0,0,0,73,16,27,16027,464,158,21,39,28,35,23,8,4,34,36,91,6,24,88,55,0,0,24,0,0,0,0,0,0,88,30,7,0,0,0,18,1,14
596,Idaho,Canyon,COMPASS,1,3,2620040.288,0,0,4,0,0,9,16,12,0,0,0,0,0,0,2,9,110,4,16,2,0,0,0,0,25,16,27,16027,296,203,26,88,36,25,23,2,3,24,24,64,4,16,63,37,0,0,16,0,0,0,0,0,0,63,20,5,0,0,0,12,1,14
597,Idaho,Canyon,COMPASS,1,3,2555613.365,0,0,0,0,0,1,0,0,0,0,0,0,0,0,2,0,3,0,5,0,0,0,0,0,42,16,27,16027,2893,43,12,3,17,4,0,6,1,212,232,579,48,157,570,344,0,0,157,0,0,0,0,0,0,570,197,39,0,0,0,108,1,14
598,Idaho,Canyon,COMPASS,1,3,2064020.312,0,0,0,0,0,26,0,3,3,4,0,2,0,0,22,0,3,0,8,45,0,0,0,0,235,16,27,16027,2473,37,7,7,5,1,8,8,1,263,277,700,44,173,693,418,0,0,173,0,0,0,0,0,0,693,216,58,0,0,0,144,1,14
599,Idaho,Canyon,COMPASS,1,3,2611455.18,0,0,0,0,0,2,24,2,74,1,222,0,0,0,75,0,117,0,3,388,0,0,32,0,4013,16,27,16027,2326,321,64,100,62,33,37,15,10,184,346,356,84,130,500,340,0,0,0,0,130,0,0,66,307,127,138,202,0,0,0,0,1,14
600,Idaho,Canyon,COMPASS,1,3,2312727.208,0,0,9,0,0,411,204,136,4,20,0,262,0,0,0,71,116,0,55,262,0,18,728,0,475,16,27,16027,122,1277,235,431,213,183,124,60,31,18,13,14,1,25,16,5,0,5,12,1,7,0,6,1,6,3,2,0,3,0,0,0,1,14
601,Idaho,Canyon,COMPASS,1,3,1615577.78,0,0,0,0,0,533,0,89,0,81,0,14,0,0,0,133,0,0,489,193,0,0,7,0,326,16,27,16027,174,1219,241,374,213,183,125,61,22,21,20,23,7,16,28,27,9,0,0,3,4,12,2,6,0,8,13,0,11,0,3,0,1,14
602,Idaho,Canyon,COMPASS,1,3,1627848.375,0,0,0,0,9,94,434,38,4,3,23,0,5,0,93,0,548,0,113,38,0,0,373,0,1730,16,27,16027,201,146,14,69,27,25,5,4,2,23,22,25,7,0,0,77,0,0,0,0,0,0,0,0,0,0,0,12,14,20,19,12,1,14
603,Idaho,Canyon,COMPASS,1,3,1206935.394,0,0,0,0,0,378,0,0,2,0,0,0,0,0,22,0,0,0,9,9,0,0,0,0,2216,16,27,16027,265,100,7,45,16,17,11,4,0,31,29,33,10,0,0,103,0,0,0,0,0,0,0,0,0,0,0,15,18,27,27,16,1,14
604,Idaho,Canyon,COMPASS,1,3,5158961.29,0,0,0,0,3,31,4,1,147,4,0,0,0,0,60,10,0,0,1,820,0,0,123,0,267,16,27,16027,1975,894,121,342,132,134,87,43,35,174,347,239,35,159,411,225,0,74,57,0,28,62,49,172,0,128,91,87,26,21,0,0,1,14
605,Idaho,Canyon,COMPASS,1,3,1306241.321,0,0,6,0,0,3,0,0,12,0,0,106,34,0,0,2,220,0,2,98,0,9,68,0,648,16,27,16027,895,1255,493,511,126,58,33,22,12,171,72,78,12,143,66,124,8,26,27,54,28,3,15,3,20,25,86,10,20,3,5,0,1,14
606,Idaho,Canyon,COMPASS,1,3,1221407.002,0,0,14,0,0,8,11,1,86,0,10,5,0,0,8,1,14,0,6,38,48,144,2,0,1313,16,27,16027,395,907,274,268,140,107,68,21,29,32,41,30,15,39,30,49,16,7,4,6,6,7,5,6,2,10,10,18,8,0,10,3,1,14
607,Idaho,Canyon,COMPASS,1,3,2519831.096,0,0,0,0,0,1,4,0,998,0,0,16,0,0,0,0,9,0,2,183,2,585,12,0,4251,16,27,16027,6253,44,15,15,5,5,4,0,0,657,619,487,190,367,986,600,10,103,24,133,97,310,213,236,70,157,133,220,90,0,124,33,1,14
608,Idaho,Canyon,COMPASS,1,3,920913.9718,0,0,0,0,0,1,3,0,178,3,2,9,64,0,5,0,495,108,0,14,0,0,62,0,1670,16,27,16027,4393,67,13,31,10,6,3,4,0,410,641,410,256,359,769,589,0,77,0,205,77,154,0,205,0,410,128,282,0,0,0,179,1,14
609,Idaho,Canyon,COMPASS,1,3,902049.1138,0,0,99,6,0,22,18,3,51,1,0,248,0,0,18,1,0,0,12,165,0,24,633,0,1934,16,27,16027,121,65,21,18,8,6,9,3,0,12,19,13,7,9,24,18,0,2,0,6,1,5,0,7,0,12,4,8,0,0,0,6,1,14
610,Idaho,Canyon,COMPASS,1,3,1387730.57,0,0,0,0,0,1,7,1,141,1,20,0,0,0,0,0,1,0,1,133,0,312,3,28,3326,16,27,16027,719,75,19,22,9,17,2,3,3,60,99,63,35,55,116,86,0,15,0,30,10,23,0,33,0,60,18,40,0,0,0,28,1,14
611,Idaho,Canyon,COMPASS,1,3,853057.8619,0,0,0,0,4,6,0,0,194,2,0,10,0,0,0,2,69,3,0,8,0,24,85,6,1091,16,27,16027,389,749,222,194,99,95,83,34,22,40,65,42,23,85,42,43,5,4,28,23,25,4,0,38,0,0,0,33,0,5,5,0,1,14
612,Idaho,Canyon,COMPASS,1,3,2297115.689,0,0,12,0,0,78,18,2,153,10,68,36,0,0,56,1,32,0,15,514,74,190,5,417,1267,16,27,16027,616,307,34,109,61,51,25,19,8,94,85,93,31,83,113,107,0,6,65,0,12,12,2,28,20,51,26,37,12,6,18,8,1,14
613,Idaho,Canyon,COMPASS,1,3,2062587.995,0,0,0,0,0,33,28,0,0,0,0,0,0,0,96,0,0,0,0,190,0,0,6,0,97,16,27,16027,972,111,21,46,20,13,6,3,2,100,93,98,33,88,124,112,0,7,67,0,14,14,0,31,24,55,26,41,12,7,19,7,1,14
614,Idaho,Canyon,COMPASS,1,3,2611343.8,0,0,0,0,0,77,4,2,3,0,0,1,0,0,201,16,5,0,19,15,0,0,5,0,228,16,27,16027,803,1771,240,527,293,326,205,100,80,47,132,115,31,40,88,197,11,8,4,6,11,8,12,6,7,55,55,51,24,19,3,45,1,14
615,Idaho,Canyon,COMPASS,1,3,1867060.951,0,0,0,6,3,16,150,1,8,1,0,57,42,0,3,1,0,0,6,18,0,15,0,199,1203,16,27,16027,1921,1634,449,497,249,186,157,54,42,190,224,246,70,225,287,218,91,30,29,36,39,69,79,11,91,37,116,65,10,21,5,1,1,14
616,Idaho,Canyon,COMPASS,1,3,497546.2829,0,0,0,0,0,17,1,3,94,1,0,27,0,288,102,1,22,1,22,61,54,140,7,4,1561,16,27,16027,1489,35,11,13,4,4,0,2,1,187,230,94,13,276,111,137,57,54,87,39,39,22,26,22,24,17,24,65,22,17,9,0,1,14
617,Idaho,Canyon,COMPASS,1,3,498163.2372,0,0,0,0,0,123,27,54,54,0,0,2,0,0,0,35,27,0,10,472,0,22,2,0,219,16,27,16027,119,240,82,69,39,28,14,5,3,12,12,11,2,21,10,6,4,2,7,6,2,2,2,0,0,6,5,0,0,0,1,0,1,14
618,Idaho,Canyon,COMPASS,1,3,214686.3804,0,0,0,0,0,50,0,0,60,14,0,94,0,0,0,10,30,0,28,33,0,18,30,0,171,16,27,16027,951,166,44,57,27,28,4,4,2,64,164,92,35,117,128,110,20,7,32,20,38,31,11,46,26,14,48,29,29,0,4,0,1,14
619,Idaho,Canyon,COMPASS,1,3,424746.5988,0,0,0,0,0,0,0,0,218,0,1,11,0,0,0,0,11,0,0,15,18,296,3,0,1543,16,27,16027,587,285,135,69,38,21,14,6,2,68,84,34,5,100,39,52,20,19,32,14,15,8,9,7,9,6,9,24,8,7,4,0,1,14
620,Idaho,Canyon,COMPASS,1,3,672986.3882,0,0,0,0,0,7,0,3,18,3,0,0,92,0,29,2,79,110,11,223,0,24,34,3,502,16,27,16027,7184,297,60,102,52,42,22,7,12,832,789,733,156,1165,959,386,349,155,63,205,393,155,231,342,137,94,174,143,0,38,0,31,1,14
621,Idaho,Canyon,COMPASS,1,3,383683.2712,0,0,0,0,0,1,2,6,10,2,0,24,256,0,0,2,47,2,2,8,0,0,101,0,276,16,27,16027,2180,317,90,123,47,24,15,10,8,149,371,210,80,268,289,253,45,19,71,45,88,68,24,107,56,34,111,64,69,0,9,0,1,14
622,Idaho,Canyon,COMPASS,1,3,858567.4263,0,0,0,0,12,318,132,0,0,14,24,0,0,0,574,12,90,12,0,322,0,8,0,1446,258,16,27,16027,1030,674,165,192,126,106,50,19,16,118,152,135,32,168,170,99,46,19,21,29,53,19,38,56,30,27,33,38,13,8,0,7,1,14
623,Idaho,Canyon,COMPASS,1,3,978365.5089,0,0,0,0,0,84,95,4,40,234,0,15,0,0,70,0,18,14,0,5,0,0,38,18,308,16,27,16027,1063,465,118,147,78,59,33,17,13,91,142,95,50,106,132,140,16,11,29,45,5,22,66,6,5,33,82,24,0,0,34,0,1,14
624,Idaho,Canyon,COMPASS,1,3,1940132.51,0,0,0,0,0,3,72,0,0,14,0,0,216,0,0,0,4,2,1,4,22,20,674,0,851,16,27,16027,4410,26,5,5,4,8,2,1,1,375,598,386,217,430,553,593,64,45,123,198,0,89,281,25,15,143,346,94,0,0,153,0,1,14
625,Idaho,Canyon,COMPASS,1,3,1904922.403,0,0,0,0,0,0,3,0,22,0,2,9,0,0,8,40,16,0,248,13,0,0,11,0,322,16,27,16027,217,335,50,121,63,54,21,14,12,23,20,22,8,4,22,47,0,0,0,0,4,5,0,1,4,12,12,5,8,12,10,0,1,14
626,Idaho,Canyon,COMPASS,1,3,1942019.454,0,0,0,0,0,7,0,0,0,3,0,3,0,0,0,2,4,0,0,10,0,0,27,0,43,16,27,16027,928,173,10,94,24,23,11,7,4,99,93,98,33,20,95,208,0,0,0,0,20,19,0,6,17,53,50,26,35,52,45,0,1,14
627,Idaho,Canyon,COMPASS,1,3,3853057.224,0,0,36,0,0,15,170,0,21,2,14,15,0,0,357,2,319,201,4,753,9,0,101,2,662,16,27,16027,3664,2338,317,929,371,338,217,120,46,336,588,351,114,146,388,855,73,10,0,14,49,50,90,43,62,143,112,289,284,86,84,0,1,14
628,Idaho,Canyon,COMPASS,1,3,1305423.161,0,0,2,0,0,60,747,9,80,14,56,100,13,0,43,0,56,0,36,324,2,117,67,0,688,16,27,16027,2864,763,159,270,132,104,52,20,26,337,425,318,219,179,242,878,83,0,28,32,36,116,27,30,30,39,268,246,83,185,86,10,1,14
629,Idaho,Canyon,COMPASS,1,3,771211.1019,0,0,0,0,0,4,855,291,52,0,2,50,7,0,83,6,44,0,50,194,0,132,27,524,1143,16,27,16027,3940,402,105,140,65,48,24,9,11,359,455,338,235,518,369,500,114,141,66,69,128,251,38,80,0,0,376,72,52,0,0,0,1,14
630,Idaho,Canyon,COMPASS,1,3,1181033.256,0,0,0,0,0,3,7,23,30,23,0,4,201,0,0,1,0,0,1,86,0,0,0,0,359,16,27,16027,445,364,85,116,56,50,27,18,12,35,57,40,33,41,82,42,0,15,10,8,8,2,22,56,0,2,18,24,0,0,0,0,1,14
631,Idaho,Canyon,COMPASS,1,3,3536964.046,0,0,0,2,0,42,6,7,28,0,0,10,18,0,82,0,1,286,10,33,0,0,164,0,1012,16,27,16027,4490,1451,270,454,269,232,134,55,37,165,707,586,160,229,615,774,31,28,73,84,13,66,110,112,136,191,162,317,214,37,30,14,1,14
632,Idaho,Canyon,COMPASS,1,3,2523964.23,0,0,0,0,0,4,0,0,0,0,0,2,164,0,0,0,3,0,4,0,0,0,378,0,301,16,27,16027,3645,66,4,29,11,6,10,4,2,413,378,412,138,492,136,713,0,0,0,170,322,0,0,17,102,17,136,187,203,34,51,102,1,14
633,Idaho,Canyon,COMPASS,1,3,2629740.65,0,0,0,0,0,47,10,0,9,0,0,0,0,0,0,0,0,0,10,212,0,0,70,0,55,16,27,16027,4930,244,30,106,30,30,33,8,7,484,428,465,167,546,151,847,0,0,0,188,358,0,19,19,113,0,169,226,245,38,56,113,1,14
634,Idaho,Canyon,COMPASS,1,3,2584503.736,0,0,0,0,0,66,0,3,130,13,0,3,0,0,0,1,3,0,5,35,16,398,1,0,2497,16,27,16027,1245,1255,268,433,202,167,109,47,29,137,118,115,20,81,148,161,35,17,5,7,17,22,28,27,16,55,67,51,20,16,4,3,1,14
635,Idaho,Canyon,COMPASS,1,3,1079368.958,0,0,0,0,0,9,3,0,930,0,8,4,0,0,177,3,2,0,0,52,2,342,5,0,2274,16,27,16027,1392,1120,346,345,221,107,59,32,10,114,261,141,11,223,257,47,34,38,55,65,31,119,20,5,34,79,13,23,0,0,0,11,1,14
636,Idaho,Canyon,COMPASS,1,3,2589650.904,0,0,42,0,0,3,0,0,39,102,1,3,48,0,240,0,20,0,2,38,3,74,1,0,657,16,27,16027,600,1285,228,445,204,195,117,47,49,26,68,76,9,25,69,85,8,2,3,8,4,9,15,7,13,25,27,22,23,9,3,1,1,14
637,Idaho,Canyon,COMPASS,1,3,8714181.129,0,0,0,0,0,0,1,3,3,3,0,0,256,0,94,0,0,110,3,154,0,0,182,0,179,16,27,16027,1841,96,15,37,16,12,11,1,4,152,231,220,69,187,154,331,10,0,0,82,95,22,1,56,33,42,61,65,112,22,40,31,1,14
638,Idaho,Canyon,COMPASS,1,3,8250485.195,0,0,9,1,34,14,16,1,39,2,0,0,78,0,111,2,1,0,3,1,4,21,4,0,700,16,27,16027,1319,1350,247,521,177,170,102,82,51,111,162,156,14,75,95,273,37,2,8,7,21,16,3,19,10,47,47,80,34,40,41,31,1,14
639,Idaho,Canyon,COMPASS,1,3,2706541.15,0,0,2,0,0,0,126,52,396,0,0,1,192,0,0,0,0,0,1,11,0,48,1,4,929,16,27,16027,248,1181,242,360,183,195,118,60,23,20,25,29,7,15,21,45,7,6,0,0,2,2,0,6,2,11,16,9,9,10,1,0,1,14
640,Idaho,Canyon,COMPASS,1,3,5316197.16,0,0,82,0,0,116,10,18,9,20,0,64,8,0,5,6,7,0,0,101,0,16,14,18,636,16,27,16027,214,1266,160,334,222,268,168,67,47,11,23,26,8,0,33,35,0,0,0,0,0,2,4,5,9,13,5,16,9,2,3,0,1,14
641,Idaho,Canyon,COMPASS,1,3,33873464.94,0,0,320,0,17,10,10,5,2,2,0,97,99,0,0,1,48,0,16,3,0,0,0,0,668,16,27,16027,5524,354,35,147,48,60,30,14,20,351,808,519,256,263,257,1414,17,44,107,16,79,5,11,45,0,196,346,269,156,157,139,347,1,14
642,Idaho,Canyon,COMPASS,1,3,3413585.747,0,0,28,0,5,27,0,0,8,14,0,5,0,0,80,11,9,0,0,262,0,0,2,0,101,16,27,16027,3527,478,84,214,78,54,30,12,6,164,639,365,55,263,217,743,63,0,46,54,100,18,45,36,0,118,100,389,91,63,64,36,1,14
643,Idaho,Canyon,COMPASS,1,3,2596089.271,0,0,3,0,0,1,0,0,0,6,3,0,60,0,40,0,0,0,1,184,0,0,21,0,27,16,27,16027,348,160,27,79,25,16,5,4,4,18,71,41,6,7,42,87,3,0,0,0,4,3,9,0,0,30,12,8,6,6,30,25,1,14
644,Idaho,Canyon,COMPASS,1,3,2602043.576,0,0,12,0,0,48,88,0,0,8,0,5,0,0,0,2,0,0,81,80,0,0,91,0,116,16,27,16027,694,452,55,176,67,76,46,14,18,35,128,72,11,11,70,165,3,0,0,0,8,3,14,0,0,53,22,17,14,11,53,48,1,14
645,Idaho,Canyon,COMPASS,1,3,2612260.69,0,0,0,0,0,129,0,0,0,39,0,0,0,0,76,16,2,75,0,302,0,0,63,0,112,16,27,16027,844,152,11,43,30,42,12,12,2,64,84,132,28,20,75,213,14,0,6,0,0,30,14,23,0,8,44,100,18,31,20,0,1,14
646,Idaho,Canyon,COMPASS,1,3,38864159.6,0,0,12,0,0,0,0,0,2,0,0,0,15,0,4,0,20,0,0,0,0,0,10,61,120,16,27,16027,1104,76,5,35,9,11,3,4,9,84,181,117,22,52,93,259,15,1,8,6,22,7,18,4,4,60,34,66,24,31,58,46,1,14
647,Idaho,Canyon,COMPASS,1,3,2616476.901,0,0,0,0,122,4,2,44,0,3,30,24,0,0,9,21,36,0,42,0,0,0,8,0,83,16,27,16027,949,50,9,13,5,14,2,3,4,132,88,94,22,30,108,198,0,0,0,0,30,65,0,24,0,19,95,66,15,22,0,0,1,14
648,Idaho,Canyon,COMPASS,1,3,8770645.469,0,0,34,0,0,4,2,0,6,0,2,1,0,0,108,0,3,0,3,31,0,0,30,0,493,16,27,16027,885,1267,160,482,213,193,122,60,37,122,74,82,18,27,65,204,5,3,2,13,4,16,4,5,14,26,131,24,5,14,10,20,1,14
649,Idaho,Canyon,COMPASS,1,3,10414929.98,0,0,216,0,0,12,4,0,24,0,0,1,0,0,0,0,10,0,32,9,0,0,33,0,586,16,27,16027,947,1079,126,421,168,186,88,41,49,92,121,107,28,29,139,180,2,1,1,24,1,73,25,0,1,40,37,30,13,78,20,2,1,14
650,Idaho,Canyon,COMPASS,1,3,40718526.78,0,0,30,0,0,146,0,0,0,4,0,0,0,0,506,3,3,0,0,116,0,0,8,0,232,16,27,16027,317,148,24,58,24,21,15,3,3,26,34,36,5,25,31,45,13,2,6,3,1,11,5,1,3,11,7,13,8,1,11,5,1,14
651,Idaho,Canyon,COMPASS,1,3,34904126.09,0,0,90,0,0,16,0,3,3,0,0,0,506,0,0,4,57,0,25,0,0,0,4,0,240,16,27,16027,839,190,31,73,17,22,21,10,16,58,115,80,43,38,43,215,4,7,16,1,10,5,1,6,0,31,54,33,25,22,24,57,1,14
652,Idaho,Canyon,COMPASS,1,3,23511431.15,0,0,44,0,0,6,1,5,38,2,0,1,0,0,0,4,10,0,2,4,0,0,46,0,590,16,27,16027,1174,293,49,127,46,42,9,11,9,136,98,120,34,73,77,238,26,7,12,7,21,3,29,1,17,27,17,54,40,68,39,20,1,14
653,Idaho,Canyon,COMPASS,1,3,24207639.02,0,0,10,0,39,30,4,0,6,0,10,4,0,0,112,10,30,0,0,13,0,0,0,33,286,16,27,16027,732,374,21,176,54,50,36,22,15,50,80,66,31,34,36,157,6,5,11,4,8,2,6,4,3,21,35,25,20,21,20,36,1,14
654,Idaho,Canyon,COMPASS,1,3,15596577.94,0,0,26,0,0,4,26,7,3,1,43,22,0,0,165,0,32,0,0,11,0,0,11,0,42,16,27,16027,1642,313,25,125,65,32,39,18,9,156,167,193,71,94,123,370,40,12,12,19,11,10,23,36,21,33,49,71,71,82,36,61,1,14
655,Idaho,Canyon,COMPASS,1,3,7798963.859,0.07,0.06,0,0,0,663,0,0,0,80,0,0,0,0,2,40,9,0,3,294,0,0,0,0,185,16,27,16027,38,199,32,70,25,26,21,13,12,2,3,4,1,1,4,5,0,0,1,0,0,0,2,0,0,2,1,1,1,1,1,0,1,14
656,Idaho,Canyon,COMPASS,1,3,15531323.28,0,0,69,0,0,73,75,68,0,46,0,10,0,0,72,0,28,0,4,194,0,0,83,0,179,16,27,16027,130,335,47,153,65,26,21,14,9,6,8,9,3,4,8,14,1,1,0,1,1,0,3,0,2,3,2,3,3,3,2,1,1,14
657,Idaho,Canyon,COMPASS,1,3,74694344.6,0,0,96,0,0,9,300,0,0,0,0,0,50,0,0,3,898,0,0,0,0,0,3,0,261,16,27,16027,229,81,19,33,12,10,1,4,2,20,26,31,4,18,25,38,10,0,5,3,0,10,4,0,3,8,6,11,5,1,10,5,1,14
658,Idaho,Canyon,COMPASS,1,3,54773630.3,0,0,201,0,76,482,0,0,0,634,0,0,0,0,0,0,0,0,25,8,0,0,0,0,310,16,27,16027,5,268,52,105,31,31,25,13,11,1,0,1,0,0,1,1,0,0,0,0,0,0,0,1,0,0,0,0,0,1,0,0,1,14
659,Idaho,Canyon,COMPASS,1,3,39127785.23,0,0,118,0,0,44,75,28,10,39,6,0,0,0,0,2,39,0,8,155,0,0,78,0,183,16,27,16027,2628,354,58,136,60,44,21,19,16,226,261,301,80,157,219,492,85,9,31,32,0,58,18,44,32,67,71,112,76,67,77,89,1,14
660,Idaho,Canyon,COMPASS,1,3,15663472.55,0,0,14,0,0,70,4,48,0,0,0,0,0,0,0,2,122,0,25,14,0,0,3,0,100,16,27,16027,1634,210,34,74,34,28,22,9,9,180,191,224,81,90,148,438,49,6,6,23,6,20,0,61,23,44,61,84,75,87,41,90,1,14
661,Idaho,Canyon,COMPASS,1,3,61710772.77,0.16,0.13,88,0,0,1622,212,0,28,0,0,0,0,0,0,0,192,0,423,703,4,26,96,320,496,16,27,16027,849,514,97,149,81,84,48,31,24,79,101,120,17,52,96,169,7,8,8,16,13,21,23,33,3,16,24,47,55,16,18,9,1,14
662,Idaho,Canyon,COMPASS,1,3,1457446.215,0,0,0,0,0,0,1,0,140,260,39,0,99,0,572,0,2,0,12,1,0,30,0,0,1377,16,27,16027,1268,3,0,3,0,0,0,0,0,173,135,148,12,118,200,150,0,26,34,36,22,25,13,43,65,54,60,11,74,0,0,5,1,14
663,Idaho,Canyon,COMPASS,1,3,2196627.872,0,0,0,0,0,46,0,17,336,2,4,27,0,0,136,1,12,0,0,135,0,204,0,0,1015,16,27,16027,1552,2,1,1,0,0,0,0,0,192,184,207,62,245,199,201,205,0,0,0,40,135,0,0,0,64,126,0,0,75,0,0,1,14
664,Idaho,Canyon,COMPASS,1,3,932147.3486,0,0,3,0,0,18,0,26,64,92,28,60,63,0,0,0,91,0,0,70,2,62,1,0,1369,16,27,16027,531,0,0,0,0,0,0,0,0,82,76,88,27,0,0,273,0,0,0,0,0,0,0,0,0,0,0,44,49,71,65,44,1,14
665,Idaho,Canyon,COMPASS,1,3,649130.8016,0,0,0,0,52,46,1,6,0,0,0,14,0,0,0,3,0,0,93,104,0,0,12,0,1210,16,27,16027,1034,1,1,0,0,0,0,0,0,129,129,141,39,0,0,438,0,0,0,0,0,0,0,0,0,0,0,64,78,116,116,64,1,14
666,Idaho,Canyon,COMPASS,1,3,1300492.675,0,0,0,0,0,2,26,268,3,8,60,12,0,0,0,0,4,0,1,129,0,0,5,0,516,16,27,16027,1923,884,159,276,147,143,107,29,23,84,221,341,59,103,263,339,8,5,17,11,62,32,24,47,47,113,167,91,48,18,3,12,1,14
667,Idaho,Canyon,COMPASS,1,3,1163531.445,0,0,2,0,3,0,0,0,40,1,22,0,0,0,0,0,6,0,9,189,0,20,0,0,334,16,27,16027,3443,569,175,146,82,92,45,14,15,446,437,388,93,755,387,222,122,79,259,228,67,61,82,11,0,233,164,11,21,0,14,12,1,14
668,Idaho,Canyon,COMPASS,1,3,1991871.717,0,0,26,8,0,4,4,2,196,1,14,48,4,0,0,0,90,0,14,35,0,352,27,0,4447,16,27,16027,1372,299,88,90,32,42,23,17,7,123,161,119,51,148,178,128,13,25,31,59,20,34,8,38,0,98,42,48,3,0,2,33,1,14
669,Idaho,Canyon,COMPASS,1,3,953936.7047,0,0,0,0,0,7,0,18,0,1,0,69,0,0,0,2,3,0,1,15,0,18,8,0,173,16,27,16027,3230,451,88,187,57,58,35,16,10,309,309,394,106,0,205,913,0,0,0,0,0,20,138,0,47,0,52,718,71,35,37,0,1,14
670,Idaho,Canyon,COMPASS,1,3,644211.7348,0,0,9,0,0,1,8,5,262,8,5,11,218,0,0,8,19,0,16,144,0,64,0,0,647,16,27,16027,2697,605,156,214,86,84,32,17,16,167,422,238,92,372,291,256,16,140,61,105,50,49,85,41,14,102,61,132,43,11,0,9,1,14
671,Idaho,Canyon,COMPASS,1,3,267053.6913,0,0,0,0,0,2,0,14,50,0,4,25,0,0,0,6,9,0,10,64,0,156,51,0,671,16,27,16027,35,261,135,55,25,27,3,12,4,3,3,1,0,4,1,2,1,0,2,0,1,0,0,1,0,0,1,0,1,0,0,0,1,14
672,Idaho,Canyon,COMPASS,1,3,384829.1042,0,0,0,0,0,2271,162,0,0,3,0,146,0,0,0,162,291,0,48,1213,0,0,49,0,106,16,27,16027,114,400,149,129,35,43,22,13,9,8,20,11,4,14,16,13,2,1,4,3,4,4,1,6,3,2,5,4,4,0,0,0,1,14
673,Idaho,Canyon,COMPASS,1,3,731707.4665,0,0,0,0,0,74,0,0,74,0,0,0,0,0,82,0,0,0,78,0,0,0,0,0,268,16,27,16027,113,726,202,221,117,88,59,21,18,8,12,9,7,8,13,15,3,2,1,1,1,0,5,2,5,1,2,12,0,0,0,1,1,14
674,Idaho,Canyon,COMPASS,1,3,1290251.471,0,0,0,0,0,220,2631,210,4,62,0,0,0,0,33,14,1,0,370,17,0,0,1,0,280,16,27,16027,128,1195,300,341,242,163,84,45,20,15,13,13,3,15,18,11,0,9,3,2,1,1,7,1,3,6,3,5,2,0,1,0,1,14
675,Idaho,Canyon,COMPASS,1,3,1600211.803,0,0,0,0,0,244,122,81,32,12,0,14,0,0,30,42,14,0,33,10,0,0,3,0,203,16,27,16027,139,441,61,153,77,66,45,21,18,9,19,21,7,4,20,32,0,4,0,0,0,0,0,0,5,15,0,0,4,11,7,10,1,14
676,Idaho,Canyon,COMPASS,1,3,2717835.639,0,0,3,0,0,3,0,0,0,0,0,3,0,0,518,0,24,0,0,88,0,0,40,0,170,16,27,16027,4241,1028,130,428,181,160,67,37,25,388,534,360,84,264,286,816,125,24,0,0,115,36,31,0,17,202,290,212,184,130,0,0,1,14
677,Idaho,Canyon,COMPASS,1,3,3744277.685,0,0,9,0,0,16,1,5,0,1,6,0,72,0,46,0,216,0,6,47,0,22,147,14,450,16,27,16027,1332,786,134,257,107,139,65,52,32,66,210,154,39,87,75,307,0,11,50,23,3,5,9,49,0,12,115,61,89,0,5,37,1,14
678,Idaho,Canyon,COMPASS,1,3,826284.4796,0,0,0,0,0,63,0,0,0,0,0,0,0,2164,0,0,0,0,2,0,0,0,0,0,60,16,27,16027,1071,7,1,3,0,1,0,1,1,110,96,104,32,95,127,120,0,6,76,0,13,13,6,32,19,57,31,38,13,6,26,6,1,14
679,Idaho,Canyon,COMPASS,1,3,1007906.921,0,0,0,0,0,33,0,2,1396,21,0,9,0,0,0,10,41,0,2,30,0,36,4,0,5223,16,27,16027,938,0,0,0,0,0,0,0,0,93,89,93,33,84,117,107,0,5,65,0,14,14,0,28,23,52,23,37,14,5,19,9,1,14
680,Idaho,Bonneville,BMPO,1,6,7397571.269,0,0,0,0,0,3,42,0,12,22,0,0,0,0,0,0,0,26,22,0,0,0,3,0,326,16,19,16019,244,83,22,22,10,4,12,10,3,14,30,29,10,5,16,62,2,1,0,1,1,0,4,2,4,6,12,20,16,7,5,2,1,10
681,Idaho,Bonneville,BMPO,1,6,2147743.766,0,0,0,0,0,0,3,0,0,0,0,0,0,0,0,0,0,0,0,8,0,0,0,0,24,16,19,16019,272,90,1,44,18,5,10,9,3,20,41,25,4,20,16,54,0,6,0,0,14,3,0,0,10,3,3,1,38,3,9,0,1,10
682,Idaho,Bonneville,BMPO,1,6,1474523.582,0,0,0,0,0,63,1308,201,222,801,40,0,0,0,0,0,99,0,134,0,0,0,30,0,1590,16,19,16019,30,8,0,6,0,0,1,1,0,2,4,2,0,3,3,2,1,1,0,1,0,1,1,0,1,0,1,1,0,0,0,0,1,10
683,Idaho,Bonneville,BMPO,1,6,2263054.683,0,0,7,0,0,57,111,102,228,51,53,4,0,0,0,0,415,1,0,0,4,585,26,503,224,16,19,16019,424,9,3,1,1,0,4,0,0,2,4,3,0,3,4,2,1,1,0,1,0,1,1,1,0,1,1,1,0,0,0,0,1,10
684,Idaho,Bonneville,BMPO,1,6,2387548.393,0,0,0,0,0,3,0,0,8,0,0,1,0,0,0,0,1018,7,1,1,0,8,2,16,79,16,19,16019,836,320,69,119,55,42,17,11,7,73,153,80,17,135,108,80,0,38,37,10,50,30,19,33,17,9,33,24,23,0,0,0,1,10
685,Idaho,Bonneville,BMPO,1,6,539453.8464,0,0,0,0,0,1,2,48,302,0,0,1,0,0,3,1,126,2,66,9,1,384,31,9,295,16,19,16019,258,102,44,32,4,10,9,2,1,20,54,27,1,35,48,19,12,7,8,6,2,14,10,10,2,12,9,7,2,1,0,0,1,10
686,Idaho,Bonneville,BMPO,1,6,214517.5957,0,0,0,0,0,0,0,0,0,0,0,0,0,0,70,0,0,0,0,0,0,0,0,0,91,16,19,16019,60,35,8,5,12,6,0,3,1,8,17,9,1,13,14,8,0,4,3,1,5,4,2,4,2,2,3,3,2,0,0,0,1,10
687,Idaho,Bonneville,BMPO,1,6,315050.5602,0,0,0,0,0,0,0,4,0,0,0,0,33,0,0,0,9,1,0,5,0,0,1,0,621,16,19,16019,270,112,42,19,24,12,7,5,3,24,52,28,6,83,18,9,27,3,6,41,6,6,6,3,3,0,0,0,0,6,3,0,1,10
688,Idaho,Bonneville,BMPO,1,6,158059.7362,0,0,0,0,0,1,0,0,440,0,0,4,0,0,0,1,0,0,0,0,3,63,0,0,280,16,19,16019,0,0,0,0,0,0,0,0,0,0,0,0,0,0,0,0,0,0,0,0,0,0,0,0,0,0,0,0,0,0,0,0,1,10
689,Idaho,Bonneville,BMPO,1,6,488426.2765,0,0,0,0,0,0,0,56,0,0,0,0,0,0,0,0,0,0,0,0,0,46,6,0,170,16,19,16019,21,12,8,0,2,2,0,0,0,2,6,4,0,4,6,2,1,1,1,1,0,2,1,1,0,2,1,1,0,0,0,0,1,10
690,Idaho,Bonneville,BMPO,1,6,515344.0583,0,0,0,0,0,5,1,0,0,1,4,9,0,0,69,11,0,0,0,0,0,0,11,88,888,16,19,16019,1052,390,110,127,69,42,22,16,4,79,201,99,11,79,143,168,38,0,0,0,41,18,25,38,22,40,13,98,29,28,0,0,1,10
691,Idaho,Bonneville,BMPO,1,6,1531365.414,0,0,0,0,0,28,0,0,36,0,2,0,75,0,72,5,2,0,19,2,2,37,2,0,373,16,19,16019,2071,680,157,223,100,59,66,40,35,83,247,267,87,95,161,428,0,53,0,0,42,9,45,31,28,48,28,279,18,12,54,37,1,10
692,Idaho,Bonneville,BMPO,1,6,463728.9156,0.02,0,0,0,0,0,0,0,8,0,0,0,44,0,0,0,0,0,0,0,2,0,0,0,1365,16,19,16019,1032,356,111,118,37,45,24,16,5,81,170,89,16,101,98,157,0,56,0,9,36,35,0,12,0,51,55,67,0,20,15,0,1,10
693,Idaho,Bonneville,BMPO,1,6,1322817.323,0,0,0,0,0,16,0,0,4,2,0,0,0,0,0,0,15,0,0,2,0,0,0,0,1095,16,19,16019,3043,942,154,259,155,167,109,63,35,198,394,278,72,460,220,262,161,27,0,185,87,21,56,43,78,22,32,41,34,134,0,21,1,10
694,Idaho,Bonneville,BMPO,1,6,1305493.829,0,0,14,0,0,82,0,0,111,340,0,14,0,0,84,0,82,0,72,5,0,0,14,0,2876,16,19,16019,2522,756,103,207,127,132,103,61,23,159,317,222,58,89,352,315,0,0,47,0,42,27,68,127,25,105,84,192,39,0,0,0,1,10
695,Idaho,Bonneville,BMPO,1,6,18157.37806,0,0,0,0,0,0,0,0,9,0,0,0,54,0,0,0,0,0,0,0,0,54,30,0,845,16,19,16019,0,0,0,0,0,0,0,0,0,0,0,0,0,0,0,0,0,0,0,0,0,0,0,0,0,0,0,0,0,0,0,0,1,10
696,Idaho,Bonneville,BMPO,1,6,251699.8721,0,0,0,0,0,0,0,0,0,0,0,0,0,0,64,0,0,0,0,0,0,135,0,0,596,16,19,16019,412,187,58,50,39,28,6,3,3,41,86,50,10,50,0,137,0,0,12,20,18,0,0,0,0,0,119,0,0,0,10,8,1,10
697,Idaho,Bonneville,BMPO,1,6,736531.6167,0,0,0,0,0,11,1,0,48,2,0,13,39,0,0,3,23,0,7,1,0,9,0,3,2968,16,19,16019,1761,616,125,180,102,106,52,23,28,138,286,169,31,135,160,329,36,13,21,37,28,0,0,0,42,118,104,23,96,29,21,56,1,10
698,Idaho,Bonneville,BMPO,1,6,509517.7586,0,0,0,0,0,4,0,2,42,2,0,22,0,0,0,0,0,0,0,2,0,135,0,0,677,16,19,16019,1177,446,148,128,74,48,22,12,14,97,202,121,20,102,170,168,42,22,7,10,21,41,16,55,50,8,123,24,0,0,9,12,1,10
699,Idaho,Bonneville,BMPO,1,6,328961.9197,0,0,0,0,0,4,0,0,4,0,0,0,0,0,0,19,0,0,0,1,0,188,5,0,119,16,19,16019,709,250,65,96,34,32,16,1,6,55,115,68,12,69,0,181,0,0,15,27,27,0,0,0,0,0,158,0,0,0,13,10,1,10
700,Idaho,Bonneville,BMPO,1,6,362482.47,0,0,0,0,0,12,6,0,207,11,0,1,0,0,0,11,52,0,22,43,0,246,34,0,466,16,19,16019,563,258,81,87,36,22,15,9,8,53,137,63,5,91,121,46,30,21,20,15,5,30,31,25,5,30,21,15,5,5,0,0,1,10
701,Idaho,Bonneville,BMPO,1,6,472573.9522,0,0,0,0,0,1,0,0,0,0,0,5,0,0,104,0,0,0,0,5,0,453,0,0,161,16,19,16019,913,386,147,127,40,34,29,6,3,77,200,99,10,238,74,74,30,58,21,89,40,0,16,5,37,16,46,19,8,0,0,1,1,10
702,Idaho,Bonneville,BMPO,1,6,711641.7683,0,0,0,0,0,0,1,0,46,0,0,0,40,0,0,0,477,0,0,44,2,309,0,23,1037,16,19,16019,1941,846,367,227,107,68,47,15,15,196,400,213,41,382,351,117,131,69,71,71,40,97,66,7,85,96,36,74,0,7,0,0,1,10
703,Idaho,Bonneville,BMPO,1,6,479152.9054,0,0,0,0,0,1,4,0,12,0,0,6,0,0,3,3,116,0,19,16,0,231,4,0,383,16,19,16019,1010,448,178,119,73,41,18,8,11,94,227,114,13,159,206,83,55,35,34,21,14,55,48,41,7,55,49,27,7,0,0,0,1,10
704,Idaho,Bonneville,BMPO,1,6,441328.7112,0,0,0,0,0,0,0,0,42,0,0,0,0,0,0,0,123,0,74,5,0,0,1,0,3684,16,19,16019,1049,378,72,151,51,37,38,16,13,79,124,141,32,24,211,141,7,10,0,0,7,56,65,22,22,46,16,95,13,6,11,0,1,10
705,Idaho,Bonneville,BMPO,1,6,347358.3808,0,0,0,0,0,4,11,74,134,3,7,41,0,0,0,0,2125,0,1636,16,6,585,12,161,2977,16,19,16019,141,107,76,13,4,5,5,4,0,25,51,26,5,80,16,11,29,0,3,40,8,6,5,0,5,0,0,0,3,3,5,0,1,10
706,Idaho,Bonneville,BMPO,1,6,206428.5192,2.37,1.49,0,0,0,0,0,0,342,8,0,33,0,0,0,0,0,0,29,124,3,66,0,0,31,16,19,16019,89,38,7,10,9,3,4,4,1,8,12,14,3,6,18,13,2,0,1,0,3,4,2,2,0,10,5,3,0,0,0,5,1,10
707,Idaho,Bonneville,BMPO,1,6,212140.7301,0,0,3,0,0,0,6,32,22,0,0,1,0,0,0,0,69,0,69,126,6,137,9,0,907,16,19,16019,347,199,88,48,32,15,8,8,0,36,107,52,4,71,90,38,0,12,24,19,16,5,12,34,8,31,14,6,6,0,12,0,1,10
708,Idaho,Bonneville,BMPO,1,6,308938.1013,0,0,0,0,0,30,18,21,51,0,0,0,0,0,45,0,0,0,891,22,0,16,8,0,170,16,19,16019,727,303,127,74,57,20,14,6,5,56,162,80,5,54,163,86,14,15,6,11,8,8,25,29,22,79,24,27,29,0,0,6,1,10
709,Idaho,Bonneville,BMPO,1,6,437273.8313,0,0,0,0,0,9,0,0,0,0,0,2,24,0,0,0,0,0,64,24,0,0,0,0,76,16,19,16019,1187,388,92,126,69,61,22,13,5,81,161,130,14,37,145,204,0,17,1,19,0,10,66,9,0,60,31,106,10,9,8,40,1,10
710,Idaho,Bonneville,BMPO,1,6,187620.4836,0,0,0,0,0,0,0,0,22,8,0,8,0,0,2,8,130,0,542,106,70,271,21,0,139,16,19,16019,160,62,20,22,9,8,3,0,0,12,33,16,1,12,33,17,3,3,2,2,2,1,5,6,5,16,4,6,6,0,0,1,1,10
711,Idaho,Bonneville,BMPO,1,6,142294.0729,0,0,1,0,0,1,0,0,44,0,0,1,0,0,0,3,112,0,356,29,11,0,2,0,252,16,19,16019,162,56,12,14,15,8,4,3,0,13,25,16,2,15,27,14,0,0,8,1,6,8,1,5,0,13,0,7,3,2,1,1,1,10
712,Idaho,Bonneville,BMPO,1,6,631269.4764,0,0,0,0,0,1,0,0,0,0,0,0,0,0,6,3,0,0,39,0,0,21,2,0,128,16,19,16019,1765,646,167,193,109,94,52,18,13,152,286,187,21,163,273,210,22,23,45,73,0,0,39,75,126,33,56,19,13,86,21,15,1,10
713,Idaho,Bonneville,BMPO,1,6,614966.2369,0,0,0,0,0,1,0,0,232,0,0,0,0,0,212,0,23,0,0,13,0,440,1,0,665,16,19,16019,1086,363,93,105,43,58,34,13,17,115,139,88,28,51,126,193,0,0,0,18,33,35,0,0,67,24,71,58,37,9,7,11,1,10
714,Idaho,Bonneville,BMPO,1,6,587893.6059,0.21,0.03,0,0,57,0,178,57,12,3,0,6,174,0,0,11,0,0,0,6,0,74,0,0,559,16,19,16019,969,400,146,113,53,46,29,2,11,123,151,95,31,230,75,95,52,34,107,15,22,22,0,0,30,23,49,6,40,0,0,0,1,10
715,Idaho,Bonneville,BMPO,1,6,678986.2052,1.48,0.42,0,0,0,0,0,8,0,0,0,9,0,0,0,0,64,0,0,4,0,0,0,0,145,16,19,16019,775,295,44,128,43,31,27,18,4,90,107,68,22,27,47,213,14,0,6,6,1,5,12,13,7,10,48,60,26,5,46,28,1,10
716,Idaho,Bonneville,BMPO,1,6,271980.6827,0.32,0.05,0,0,0,0,0,0,694,0,0,25,0,0,0,0,1,0,0,16,0,167,3,0,739,16,19,16019,9,2,1,1,0,0,0,0,0,0,1,1,0,2,0,0,0,1,0,0,1,0,0,0,0,0,0,0,0,0,0,0,1,10
717,Idaho,Bonneville,BMPO,1,6,2585765.72,0,0,0,0,0,91,1,38,3,4,0,3,0,0,0,0,454,0,0,145,17,0,1,0,1337,16,19,16019,4055,1340,297,390,185,172,112,121,63,418,393,366,163,369,186,785,0,44,234,39,52,20,18,7,14,127,73,250,284,76,64,38,1,10
718,Idaho,Bonneville,BMPO,1,6,160519.2445,0,0,0,0,0,0,0,0,0,8,0,0,0,0,0,3,51,0,0,0,0,0,0,0,45,16,19,16019,571,194,69,76,26,16,4,2,1,36,104,51,3,69,87,38,0,12,23,18,16,5,10,34,8,30,15,7,6,0,10,0,1,10
719,Idaho,Bonneville,BMPO,1,6,385479.7186,0,0,27,0,0,19,8,201,202,0,0,98,0,0,0,6,325,0,0,110,0,434,42,0,510,16,19,16019,1,0,0,0,0,0,0,0,0,0,0,0,0,0,0,0,0,0,0,0,0,0,0,0,0,0,0,0,0,0,0,0,1,10
720,Idaho,Bonneville,BMPO,1,6,200222.9889,0,0,0,0,0,10,0,0,62,0,0,0,0,0,0,0,26,0,0,30,0,0,0,0,651,16,19,16019,559,205,72,68,19,29,3,10,4,42,86,69,8,45,73,87,0,11,13,0,21,4,21,28,16,4,25,31,27,0,4,0,1,10
721,Idaho,Bonneville,BMPO,1,6,93105.26946,0,0,0,0,0,0,0,0,0,0,0,0,0,0,417,0,0,0,0,0,0,0,200,0,635,16,19,16019,0,0,0,0,0,0,0,0,0,0,0,0,0,0,0,0,0,0,0,0,0,0,0,0,0,0,0,0,0,0,0,0,1,10
722,Idaho,Bonneville,BMPO,1,6,362372.4379,0,0,0,0,0,1,0,0,32,0,1,7,174,0,105,0,133,0,211,11,1,292,0,0,1372,16,19,16019,850,400,158,134,40,32,18,14,4,86,161,105,12,148,117,99,79,0,32,11,26,0,57,49,0,11,39,44,8,0,8,0,1,10
723,Idaho,Bonneville,BMPO,1,6,236147.1456,0,0,0,0,0,4,0,0,3,0,0,1,0,0,2,0,0,0,392,30,0,0,0,0,183,16,19,16019,493,236,105,65,37,14,7,6,2,43,127,63,5,68,79,91,0,4,0,40,24,31,8,5,19,16,47,18,8,0,10,8,1,10
724,Idaho,Bonneville,BMPO,1,6,83064.61252,0,0,0,0,0,0,0,0,0,0,0,21,0,0,0,0,56,0,0,0,0,0,0,0,647,16,19,16019,166,37,3,13,11,5,5,0,0,8,15,12,2,8,6,23,3,0,1,0,4,3,1,0,1,1,6,8,7,2,0,0,1,10
725,Idaho,Bonneville,BMPO,1,6,159665.8472,0,0,0,0,0,0,0,0,0,0,0,0,0,0,0,0,0,0,0,0,0,0,0,0,39,16,19,16019,384,158,42,63,15,10,17,4,7,33,65,54,6,33,58,67,0,9,10,0,14,4,17,21,12,4,19,23,21,0,4,0,1,10
726,Idaho,Bonneville,BMPO,1,6,146583.6926,0,0,0,0,0,0,0,0,0,0,0,0,0,0,0,0,0,0,15,2,0,0,2,0,221,16,19,16019,329,141,43,54,15,21,7,1,0,29,59,47,6,27,24,90,11,0,4,0,12,12,4,0,4,4,24,32,26,8,0,0,1,10
727,Idaho,Bonneville,BMPO,1,6,295217.6209,0,0,0,0,0,0,0,0,112,0,0,4,0,0,496,0,0,0,0,0,5,488,0,0,913,16,19,16019,432,175,77,34,28,20,16,0,0,50,94,62,7,87,67,59,46,0,19,7,15,0,33,29,0,5,24,25,5,0,5,0,1,10
728,Idaho,Bonneville,BMPO,1,6,198245.0198,0,0,0,0,0,0,0,0,14,0,0,0,0,780,0,0,0,0,0,0,0,0,4,0,860,16,19,16019,33,1,1,0,0,0,0,0,0,0,0,0,0,0,0,0,0,0,0,0,0,0,0,0,0,0,0,0,0,0,0,0,1,10
729,Idaho,Bonneville,BMPO,1,6,256176.0937,0,0,0,0,0,0,0,0,0,0,0,0,0,0,27,0,0,0,0,39,0,0,0,18,115,16,19,16019,4,0,0,0,0,0,0,0,0,0,1,0,0,0,0,1,0,0,0,0,0,0,0,0,0,0,0,1,0,0,0,0,1,10
730,Idaho,Bonneville,BMPO,1,6,682419.825,0,0,0,0,7,12,0,0,0,0,0,0,177,0,2,0,51,0,0,4,1,0,0,0,517,16,19,16019,930,330,74,139,44,32,23,16,2,102,125,78,26,30,52,249,17,0,7,6,0,4,16,16,6,10,53,70,30,6,56,34,1,10
731,Idaho,Bonneville,BMPO,1,6,236311.0325,0,0,0,0,0,0,0,0,10,0,0,0,0,0,0,0,64,0,0,28,0,0,0,0,1045,16,19,16019,599,260,78,91,46,18,13,10,4,47,139,69,4,73,85,101,0,3,0,43,27,33,9,5,21,17,53,20,8,0,12,8,1,10
732,Idaho,Bonneville,BMPO,1,6,283552.6289,0,0,0,0,0,0,0,0,126,0,0,24,0,0,6,0,0,0,0,218,0,342,3,0,2113,16,19,16019,826,352,124,93,59,47,12,12,5,83,155,100,13,143,113,95,76,0,31,11,25,0,55,48,0,10,39,41,7,0,8,0,1,10
733,Idaho,Bonneville,BMPO,1,6,175084.9579,0,0,0,0,0,0,0,0,0,0,0,0,0,0,0,0,175,0,8,20,0,0,0,0,1952,16,19,16019,410,140,34,47,22,26,6,5,0,33,61,41,5,80,39,21,9,11,60,0,0,5,16,13,0,5,0,1,13,3,4,0,1,10
734,Idaho,Bonneville,BMPO,1,6,207921.4284,0,0,0,0,0,0,0,0,0,0,0,0,0,0,0,0,228,0,0,4,0,0,0,0,1150,16,19,16019,718,355,172,89,37,26,12,16,3,83,158,102,12,205,98,52,24,29,152,0,0,14,40,31,0,13,0,1,34,8,9,0,1,10
735,Idaho,Bonneville,BMPO,1,6,193642.6734,0,0,0,0,0,0,0,0,0,0,0,0,0,0,0,0,0,0,0,4,0,0,0,0,1067,16,19,16019,370,175,48,61,21,25,8,7,5,36,73,59,8,35,33,108,14,0,6,0,15,15,6,0,6,6,28,40,31,9,0,0,1,10
736,Idaho,Bonneville,BMPO,1,6,303899.0924,0,0,0,0,0,3,0,0,366,0,1,5,0,0,0,1,0,0,0,3,0,82,8,0,723,16,19,16019,452,158,43,49,19,35,7,3,2,34,58,50,16,18,35,105,4,3,2,2,7,3,5,4,5,18,21,27,14,9,19,15,1,10
737,Idaho,Bonneville,BMPO,1,6,740468.9925,0,0,0,0,0,125,145,98,26,0,0,0,0,0,12,6,15,0,0,0,0,84,35,0,899,16,19,16019,133,47,13,24,4,3,2,0,1,12,18,16,1,6,22,19,6,0,0,0,0,12,6,3,0,1,6,5,0,1,3,4,1,10
738,Idaho,Bonneville,BMPO,1,6,965780.1964,0,0,0,0,4,143,328,134,18,0,0,5,0,0,9,3,657,0,0,218,0,11,44,0,2064,16,19,16019,117,44,11,11,6,7,8,1,0,13,21,18,1,7,26,20,7,0,0,0,0,14,7,3,0,2,6,5,0,2,3,4,1,10
739,Idaho,Bonneville,BMPO,1,6,318929.7797,0,0,0,0,0,37,0,15,30,0,0,3,0,0,0,0,0,0,0,13,0,0,22,0,1241,16,19,16019,813,301,80,93,48,33,31,10,6,73,120,101,7,131,90,80,0,23,10,73,25,15,0,0,36,39,13,30,37,0,0,0,1,10
740,Idaho,Bonneville,BMPO,1,6,858442.244,0,0,0,0,0,1,0,0,2,0,0,0,0,0,74,0,0,1,129,0,0,0,0,0,463,16,19,16019,1240,467,76,218,63,53,40,7,10,114,180,154,12,58,55,347,6,9,9,10,24,10,1,9,0,35,91,84,12,40,59,61,1,10
741,Idaho,Bonneville,BMPO,1,6,282562.104,0,0,0,0,0,1,0,0,861,0,0,8,50,0,0,1,44,0,0,0,0,753,4,0,2702,16,19,16019,20,6,0,1,0,4,1,0,0,1,3,1,1,1,1,4,0,0,0,0,1,0,0,0,0,1,1,1,0,1,0,1,1,10
742,Idaho,Bonneville,BMPO,1,6,547199.1176,0,0,0,0,0,1,0,0,80,0,0,2,0,0,66,1,148,6,6,12,0,119,1,1,329,16,19,16019,1243,442,97,176,43,25,49,34,18,95,165,137,45,70,47,325,23,8,0,0,39,0,0,0,9,38,84,110,34,24,34,39,1,10
743,Idaho,Bonneville,BMPO,1,6,217194.583,0,0,0,0,0,2,0,0,82,0,0,0,42,0,64,0,0,8,0,2,0,28,0,0,365,16,19,16019,313,143,38,53,20,13,8,2,9,39,54,36,14,21,27,95,7,6,0,5,3,6,3,8,3,7,24,17,25,13,7,9,1,10
744,Idaho,Bonneville,BMPO,1,6,623610.7451,0,0,0,0,0,13,2,40,51,6,16,23,0,27,4,9,300,0,304,114,0,891,6,2,601,16,19,16019,1021,418,144,155,60,20,19,8,12,116,155,105,42,60,81,277,20,15,0,18,7,13,13,22,12,21,65,51,75,35,22,29,1,10
745,Idaho,Bonneville,BMPO,1,6,354413.6737,0.09,0.02,0,0,0,0,0,14,1102,0,0,1,0,0,0,0,38,0,16,14,0,574,0,0,383,16,19,16019,0,0,0,0,0,0,0,0,0,0,0,0,0,0,0,0,0,0,0,0,0,0,0,0,0,0,0,0,0,0,0,0,1,10
746,Idaho,Bonneville,BMPO,1,6,840676.033,0.26,0.08,0,0,0,14,2,0,0,0,0,0,0,0,72,0,0,0,210,0,0,0,35,0,1253,16,19,16019,684,217,29,73,36,33,23,13,10,39,109,59,10,21,72,124,0,0,10,0,11,10,21,10,0,31,31,10,21,52,10,0,1,10
747,Idaho,Bonneville,BMPO,1,6,1307501.645,0,0,0,0,0,35,25,2,168,0,0,30,38,0,183,18,106,0,247,48,0,295,6,0,705,16,19,16019,1557,492,96,152,93,69,35,21,26,111,175,149,57,52,218,222,9,4,0,9,30,18,51,28,67,54,32,95,35,42,7,11,1,10
748,Idaho,Bonneville,BMPO,1,6,2591348.193,0,0,0,0,0,12,4,15,20,3,3,3,82,0,118,3,197,10,0,63,0,429,5,61,486,16,19,16019,2224,710,122,228,111,90,65,56,38,161,252,213,84,98,186,426,25,0,9,29,35,11,27,67,34,47,28,234,63,13,68,20,1,10
749,Idaho,Bonneville,BMPO,1,6,956339.0777,0,0,0,0,0,5,0,0,0,0,0,1,44,0,0,1,312,0,0,31,0,89,1,0,1685,16,19,16019,498,211,55,92,31,12,11,7,3,50,79,68,5,28,95,79,25,0,0,0,3,53,24,13,0,5,23,21,2,5,12,16,1,10
750,Idaho,Bonneville,BMPO,1,6,445233.5548,0.02,0,0,0,0,0,0,0,190,0,0,0,0,0,20,0,623,0,172,48,0,2639,0,0,860,16,19,16019,221,1,1,0,0,0,0,0,0,1,0,1,0,0,1,1,0,0,0,0,0,0,0,1,0,0,0,0,1,0,0,0,1,10
751,Idaho,Bonneville,BMPO,1,6,3420667.811,0,0,0,0,0,5,0,4,44,2,0,3,0,0,62,1,39,0,0,10,0,0,0,0,642,16,19,16019,2214,578,54,124,84,117,79,90,30,189,122,210,56,33,136,408,15,12,0,6,0,17,18,0,50,51,29,59,63,85,113,59,1,10
752,Idaho,Bonneville,BMPO,1,6,372681.2609,0,0,53,0,0,56,109,128,27,0,0,0,0,0,62,11,0,0,389,0,0,7,38,0,316,16,19,16019,111,54,24,13,6,4,5,2,0,14,21,18,1,8,26,20,7,0,0,0,1,14,7,4,0,1,7,5,0,1,3,4,1,10
753,Idaho,Bonneville,BMPO,1,6,6803773.41,0,0,0,0,0,0,0,0,0,4,0,0,0,0,0,0,0,0,0,0,0,0,0,0,1863,16,19,16019,126,37,1,19,4,4,5,1,3,7,18,10,2,5,7,25,2,1,0,2,0,2,0,3,1,1,3,5,6,6,1,4,1,10
754,Idaho,Bonneville,BMPO,1,6,2600119.55,0,0,0,0,0,23,0,4,0,0,0,1,0,0,0,0,13,0,6,6,0,0,3,0,653,16,19,16019,1545,438,24,155,59,89,36,56,19,109,133,163,32,0,25,412,0,0,0,0,0,25,0,0,0,0,50,35,50,87,31,159,1,10
755,Idaho,Bonneville,BMPO,1,6,2605981.872,0,0,0,0,0,0,0,0,0,0,0,0,0,0,0,0,0,0,0,0,0,0,0,0,738,16,19,16019,102,26,4,5,3,2,7,4,1,9,5,10,2,1,6,19,1,0,0,0,0,1,1,0,2,2,2,3,2,4,5,3,1,10
756,Idaho,Bonneville,BMPO,1,6,7280699.449,0,0,0,0,0,1215,567,369,87,96,0,0,0,0,2,0,42,50,306,0,0,0,28,3,3207,16,19,16019,246,58,8,13,19,8,1,7,2,11,28,16,3,8,11,39,3,2,0,3,0,2,1,5,2,1,5,7,9,11,1,6,1,10
757,Idaho,Bonneville,BMPO,1,6,2570997.731,0,0,0,0,0,15,0,0,28,5,0,4,0,0,0,0,282,0,0,1,0,0,4,0,125,16,19,16019,1945,549,37,157,70,101,82,61,41,92,200,191,66,50,146,353,5,11,3,18,13,27,13,40,29,37,56,138,45,74,21,19,1,10
758,Idaho,Bonneville,BMPO,1,6,3667501.741,0,0,10,0,0,55,18,10,24,13,0,0,54,0,0,0,35,0,10,7,0,0,0,5,3266,16,19,16019,980,299,58,84,47,34,42,24,10,50,109,105,35,28,81,190,4,6,1,10,7,14,9,22,15,21,30,74,23,40,12,11,1,10
759,Idaho,Bonneville,BMPO,1,6,1314106.731,0,0,0,0,0,26,62,10,3,4,0,0,0,0,0,0,15,0,0,5,0,0,0,0,1644,16,19,16019,2420,724,102,183,114,120,105,59,41,88,266,290,93,114,133,490,33,23,31,0,27,0,15,22,35,61,206,150,71,53,0,10,1,10
760,Idaho,Bonneville,BMPO,1,6,1291674.874,0,0,0,0,0,9,0,0,0,9,3,3,0,0,80,0,77,0,61,0,3,0,6,0,4345,16,19,16019,1927,503,44,98,84,108,83,70,16,59,176,193,62,76,87,327,22,14,21,0,19,0,9,14,24,40,138,100,47,36,0,6,1,10
761,Idaho,Bonneville,BMPO,1,6,776629.0302,0,0,0,0,0,1,0,0,328,0,9,15,63,0,345,0,9,0,0,0,0,665,9,0,3353,16,19,16019,805,370,140,106,47,30,26,16,5,80,126,106,41,80,147,126,0,13,15,39,13,25,17,28,41,36,45,55,12,9,5,0,1,10
762,Idaho,Bonneville,BMPO,1,6,368333.4004,0,0,0,0,0,0,0,0,4,0,0,0,303,0,24,0,0,0,44,6,0,0,0,0,986,16,19,16019,830,252,46,84,43,35,25,15,4,62,96,80,31,60,113,96,0,9,12,30,9,20,12,21,31,29,34,42,9,8,3,0,1,10
763,Idaho,Bonneville,BMPO,1,6,233674.1268,0,0,0,0,0,0,0,0,0,0,0,0,0,0,0,0,0,0,0,0,0,0,0,0,270,16,19,16019,555,211,71,47,40,25,15,8,5,44,71,77,19,31,99,81,8,0,4,0,19,19,15,8,4,53,27,27,0,0,0,27,1,10
764,Idaho,Bonneville,BMPO,1,6,599055.8042,0,0,0,0,0,86,32,34,135,1,50,0,0,0,0,52,413,0,184,18,0,0,25,1,2861,16,19,16019,0,0,0,0,0,0,0,0,0,0,0,0,0,0,0,0,0,0,0,0,0,0,0,0,0,0,0,0,0,0,0,0,1,10
765,Idaho,Bonneville,BMPO,1,6,408537.4088,0,0,0,0,0,24,0,0,0,0,0,0,0,0,104,0,108,0,0,1,0,0,0,0,241,16,19,16019,794,279,42,109,46,43,22,6,11,57,94,105,24,39,83,158,18,0,9,3,9,21,11,9,6,36,54,33,11,24,36,0,1,10
766,Idaho,Bonneville,BMPO,1,6,1173701.017,0,0,0,0,0,0,0,0,150,1,0,2,40,0,0,0,0,2,9,0,0,0,0,0,928,16,19,16019,278,80,19,28,10,13,8,1,1,17,27,30,7,11,24,46,5,0,3,1,2,6,4,2,1,11,15,10,4,7,10,0,1,10
767,Idaho,Bonneville,BMPO,1,6,84526.57275,0,0,0,0,0,2,0,0,0,1,0,0,0,0,0,2,10,0,0,0,0,0,0,0,174,16,19,16019,323,173,69,57,23,14,4,3,3,49,59,43,22,23,35,115,12,5,0,6,0,6,6,11,0,12,23,23,34,18,5,12,1,10
768,Idaho,Bonneville,BMPO,1,6,148076.4588,0,0,0,0,0,0,0,0,4,0,0,0,0,0,4,0,1514,0,413,1950,9,1238,2,0,2402,16,19,16019,0,0,0,0,0,0,0,0,0,0,0,0,0,0,0,0,0,0,0,0,0,0,0,0,0,0,0,0,0,0,0,0,1,10
769,Idaho,Bonneville,BMPO,1,6,1296223.03,0,0,1,0,0,1,0,6,3,0,0,0,0,0,4,1,189,0,42,14,0,63,0,0,107,16,19,16019,1926,700,100,283,98,115,50,32,22,150,260,218,72,70,160,470,10,16,7,10,27,7,21,23,21,88,90,115,65,40,91,69,1,10
770,Idaho,Bonneville,BMPO,1,6,650921.5391,0,0,0,0,0,0,0,0,2,0,0,0,0,0,0,0,292,0,9,1,0,104,0,0,112,16,19,16019,612,194,32,90,19,18,11,11,13,53,72,50,19,29,37,128,10,7,0,8,4,6,6,10,5,10,31,24,34,16,10,13,1,10
771,Idaho,Bonneville,BMPO,1,6,196897.6721,0,0,0,0,0,0,18,4,176,0,68,2,0,0,0,0,16,0,0,2,0,146,12,0,396,16,19,16019,9,6,2,2,0,2,0,0,0,0,1,1,0,1,1,0,0,0,1,0,0,0,0,0,0,1,0,0,0,0,0,0,1,10
772,Idaho,Bonneville,BMPO,1,6,139097.3585,0,0,0,0,0,0,0,0,2,0,0,2,0,0,26,0,54,0,50,118,34,0,0,0,116,16,19,16019,405,171,52,56,27,16,12,6,2,33,68,53,7,59,50,52,11,0,24,24,0,19,4,16,0,11,4,20,19,4,0,5,1,10
773,Idaho,Bonneville,BMPO,1,6,146373.398,0,0,0,0,0,0,0,0,2,0,0,24,34,0,21,0,540,0,0,231,0,0,0,0,139,16,19,16019,544,273,137,56,32,12,18,9,9,58,119,96,11,103,89,92,18,0,42,43,0,33,7,28,0,21,8,35,33,8,0,8,1,10
774,Idaho,Bonneville,BMPO,1,6,169804.9993,0,0,0,0,0,0,0,0,3,0,0,0,0,0,0,0,0,0,0,0,0,0,1,0,122,16,19,16019,483,162,38,41,33,25,12,7,6,35,60,50,17,50,54,58,4,0,25,16,5,4,4,10,22,14,28,13,13,4,0,0,1,10
775,Idaho,Bonneville,BMPO,1,6,310899.6187,0,0,0,0,0,0,0,2,2,0,0,1,0,0,51,0,80,0,0,1,0,34,0,0,311,16,19,16019,675,244,77,82,36,16,18,7,8,53,89,77,25,74,81,89,6,0,37,26,5,7,5,14,35,20,44,20,18,7,0,0,1,10
776,Idaho,Bonneville,BMPO,1,6,485690.5797,0,0,0,0,0,0,0,26,15,0,29,2,30,0,0,0,0,0,0,0,0,825,13,0,1086,16,19,16019,11,1,0,1,0,0,0,0,0,0,1,0,0,1,0,0,0,0,0,1,0,0,0,0,0,0,0,0,0,0,0,0,1,10
777,Idaho,Bonneville,BMPO,1,6,489966.4178,0,0,79,0,0,5,27,44,162,289,0,0,0,0,0,4,0,0,44,15,10,272,24,0,483,16,19,16019,2,0,0,0,0,0,0,0,0,0,0,0,0,0,0,0,0,0,0,0,0,0,0,0,0,0,0,0,0,0,0,0,1,10
778,Idaho,Bonneville,BMPO,1,6,408628.4086,0,0,0,0,0,124,15,111,15,24,5,69,0,0,0,0,9,0,738,2,3,0,86,46,3096,16,19,16019,7,2,1,1,0,0,0,0,0,1,1,1,0,0,1,2,0,0,0,0,0,0,0,1,0,0,1,1,0,0,0,0,1,10
779,Idaho,Bonneville,BMPO,1,6,2028831.312,0,0,76,0,0,0,329,0,10,0,0,0,0,0,0,0,0,0,25,8,0,65,9,0,1311,16,19,16019,69,20,0,11,2,2,3,2,0,4,10,5,1,2,3,15,0,0,0,1,1,0,0,2,0,1,8,3,2,1,0,1,1,10
780,Idaho,Bonneville,BMPO,1,6,2614722.147,0,0,0,0,0,0,130,8,0,210,0,43,0,0,0,54,6,0,126,33,0,69,0,0,212,16,19,16019,58,64,15,19,14,5,4,1,6,5,12,7,1,2,5,18,0,0,0,1,1,0,0,2,1,2,10,3,2,2,0,1,1,10
781,Idaho,Bonneville,BMPO,1,6,3881725.439,0,0,0,0,0,0,0,2,0,34,0,8,0,0,0,6,0,0,4,6,0,3,0,0,437,16,19,16019,94,41,4,19,7,2,1,4,4,8,15,9,2,3,6,25,0,0,0,1,2,0,0,3,0,3,14,5,2,3,0,1,1,10
782,Idaho,Bonneville,BMPO,1,6,69738.01212,0,0,0,0,0,0,0,0,0,0,0,10,0,0,0,0,158,0,2,0,9,0,0,0,955,16,19,16019,0,0,0,0,0,0,0,0,0,0,0,0,0,0,0,0,0,0,0,0,0,0,0,0,0,0,0,0,0,0,0,0,1,10
783,Idaho,Bonneville,BMPO,1,6,169247.9081,0,0,0,0,0,0,103,48,46,86,0,0,0,0,0,0,0,0,0,0,0,52,0,0,1587,16,19,16019,6,2,2,0,0,0,0,0,0,0,1,1,0,0,1,1,0,0,0,0,0,0,0,0,0,1,1,0,0,0,0,0,1,10
784,Idaho,Bonneville,BMPO,1,6,2228105.053,0,0,0,0,0,7,0,0,44,0,0,0,0,0,0,0,0,0,3,11,0,0,0,0,2430,16,19,16019,45,38,16,13,3,3,1,1,1,2,3,3,2,0,2,8,0,0,0,0,0,1,0,0,1,0,1,1,2,1,2,1,1,10
785,Idaho,Bonneville,BMPO,1,6,2994733.244,0,0,0,0,0,8,2,2,0,0,0,0,0,0,0,0,0,0,0,0,0,0,0,0,113,16,19,16019,266,77,9,37,13,11,3,4,0,18,26,26,14,3,15,66,2,0,0,0,1,1,3,3,4,4,6,13,15,8,17,7,1,10
786,Idaho,Bonneville,BMPO,1,6,1290832.312,0,0,0,0,0,411,264,118,36,5,36,0,0,0,0,0,14,2,208,0,0,0,68,0,343,16,19,16019,46,17,7,5,1,1,2,0,1,4,5,5,3,4,7,6,0,3,1,0,0,1,1,0,2,3,3,1,2,0,0,0,1,10
787,Idaho,Bonneville,BMPO,1,6,823438.1406,0,0,0,0,0,60,6,64,6,2,0,0,0,0,9,4,0,0,105,0,2,0,18,0,2490,16,19,16019,486,196,66,40,36,21,16,10,7,43,64,57,29,59,75,59,7,23,15,14,0,8,7,0,15,45,29,15,15,0,0,0,1,10
788,Idaho,Bonneville,BMPO,1,6,2409600.586,0,0,14,0,0,0,3,52,21,0,1,0,0,0,0,0,0,0,2,0,0,4,1,0,133,16,19,16019,37,20,0,15,1,2,0,0,2,4,6,6,4,5,8,7,1,2,1,1,0,1,0,1,2,4,3,2,2,0,0,0,1,10
789,Idaho,Bonneville,BMPO,1,6,113115.1829,0,0,0,0,0,0,0,10,0,0,0,0,0,0,0,0,33,0,0,14,0,0,0,0,1468,16,19,16019,309,104,37,35,18,9,1,2,2,24,47,29,4,25,53,26,0,0,14,2,9,16,3,9,0,25,0,13,3,5,3,2,1,10
790,Idaho,Bonneville,BMPO,1,6,363228.1809,0,0,0,0,0,10,0,0,0,0,0,0,0,0,0,0,3,0,3,0,0,0,0,0,773,16,19,16019,793,289,84,86,39,45,15,18,2,73,116,99,8,52,97,147,16,10,0,17,9,0,30,17,17,33,58,31,49,9,0,0,1,10
791,Idaho,Bonneville,BMPO,1,6,278377.6929,0,0,0,0,17,11,0,0,0,28,0,0,0,0,0,5,0,0,0,13,0,0,0,0,115,16,19,16019,652,270,91,66,51,25,23,9,5,67,105,90,8,70,109,91,14,7,45,4,0,7,0,22,64,16,43,0,33,7,8,0,1,10
792,Idaho,Bonneville,BMPO,1,6,3530575.57,0,0,0,0,0,6,456,80,0,0,0,0,0,0,0,0,0,0,1926,8,0,0,0,0,1708,16,19,16019,83,18,2,14,1,0,1,0,0,3,9,5,1,1,6,11,0,0,1,0,0,1,1,1,0,3,3,1,2,4,1,0,1,10
793,Idaho,Bonneville,BMPO,1,6,120587.1576,0,0,0,0,0,17,0,0,3,1,0,0,0,0,0,1,273,0,67,7,0,79,31,0,261,16,19,16019,298,183,94,52,11,8,11,0,7,33,98,48,4,105,47,31,24,0,27,54,0,26,0,16,0,5,8,12,0,0,11,0,1,10
794,Idaho,Bonneville,BMPO,1,6,232974.4069,0,0,0,0,0,6,137,42,36,0,0,37,88,0,26,0,30,7,0,3,6,69,25,0,4131,16,19,16019,223,96,43,34,5,6,2,2,4,23,43,23,7,70,16,10,23,3,7,33,4,3,6,4,3,0,0,0,0,7,3,0,1,10
795,Idaho,Bonneville,BMPO,1,6,84708.79355,0,0,0,0,0,0,0,69,42,0,0,2,0,0,0,0,51,0,0,141,0,659,8,8,633,16,19,16019,12,2,1,0,0,0,0,0,1,0,2,0,0,2,0,0,1,0,0,1,0,0,0,0,0,0,0,0,0,0,0,0,1,10
796,Idaho,Bonneville,BMPO,1,6,263032.1582,0,0,0,0,0,184,0,10,9,0,0,5,0,0,64,0,2,0,231,64,0,15,14,0,346,16,19,16019,693,263,77,78,36,40,29,0,3,66,105,89,7,81,125,61,20,32,0,22,7,17,72,9,27,0,43,9,9,0,0,0,1,10
797,Idaho,Bonneville,BMPO,1,6,224742.4148,0,0,0,0,0,179,27,158,22,0,0,0,38,0,0,0,0,0,18,54,0,18,45,0,1319,16,19,16019,505,231,99,66,28,12,12,9,5,42,122,60,4,131,59,38,30,0,33,68,0,32,0,22,0,5,9,15,0,0,14,0,1,10
798,Idaho,Bonneville,BMPO,1,6,166921.0397,0,0,0,0,0,0,0,18,0,0,0,1,0,0,0,0,397,0,10,5,0,172,0,0,70,16,19,16019,272,105,6,57,10,12,7,7,6,25,46,31,3,27,52,26,0,0,15,2,10,16,3,8,0,25,0,14,5,5,1,1,1,10
799,Idaho,Bonneville,BMPO,1,6,155645.7279,0,0,0,0,0,0,157,0,30,0,0,0,0,0,0,0,0,0,0,0,128,16,0,0,1256,16,19,16019,490,179,47,47,33,32,14,5,1,43,79,52,6,45,90,45,0,0,26,1,18,27,6,14,0,43,0,23,7,9,3,3,1,10
800,Idaho,Bonneville,BMPO,1,6,620749.8716,0,0,0,0,0,1,0,0,20,0,0,0,0,0,0,0,0,0,6,3,0,9,0,0,2414,16,19,16019,1234,455,116,164,74,43,29,8,21,91,236,116,12,80,161,214,21,0,0,12,47,0,43,0,71,47,28,130,56,0,0,0,1,10
801,Idaho,Bonneville,BMPO,1,6,149152.5519,0,0,0,0,0,0,3,3,130,0,10,0,0,0,0,6,0,0,28,0,0,36,1,0,3515,16,19,16019,4,0,0,0,0,0,0,0,0,0,1,0,0,0,1,0,0,0,0,0,0,1,0,0,0,0,0,0,0,0,0,0,1,10
802,Idaho,Bonneville,BMPO,1,6,628581.0065,0,0,0,0,0,8,0,0,0,0,0,1,0,0,72,0,201,0,0,0,0,0,0,0,1854,16,19,16019,1150,384,56,151,54,75,23,22,3,120,146,93,29,84,82,222,0,18,20,35,11,11,9,31,2,29,16,86,36,20,29,35,1,10
803,Idaho,Bonneville,BMPO,1,6,1259308.446,0,0,0,0,0,0,0,0,0,0,0,0,46,0,0,0,0,0,0,0,0,0,0,0,127,16,19,16019,11,6,1,2,1,1,0,0,1,1,0,1,0,0,1,1,0,0,0,0,0,0,1,0,0,0,0,0,1,0,0,0,1,10
804,Idaho,Bonneville,BMPO,1,6,4458631.788,0.52,0.09,0,0,0,2,0,0,0,3,0,0,0,0,0,0,0,0,0,0,0,0,0,0,334,16,19,16019,156,53,3,36,3,8,2,1,0,16,20,14,3,7,24,22,0,0,4,2,1,1,3,11,7,2,3,4,4,0,1,10,1,10
805,Idaho,Bonneville,BMPO,1,6,2609740.45,0,0,0,0,0,18,0,0,2,0,0,0,0,0,4,0,0,0,0,0,0,0,0,0,274,16,19,16019,497,171,24,69,29,24,6,6,13,31,52,70,18,22,31,118,4,9,0,9,0,9,8,5,4,5,4,35,22,18,4,35,1,10
806,Idaho,Bonneville,BMPO,1,6,1570606.361,0,0,0,0,0,23,97,0,15,1,0,0,0,0,70,0,0,0,19,4,0,89,6,2,140,16,19,16019,1119,351,46,110,65,37,44,25,24,61,107,145,38,46,99,206,8,15,0,23,0,23,7,23,0,46,38,69,53,23,15,8,1,10
807,Idaho,Bonneville,BMPO,1,6,3178643.311,0,0,0,0,0,0,0,0,0,0,0,0,40,0,0,0,0,0,0,0,0,0,0,0,191,16,19,16019,131,38,3,13,9,5,6,2,0,0,0,0,0,0,0,0,0,0,0,0,0,0,0,0,0,0,0,0,0,0,0,0,1,10
808,Idaho,Bonneville,BMPO,1,6,6493225.383,0,0,0,0,0,1,1,0,0,0,0,0,0,0,0,0,0,0,0,0,0,0,3,0,213,16,19,16019,267,96,26,56,4,4,2,2,2,28,37,26,5,16,41,39,0,0,9,4,3,1,4,19,12,5,5,7,9,0,1,17,1,10
809,Idaho,Bonneville,BMPO,1,6,3199837.47,0,0,2,0,0,0,0,0,0,0,0,0,0,0,0,0,0,0,0,0,0,0,0,0,19,16,19,16019,50,19,5,12,0,2,0,0,0,0,0,0,0,0,0,0,0,0,0,0,0,0,0,0,0,0,0,0,0,0,0,0,1,10
810,Idaho,Bonneville,BMPO,1,6,1526547.933,0,0,0,0,0,0,1,0,0,0,1,0,0,0,0,0,15,0,0,23,0,0,4,0,301,16,19,16019,1552,427,42,89,76,102,60,39,19,93,195,117,22,100,72,255,0,30,0,0,70,10,0,0,46,16,12,6,177,18,42,0,1,10
811,Idaho,Bonneville,BMPO,1,6,2587304.3,0,0,0,0,0,0,0,0,0,0,0,0,0,0,150,0,22,0,86,4,0,0,0,0,1888,16,19,16019,593,182,10,82,12,26,25,9,18,30,67,63,22,18,48,116,2,4,1,7,4,9,5,13,8,13,19,45,15,24,7,6,1,10
812,Idaho,Bonneville,BMPO,1,6,1657915.116,0,0,0,0,0,26,0,0,2,0,0,0,0,0,0,0,0,0,3,22,0,0,0,0,902,16,19,16019,734,173,4,27,31,35,30,28,18,25,61,57,30,0,82,91,0,0,0,0,0,0,0,10,0,72,14,13,20,4,18,22,1,10
813,Idaho,Bonneville,BMPO,1,6,158809.7888,0,0,0,0,0,0,0,0,63,0,0,20,0,0,0,4,1,0,0,0,0,3,2,0,1089,16,19,16019,241,72,13,27,12,11,2,0,7,17,29,24,9,7,19,53,1,3,0,1,2,0,3,3,3,10,9,14,8,4,11,7,1,10
814,Idaho,Bonneville,BMPO,1,6,2146996.045,0.46,0.1,0,0,0,5,0,2,0,0,0,0,0,0,0,0,3,0,0,1,3,0,0,0,796,16,19,16019,524,172,33,45,27,25,25,4,13,32,84,45,8,21,30,118,8,5,0,8,0,6,3,16,5,0,16,22,29,30,2,19,1,10
815,Idaho,Bonneville,BMPO,1,6,2492770.838,0,0,0,0,0,294,43,0,16,0,0,0,0,0,0,0,0,0,180,12,0,0,27,0,298,16,19,16019,645,178,17,62,47,30,14,5,3,58,37,66,17,18,63,97,0,8,0,10,0,2,6,4,13,38,17,39,9,5,21,6,1,10
816,Idaho,Bonneville,Bonneville,0,6,88176013.92,0,0,0,0,0,10,0,0,0,0,0,2,80,0,0,3,0,0,0,20,0,0,0,0,85,16,19,16019,192,46,3,17,0,7,9,3,7,13,18,11,3,1,6,38,0,0,0,1,0,4,0,0,1,1,10,7,9,2,2,8,1,10
817,Idaho,Bonneville,BMPO,1,6,5494345.407,0,0,0,0,6,0,0,0,0,0,0,0,0,0,0,0,0,0,0,0,0,0,8,0,37,16,19,16019,151,45,6,28,5,2,1,2,1,14,19,12,2,0,5,42,0,0,0,0,0,5,0,0,0,0,10,7,10,3,2,10,1,10
818,Idaho,Bonneville,BMPO,1,6,10428570.67,0,0,0,0,0,30,0,0,0,0,0,0,0,0,0,0,6,0,0,11,0,3,0,0,501,16,19,16019,621,161,10,47,17,33,28,9,17,47,61,42,9,13,9,137,6,0,0,7,0,0,0,4,2,3,14,18,19,15,49,22,1,10
819,Idaho,Bonneville,Bonneville,0,6,46951064.32,0,0,0,0,0,0,0,0,0,0,0,0,0,0,0,0,0,0,0,2,0,0,0,0,830,16,19,16019,191,57,8,22,5,9,1,3,9,16,22,15,3,5,3,48,2,0,0,3,0,0,0,1,1,1,5,6,7,5,17,8,1,10
820,Idaho,Bonneville,BMPO,1,6,5205808.895,0,0,0,0,0,0,0,4,0,0,0,0,0,0,56,0,0,0,0,0,0,0,0,0,2113,16,19,16019,228,71,7,14,18,16,11,1,4,13,21,29,8,9,14,48,1,3,1,4,0,4,3,2,2,3,1,15,8,8,1,15,1,10
821,Idaho,Bonneville,BMPO,1,6,5123585.287,0,0,0,0,0,0,0,0,0,0,104,0,30,0,0,0,80,0,0,0,0,0,0,0,702,16,19,16019,173,51,3,23,3,12,2,1,7,9,15,21,6,8,9,34,1,2,1,4,0,2,2,2,1,2,2,10,5,5,2,10,1,10
822,Idaho,Bonneville,BMPO,1,6,1274174.75,0,0,0,0,0,0,0,0,0,0,0,0,0,0,0,0,0,0,0,0,0,0,0,0,694,16,19,16019,78,28,6,5,2,6,5,0,4,5,9,11,3,3,8,17,0,1,0,1,1,2,0,2,0,4,3,6,4,2,1,1,1,10
823,Idaho,Bonneville,BMPO,1,6,2385766.19,0,0,0,0,0,0,0,0,0,0,0,0,0,0,0,0,0,0,0,0,0,0,0,0,0,16,19,16019,100,27,5,13,4,2,1,2,0,4,10,10,3,3,7,17,0,1,0,1,1,1,0,2,2,2,2,7,2,4,1,1,1,10
824,Idaho,Bonneville,BMPO,1,6,22568110.3,0,0,0,0,0,7,0,0,0,0,0,0,0,0,0,0,2,0,0,0,0,0,2,0,3465,16,19,16019,377,68,7,16,9,16,8,6,6,25,34,22,4,2,10,73,0,0,0,2,0,6,0,0,2,2,19,15,15,5,4,15,1,10
825,Idaho,Bonneville,BMPO,1,6,26283592.13,0,0,0,0,0,70,0,3,56,0,2,2,0,0,0,2,17,5,16,5,0,0,2,7,1235,16,19,16019,1767,459,35,185,59,60,34,52,34,153,202,134,32,49,30,442,22,0,0,27,0,0,0,10,7,13,41,59,59,50,157,76,1,10
826,Idaho,Bonneville,BMPO,1,6,3272783.597,0,0,0,0,0,0,0,10,0,0,0,0,0,0,0,0,0,0,0,0,0,0,0,0,46,16,19,16019,104,38,13,19,2,4,0,0,0,12,14,10,2,5,19,14,0,0,3,1,1,1,2,8,6,2,2,2,3,0,0,7,1,10
827,Idaho,Bonneville,BMPO,1,6,2709776.361,0,0,0,0,0,1,0,0,0,9,0,0,0,0,0,0,0,0,0,3,0,0,0,0,735,16,19,16019,187,50,1,17,8,9,8,5,2,15,19,13,3,8,20,22,0,0,5,2,1,0,2,10,7,1,4,3,5,0,2,8,1,10
828,Idaho,Bonneville,BMPO,1,6,1297482.342,0,0,0,0,0,0,0,0,0,0,0,0,0,0,0,0,0,0,0,0,0,0,0,0,411,16,19,16019,70,22,1,17,0,2,0,2,0,7,8,6,1,3,10,9,0,0,2,1,0,0,0,5,3,2,1,2,1,0,0,5,1,10
829,Idaho,Bonneville,BMPO,1,6,3839750.375,0,0,0,0,0,0,0,0,6,0,0,0,0,0,0,0,0,0,0,0,0,0,0,0,834,16,19,16019,52,16,0,10,1,0,0,4,1,5,6,4,1,2,7,7,0,0,1,1,0,1,0,4,2,0,1,1,2,0,0,3,1,10
830,Idaho,Bonneville,BMPO,1,6,2603714.139,0,0,9,0,0,0,0,0,0,0,0,0,0,0,0,0,0,0,0,0,0,0,0,0,994,16,19,16019,24,12,3,7,0,1,0,1,0,4,4,3,1,2,5,5,0,0,1,0,1,0,0,3,2,0,1,1,1,0,0,2,1,10
831,Idaho,Bonneville,BMPO,1,6,2947799.096,0,0,6,0,0,0,0,0,0,0,0,0,0,0,0,0,0,0,0,0,0,0,0,0,300,16,19,16019,40,11,1,5,5,0,0,0,0,4,4,3,1,2,5,5,0,0,1,0,1,0,0,3,1,1,1,1,1,0,0,2,1,10
832,Idaho,Bonneville,BMPO,1,6,1344433.331,0,0,0,0,0,11,2,0,2,0,21,0,0,0,0,1,78,0,0,0,0,0,6,0,301,16,19,16019,636,171,14,44,23,29,26,28,7,29,57,58,29,0,43,130,0,0,0,0,0,43,0,0,0,0,43,0,44,43,0,0,1,10
833,Idaho,Bonneville,BMPO,1,6,2155600.064,0,0,0,0,0,2,23,0,0,0,0,0,0,0,0,0,0,0,0,0,0,0,0,0,307,16,19,16019,116,32,2,4,0,3,6,5,12,6,10,13,3,6,5,21,1,2,1,2,0,2,0,1,1,1,1,7,4,2,0,7,1,10
834,Idaho,Bonneville,BMPO,1,6,2338958.85,0,0,0,0,0,26,11,69,36,0,0,0,0,0,0,0,18,0,4,6,0,0,0,0,790,16,19,16019,760,240,34,61,40,26,43,20,16,43,73,97,27,8,58,174,0,0,4,0,4,7,12,12,4,23,42,39,35,19,20,19,1,10
835,Idaho,Bonneville,BMPO,1,6,1869139.804,0,0,0,0,0,1,0,0,0,0,0,0,0,0,0,0,0,0,0,0,0,0,0,0,63,16,19,16019,61,18,8,3,0,6,0,0,1,3,5,8,2,1,4,13,0,0,0,0,1,0,1,1,0,2,4,2,3,2,1,1,1,10
836,Idaho,Bonneville,BMPO,1,6,2607120.271,0,0,0,0,0,0,0,6,0,0,0,0,0,0,0,0,0,0,0,0,0,0,0,0,6,16,19,16019,104,33,4,18,0,4,1,1,5,6,10,14,3,1,8,24,0,0,0,0,1,1,2,1,1,3,6,5,5,3,3,2,1,10
837,Idaho,Bonneville,BMPO,1,6,2775151.599,0,0,0,0,0,21,0,0,0,0,0,0,0,0,0,0,0,0,0,0,0,0,0,0,13,16,19,16019,68,23,4,8,4,1,0,1,5,4,7,9,3,1,5,17,0,0,0,0,1,0,1,1,1,2,5,3,4,1,2,2,1,10
838,Idaho,Bonneville,BMPO,1,6,2666087.05,0,0,0,0,0,0,0,0,0,0,0,0,0,0,0,0,0,0,0,54,0,0,3,0,45,16,19,16019,237,83,13,29,10,12,9,5,5,18,26,25,14,4,14,65,2,0,0,1,1,1,2,3,4,4,6,12,16,7,17,7,1,10
839,Idaho,Bonneville,BMPO,1,6,1001578.272,0,0,0,0,0,0,0,0,0,0,0,0,0,0,0,0,0,0,0,6,0,0,0,0,6,16,19,16019,186,78,5,44,4,11,5,6,3,18,24,23,13,3,15,60,1,0,0,0,2,1,2,3,5,4,5,12,14,7,16,6,1,10
840,Idaho,Bonneville,BMPO,1,6,955378.614,0,0,0,0,0,11,2,0,0,27,0,0,0,0,0,0,0,0,111,0,0,0,0,0,19,16,19,16019,14,14,4,4,1,2,1,1,1,1,3,2,1,0,2,5,0,0,0,0,0,0,1,0,0,1,0,1,1,1,1,1,1,10
841,Idaho,Bonneville,BMPO,1,6,567727.7512,0,0,0,0,0,0,220,18,0,0,0,0,0,0,0,0,0,0,0,0,0,0,0,0,34,16,19,16019,0,0,0,0,0,0,0,0,0,0,0,0,0,0,0,0,0,0,0,0,0,0,0,0,0,0,0,0,0,0,0,0,1,10
842,Idaho,Bonneville,BMPO,1,6,608980.7565,0,0,0,0,0,155,18,69,16,6,0,0,0,0,9,0,0,0,18,0,6,36,55,0,121,16,19,16019,24,3,0,3,0,0,0,0,0,2,2,3,1,2,3,3,0,2,0,0,0,0,1,0,1,1,1,1,1,0,0,0,1,10
843,Idaho,Bonneville,BMPO,1,6,413522.3393,0,0,0,0,0,231,43,72,63,0,0,0,0,0,2,0,0,0,20,0,5,0,43,0,948,16,19,16019,31,15,4,8,2,1,0,0,0,3,5,4,2,3,6,5,0,1,1,1,0,1,0,1,1,3,3,1,1,0,0,0,1,10
844,Idaho,Bonneville,BMPO,1,6,2132007.315,0,0,0,0,0,0,0,3,0,94,0,0,0,0,14,0,0,0,0,0,0,0,0,0,924,16,19,16019,66,14,0,9,0,2,2,1,0,3,4,5,2,4,5,5,0,2,1,1,0,0,1,0,1,3,2,2,1,0,0,0,1,10
845,Idaho,Bonneville,BMPO,1,6,3057910.203,0,0,0,0,0,113,39,0,0,0,0,0,39,0,0,0,94,0,15,0,0,0,13,0,529,16,19,16019,104,25,12,9,1,0,1,2,0,4,9,9,3,2,5,18,1,0,0,0,1,0,1,1,1,2,3,6,5,2,1,1,1,10
846,Idaho,Bonneville,BMPO,1,6,811753.8991,0,0,0,0,0,0,0,20,26,0,0,0,0,0,0,0,0,0,0,0,0,0,0,0,1715,16,19,16019,67,35,4,8,6,8,5,3,1,6,12,13,4,3,7,25,1,1,0,0,1,0,1,1,2,3,4,8,7,2,3,1,1,10
847,Idaho,Bonneville,BMPO,1,6,1647067.8,0,0,0,0,0,28,0,93,24,30,0,0,0,0,1233,2,40,0,1442,3,0,0,202,0,2009,16,19,16019,622,181,17,67,23,39,23,8,4,29,66,65,21,10,34,137,2,3,0,2,3,0,10,2,7,15,24,47,37,14,13,2,1,10
848,Idaho,Bonneville,BMPO,1,6,3227404.816,0,0,0,0,0,5,0,0,9,12,0,0,0,0,12,0,21,0,0,2,0,0,0,0,244,16,19,16019,2498,692,67,148,114,160,112,69,22,119,248,243,82,37,143,512,14,9,0,5,9,0,37,18,33,55,92,171,138,51,46,14,1,10
849,Idaho,Bonneville,BMPO,1,6,1130276.236,0,0,0,0,2,241,99,14,6,0,0,31,0,0,9,2,91,0,396,9,82,0,73,0,602,16,19,16019,567,182,3,69,38,17,39,11,5,22,66,72,23,25,44,114,0,14,0,0,11,3,12,8,8,13,7,75,5,3,14,10,1,10
850,Idaho,Bonneville,BMPO,1,6,1122635.964,0,0,0,0,7,25,0,0,3,6,0,0,0,0,0,0,10,0,77,12,0,29,0,0,119,16,19,16019,1559,393,30,74,58,90,86,25,30,48,142,153,50,73,68,252,12,0,13,0,48,0,0,0,0,68,123,54,15,27,21,12,1,10
851,Idaho,Bonneville,BMPO,1,6,330911.4238,0,0,0,0,0,0,0,0,0,0,0,0,254,0,68,0,0,0,0,0,0,0,0,0,319,16,19,16019,7,2,0,0,0,0,1,0,1,0,1,1,0,0,1,1,0,0,0,0,0,0,0,0,0,1,0,0,0,0,1,0,1,10
852,Idaho,Bonneville,BMPO,1,6,674959.2076,0,0,0,0,0,0,0,0,0,0,0,0,54,0,0,0,0,0,0,0,0,0,0,0,54,16,19,16019,190,41,1,4,5,12,12,0,7,5,15,14,7,0,20,21,0,0,0,0,0,0,0,3,0,17,3,3,4,2,4,5,1,10
853,Idaho,Bonneville,BMPO,1,6,121318.097,0,0,0,0,0,0,0,0,492,0,0,15,0,0,0,0,0,0,0,62,0,267,4,0,811,16,19,16019,0,0,0,0,0,0,0,0,0,0,0,0,0,0,0,0,0,0,0,0,0,0,0,0,0,0,0,0,0,0,0,0,1,10
854,Idaho,Bonneville,BMPO,1,6,2600356.582,0,0,0,0,0,5,2,48,46,0,0,15,0,0,24,6,1750,0,107,142,0,1305,1,0,2213,16,19,16019,1725,667,286,170,68,54,42,29,18,219,140,246,64,242,40,387,54,72,51,6,59,0,0,8,5,27,102,75,35,65,75,35,1,10
855,Idaho,Bonneville,BMPO,1,6,2544513.442,0,0,0,0,0,7,0,0,356,0,0,9,0,0,81,1,15,0,242,24,3,247,5,0,814,16,19,16019,1348,470,110,177,48,38,60,26,11,156,98,171,45,51,161,258,0,22,0,29,0,4,14,10,33,100,46,104,23,12,55,18,1,10
856,Idaho,Bonneville,BMPO,1,6,2569775.571,0,0,0,0,0,0,0,0,0,0,0,0,0,0,0,0,0,0,0,0,0,0,0,0,0,16,19,16019,25,13,1,10,0,1,0,0,1,4,3,5,1,1,3,9,0,1,0,0,0,0,1,0,1,1,0,2,1,2,3,1,1,10
857,Idaho,Bonneville,BMPO,1,6,2835903.721,0,0,0,0,0,2,0,0,0,0,0,1,0,0,0,0,0,0,0,0,0,0,0,0,16,16,19,16019,104,38,3,27,3,0,1,0,4,12,8,14,4,2,9,27,1,1,0,0,0,1,1,0,4,3,2,4,4,6,7,4,1,10
858,Idaho,Bonneville,BMPO,1,6,2210964.148,0,0,0,0,0,1,0,0,0,0,0,0,0,0,0,0,0,0,0,2,0,0,0,0,15,16,19,16019,91,35,11,8,7,3,3,0,3,11,8,13,3,4,12,19,0,2,0,2,0,0,1,1,2,8,3,8,2,1,4,1,1,10
859,Idaho,Bonneville,BMPO,1,6,241707.9362,0,0,0,0,0,0,0,0,0,0,0,0,0,0,0,0,0,0,0,0,0,0,0,0,0,16,19,16019,29,3,0,0,1,2,0,0,0,0,1,1,0,0,1,1,0,0,0,0,0,0,0,0,0,1,0,0,0,1,0,0,1,10
860,Idaho,Bonneville,BMPO,1,6,255230.3759,0,0,0,0,0,0,0,0,0,0,0,0,0,0,138,0,28,0,0,0,0,0,0,1,258,16,19,16019,51,4,0,2,2,0,0,0,0,1,1,1,0,0,1,2,0,0,0,0,0,0,0,1,0,0,0,1,0,0,1,0,1,10
861,Idaho,Bonneville,BMPO,1,6,639720.6852,0,0,0,0,0,4,0,0,21,0,0,0,0,0,0,0,24,0,150,5,0,0,0,0,231,16,19,16019,907,314,83,73,76,34,28,7,13,96,118,75,25,67,65,182,0,14,16,28,9,8,7,25,2,23,14,70,30,15,23,30,1,10
862,Idaho,Bonneville,BMPO,1,6,2560251.653,0,0,0,0,0,0,0,0,0,0,0,0,0,0,0,0,0,0,0,0,0,0,0,0,0,16,19,16019,88,31,2,19,5,1,1,1,2,6,15,9,1,2,10,19,0,0,1,0,1,1,3,1,1,4,5,2,3,8,1,0,1,10
863,Idaho,Bonneville,BMPO,1,6,1210379.408,0,0,0,0,0,0,0,15,162,0,0,0,0,0,0,0,0,0,0,0,0,0,26,0,179,16,19,16019,60,30,5,13,5,4,1,0,2,5,15,8,2,2,11,17,0,0,1,0,1,1,2,2,1,5,4,2,3,6,2,0,1,10
864,Idaho,Bonneville,BMPO,1,6,3504278.956,0,0,0,0,0,28,0,44,0,678,0,0,0,0,0,0,3,0,0,0,0,0,0,0,490,16,19,16019,118,37,3,13,3,3,7,4,4,7,18,10,2,3,11,23,0,0,1,0,2,1,3,1,1,5,6,2,4,9,2,0,1,10
865,Idaho,Bonneville,BMPO,1,6,1550295.085,0,0,0,0,0,0,0,0,0,0,0,0,0,0,0,0,0,0,0,0,0,0,0,0,0,16,19,16019,70,26,1,15,0,3,6,1,0,5,13,7,1,3,7,16,0,0,1,0,2,0,3,1,0,3,4,2,3,6,1,0,1,10
866,Idaho,Bonneville,BMPO,1,6,1084582.608,0,0,0,0,0,0,0,550,28,905,0,0,0,0,0,0,0,0,0,0,0,0,133,0,842,16,19,16019,18,6,2,0,1,1,2,0,0,1,3,2,0,0,3,3,0,0,0,0,0,1,0,1,0,1,0,1,0,2,0,0,1,10
867,Idaho,Bonneville,BMPO,1,6,2764825.17,0,0,0,0,0,0,0,0,33,0,0,0,0,0,0,0,0,0,0,0,0,0,0,0,33,16,19,16019,18,3,2,1,0,0,0,0,0,1,1,1,0,0,1,2,0,0,0,0,0,0,1,0,0,0,1,0,0,1,0,0,1,10
868,Idaho,Bonneville,BMPO,1,6,569476.3847,0,0,0,0,0,2,0,3,260,0,0,0,0,0,0,0,0,0,0,0,0,0,0,0,265,16,19,16019,12,7,2,1,1,2,1,0,0,1,4,2,0,0,3,4,0,0,0,0,0,0,1,1,0,1,1,0,1,1,1,0,1,10
869,Idaho,Bonneville,BMPO,1,6,1174392.574,0,0,1,0,0,32,0,106,81,0,12,19,0,0,129,3,111,1,2,50,0,96,1,0,1132,16,19,16019,96,85,44,18,10,7,5,1,0,6,17,10,2,4,10,21,0,0,1,0,3,1,2,2,0,5,6,2,4,8,1,0,1,10
870,Idaho,Bonneville,BMPO,1,6,425677.8202,0,0,0,0,0,1,0,0,0,0,1,1,0,0,2,0,65,0,32,2,0,0,0,0,115,16,19,16019,673,183,24,66,22,36,23,8,4,30,89,60,15,18,17,159,18,0,0,0,0,0,0,17,0,0,18,18,35,53,0,35,1,10
871,Idaho,Bonneville,BMPO,1,6,5346309.939,0,0,310,0,0,103,0,123,0,26,0,0,0,0,0,0,0,0,14,0,0,0,0,0,255,16,19,16019,224,74,8,27,12,6,10,5,6,14,36,20,4,11,12,51,5,2,0,4,0,2,1,7,2,0,7,10,12,13,1,8,1,10
872,Idaho,Bonneville,BMPO,1,6,2609787.906,0,0,0,0,6,0,0,3,0,0,0,0,0,0,0,0,39,0,0,6,0,0,0,0,24,16,19,16019,413,137,22,33,21,24,14,14,9,34,42,51,10,8,21,108,4,0,0,0,4,4,4,9,0,4,8,15,34,35,8,8,1,10
873,Idaho,Bonneville,BMPO,1,6,1982524.89,0,0,0,0,0,0,0,0,0,0,0,0,0,0,0,0,0,0,0,0,0,0,0,0,0,16,19,16019,53,19,1,11,3,3,0,1,0,0,0,0,0,0,0,0,0,0,0,0,0,0,0,0,0,0,0,0,0,0,0,0,1,10
874,Idaho,Kootenai,KMPO,1,1,388345.0089,0,0,10,0,0,267,50,157,94,0,0,33,0,0,0,14,15,0,114,6,0,0,38,0,951,16,55,16055,93,30,1,10,12,6,1,0,0,20,13,8,6,14,10,23,1,0,7,6,0,2,2,1,2,3,3,7,5,3,3,2,1,28
875,Idaho,Kootenai,KMPO,1,1,5494741.676,0,0,0,0,0,39,113,43,27,10,0,0,0,0,0,8,6,0,0,0,0,0,16,0,268,16,55,16055,16,1,0,0,0,1,0,0,0,1,3,2,0,2,2,2,1,0,1,0,0,1,0,0,1,0,1,0,0,1,0,0,1,28
876,Idaho,Kootenai,KMPO,1,1,5186247.674,0,0,0,0,0,8,2,0,62,0,0,0,0,0,0,0,0,0,0,4,26,60,0,0,1340,16,55,16055,77,28,6,5,15,0,0,2,0,7,12,9,1,12,8,9,3,3,5,0,1,0,1,1,4,2,2,3,1,2,1,0,1,28
877,Idaho,Kootenai,KMPO,1,1,2599704.778,0,0,0,0,0,24,0,4,0,0,0,0,0,0,0,0,0,0,21,0,0,0,0,0,72,16,55,16055,489,167,58,43,34,16,9,6,1,40,76,56,7,63,36,80,6,0,8,11,38,4,16,0,8,8,8,43,10,9,10,0,1,28
878,Idaho,Kootenai,KMPO,1,1,2587276.184,0,0,0,0,0,34,156,0,3,0,0,0,909,0,126,0,24,0,4,9,0,0,0,0,1302,16,55,16055,2235,762,163,191,180,147,48,22,11,125,204,240,33,123,53,426,12,8,0,14,89,19,0,0,17,17,91,89,80,78,68,20,1,28
879,Idaho,Kootenai,KMPO,1,1,650938.5745,0,0,3,0,0,3,0,0,0,0,0,0,42,0,0,21,9,0,0,0,0,0,18,0,143,16,55,16055,1354,546,105,166,99,101,39,31,5,112,185,217,29,56,238,249,0,0,19,25,12,96,17,0,11,114,81,29,75,29,11,24,1,28
880,Idaho,Kootenai,KMPO,1,1,1297467.869,0,0,0,0,0,21,0,0,0,82,0,0,0,0,0,0,0,0,14,2,28,0,2,0,329,16,55,16055,1412,516,83,204,110,69,39,6,5,118,125,155,39,93,50,294,13,41,26,13,0,20,21,0,0,9,59,50,160,11,14,0,1,28
881,Idaho,Kootenai,KMPO,1,1,973718.8521,0,0,0,0,0,20,0,14,0,0,0,0,994,0,86,0,6,0,34,21,0,0,26,0,1155,16,55,16055,1812,626,133,205,121,85,48,17,17,134,217,256,36,125,282,236,12,3,103,3,4,95,42,5,112,28,120,36,51,27,2,0,1,28
882,Idaho,Kootenai,KMPO,1,1,970396.1396,0,0,0,0,0,8,3,0,51,0,0,0,1130,0,135,0,2,0,0,8,0,4,0,0,1319,16,55,16055,1700,639,163,213,116,82,27,28,10,173,184,228,57,126,317,199,0,5,19,29,73,44,14,82,107,70,66,133,0,0,0,0,1,28
883,Idaho,Kootenai,KMPO,1,1,405582.7594,0,0,0,0,0,18,0,0,38,0,36,4,2133,0,159,0,9,0,33,135,0,34,0,0,2788,16,55,16055,315,126,44,32,23,11,6,10,0,26,45,51,8,33,46,51,7,4,7,5,10,11,5,10,8,12,29,7,5,6,4,0,1,28
884,Idaho,Kootenai,KMPO,1,1,326155.0715,0,0,10,0,0,4,0,0,10,0,2,12,0,0,0,4,21,0,0,42,12,0,4,2,85,16,55,16055,662,240,76,72,26,41,15,9,1,68,73,88,23,50,123,79,0,2,8,11,29,17,6,31,43,26,27,52,0,0,0,0,1,28
885,Idaho,Kootenai,KMPO,1,1,648798.5793,0,0,0,9,0,14,0,0,2,0,0,0,0,0,0,6,0,0,0,4,0,0,0,0,48,16,55,16055,1131,474,169,159,68,51,10,11,6,95,113,152,31,71,191,129,0,0,24,47,0,16,35,52,11,77,38,91,0,0,0,0,1,28
886,Idaho,Kootenai,KMPO,1,1,649864.9158,0,0,0,0,0,12,3,0,81,0,0,46,0,0,15,0,6,0,0,44,0,28,3,0,125,16,55,16055,1131,469,137,134,62,81,29,19,7,127,175,114,16,81,167,184,0,29,25,27,0,29,13,35,18,72,90,29,61,0,4,0,1,28
887,Idaho,Kootenai,KMPO,1,1,968607.2234,0,0,0,0,0,34,1,0,57,2,8,2,0,0,6,9,2,0,56,9,0,0,0,6,219,16,55,16055,1507,592,114,220,116,81,37,13,11,145,152,190,48,91,187,257,0,0,39,37,15,36,0,0,66,85,149,0,68,0,16,24,1,28
888,Idaho,Kootenai,KMPO,1,1,650665.164,0,0,3,0,0,3,0,0,2,0,0,0,0,0,0,0,16,0,0,4,0,0,0,0,30,16,55,16055,748,255,42,88,45,35,31,10,4,35,70,125,11,78,143,20,0,0,0,78,0,0,49,70,2,22,0,20,0,0,0,0,1,28
889,Idaho,Kootenai,KMPO,1,1,326639.3684,0,0,0,0,0,0,0,0,2,4,0,0,0,0,0,0,0,0,0,0,0,0,0,0,6,16,55,16055,144,51,19,16,2,8,2,4,0,8,15,26,3,17,30,5,0,0,0,17,0,0,10,16,0,4,0,5,0,0,0,0,1,28
890,Idaho,Kootenai,KMPO,1,1,42166814.13,0,0,2,0,0,26,0,14,3,27,0,0,0,0,21,0,2,0,3,3,2,0,0,0,94,16,55,16055,1056,321,41,141,50,36,20,15,18,73,136,99,13,0,43,278,0,0,0,0,0,0,0,0,0,43,67,101,30,67,0,13,1,28
891,Idaho,Kootenai,KMPO,1,1,2613773.148,0,0,0,0,0,6,0,0,8,0,0,3,522,0,24,0,30,0,2,10,0,0,8,0,592,16,55,16055,3019,1090,204,359,191,197,90,29,20,154,304,532,51,85,198,758,19,0,41,25,0,17,51,98,0,32,293,217,162,73,13,0,1,28
892,Idaho,Kootenai,KMPO,1,1,5232306.963,0,0,0,0,3,11,0,0,15,0,0,0,40,0,21,20,0,0,3,2,0,9,0,0,159,16,55,16055,2709,1063,229,398,178,152,67,19,20,196,262,177,26,74,167,420,0,36,23,6,9,41,33,80,1,12,42,88,173,51,62,4,1,28
893,Idaho,Kootenai,KMPO,1,1,1949601.661,0,0,0,0,0,16,12,25,36,52,0,0,3222,69,304,15,8,0,54,0,0,0,8,2,3791,16,55,16055,1832,636,118,224,120,77,57,15,25,140,192,127,18,61,140,276,0,28,19,11,3,32,23,56,5,24,42,60,112,24,38,0,1,28
894,Idaho,Kootenai,KMPO,1,1,655727.629,0,0,6,0,0,54,109,17,872,0,0,68,309,10,0,12,45,0,54,860,0,230,50,3,2810,16,55,16055,669,274,144,96,13,8,8,1,4,4,6,3,1,3,5,6,0,1,1,1,0,1,0,1,1,2,3,1,2,0,0,0,1,28
895,Idaho,Kootenai,KMPO,1,1,585366.6901,0,0,0,0,0,0,0,0,746,0,0,58,0,0,0,0,57,0,0,1296,0,82,0,0,1673,16,55,16055,110,3,0,0,1,1,1,0,0,1,2,4,0,2,4,1,0,0,0,2,0,0,2,2,0,0,0,1,0,0,0,0,1,28
896,Idaho,Kootenai,KMPO,1,1,16769959.7,0,0,9,0,0,22,0,0,0,0,0,0,0,0,0,0,4,0,3,0,0,0,2,0,48,16,55,16055,664,261,36,118,40,29,21,7,10,63,114,72,12,49,102,110,7,10,16,11,5,4,15,60,10,13,17,43,36,12,0,2,1,28
897,Idaho,Kootenai,KMPO,1,1,122191.6108,0,0,0,0,14,0,7,1,60,0,0,45,0,0,15,9,22,0,30,94,0,60,6,9,614,16,55,16055,97,34,10,7,2,7,5,2,1,9,9,12,3,7,18,8,0,0,0,1,6,3,0,5,8,2,3,5,0,0,0,0,1,28
898,Idaho,Kootenai,KMPO,1,1,1191714.846,0,0,0,0,0,27,0,3,9,0,0,14,666,0,0,18,88,0,8,48,0,68,8,0,906,16,55,16055,1573,615,171,195,120,60,41,21,7,176,298,150,42,149,195,322,71,57,9,0,12,46,58,30,31,30,196,52,42,9,16,7,1,28
899,Idaho,Kootenai,KMPO,1,1,179297.5899,0,0,0,0,0,0,0,10,117,0,0,64,44,0,0,2,8,0,36,27,0,261,24,0,471,16,55,16055,108,31,10,9,5,4,1,1,1,9,10,12,3,8,17,9,0,0,0,2,6,2,0,6,8,1,3,6,0,0,0,0,1,28
900,Idaho,Kootenai,KMPO,1,1,87124.25669,0,0,0,0,0,0,0,0,0,0,0,0,0,0,0,0,0,0,0,0,0,82,0,0,128,16,55,16055,68,51,15,20,7,3,5,1,0,9,16,18,2,12,16,17,2,0,5,2,3,5,2,2,3,4,10,2,0,3,2,0,1,28
901,Idaho,Kootenai,KMPO,1,1,523211.1078,0,0,3,0,0,0,0,0,130,0,0,0,0,0,0,4,0,0,0,0,34,45,0,0,499,16,55,16055,132,64,21,20,13,5,5,0,0,14,21,25,4,16,23,25,3,3,3,3,4,5,3,4,4,7,15,3,2,3,2,0,1,28
902,Idaho,Kootenai,KMPO,1,1,121367.3889,0,0,0,0,0,0,0,0,0,0,0,0,0,0,0,0,0,0,0,0,0,0,0,0,0,16,55,16055,296,139,67,43,10,15,3,0,1,30,54,66,6,40,58,58,12,0,11,6,11,12,6,11,12,17,35,6,5,6,6,0,1,28
903,Idaho,Kootenai,KMPO,1,1,475747.0545,0,0,0,0,0,18,0,0,24,0,0,0,0,0,0,4,0,12,0,75,0,0,8,0,125,16,55,16055,764,258,47,77,55,48,13,15,3,52,97,72,8,82,46,101,8,0,11,16,47,3,24,0,11,8,12,54,12,11,12,0,1,28
904,Idaho,Kootenai,KMPO,1,1,557633.4419,0,0,0,0,3,0,12,53,54,2,42,0,0,0,0,3,0,0,2,15,0,117,15,0,572,16,55,16055,995,469,175,179,45,45,18,7,0,74,149,107,21,140,111,100,30,40,50,0,20,10,10,21,40,30,20,30,20,10,20,0,1,28
905,Idaho,Kootenai,KMPO,1,1,1665125.775,0,0,0,0,0,188,47,4,24,0,0,20,0,0,0,9,4,0,8,40,0,0,2,0,319,16,55,16055,857,299,84,61,62,52,20,8,12,60,112,84,10,106,83,77,24,32,40,0,10,6,5,13,35,24,13,24,16,13,11,0,1,28
906,Idaho,Kootenai,KMPO,1,1,5183094.555,0,0,0,0,0,40,0,0,16,0,0,0,0,0,0,0,4,0,82,22,18,62,30,0,292,16,55,16055,1353,564,134,259,75,44,16,24,12,183,209,128,20,197,106,237,10,12,141,0,34,30,17,35,0,24,47,86,28,29,15,32,1,28
907,Idaho,Kootenai,KMPO,1,1,1159787.251,0,0,0,0,0,8,0,2,20,0,0,24,0,150,16,0,20,0,2,3,0,111,72,0,568,16,55,16055,553,253,47,131,38,23,10,4,0,89,101,60,10,94,51,115,4,6,68,0,16,15,8,16,0,12,23,41,12,14,9,16,1,28
908,Idaho,Kootenai,KMPO,1,1,1237480.631,0,0,0,0,0,0,0,0,0,0,0,0,0,0,0,0,0,0,0,0,22,0,0,0,22,16,55,16055,4,2,0,0,0,0,0,2,0,2,2,2,0,2,1,3,0,0,2,0,0,1,0,0,0,0,1,1,0,0,1,0,1,28
909,Idaho,Kootenai,KMPO,1,1,287987.1124,0,0,0,0,0,0,0,0,0,0,0,0,0,0,0,0,0,0,0,0,0,0,0,0,7,16,55,16055,51,10,1,8,0,1,0,0,0,5,6,3,1,6,5,4,1,0,2,0,3,0,1,1,2,1,1,2,1,0,0,0,1,28
910,Idaho,Kootenai,KMPO,1,1,933992.1161,0,0,0,0,0,0,12,3,0,44,0,0,0,0,0,0,0,0,0,0,0,0,0,116,188,16,55,16055,45,8,1,3,0,3,0,1,0,2,2,2,0,2,2,2,0,0,1,0,1,0,1,0,1,0,1,1,0,0,0,0,1,28
911,Idaho,Kootenai,KMPO,1,1,1249967.757,0,0,0,0,0,0,7,148,690,28,0,0,0,0,0,0,0,0,126,0,0,52,3,0,800,16,55,16055,214,79,7,17,15,25,13,0,2,1,3,2,0,2,2,2,1,0,1,0,0,1,0,0,1,0,1,0,0,1,0,0,1,28
912,Idaho,Kootenai,KMPO,1,1,266612.6865,0,0,0,0,0,0,66,0,18,0,0,9,0,0,0,2,0,0,0,9,0,22,16,0,188,16,55,16055,19,5,0,4,0,1,0,0,0,1,2,1,0,1,1,2,1,0,0,0,0,0,0,1,0,0,1,1,0,0,0,0,1,28
913,Idaho,Kootenai,KMPO,1,1,224658.1419,0,0,0,0,0,10,0,0,142,24,0,40,0,0,0,0,26,0,16,70,0,254,0,0,645,16,55,16055,14,0,0,0,0,0,0,0,0,0,0,0,0,0,0,0,0,0,0,0,0,0,0,0,0,0,0,0,0,0,0,0,1,28
914,Idaho,Kootenai,KMPO,1,1,2628326.477,0,0,0,0,0,74,10,4,0,12,4,4,0,0,0,2,0,2,70,4,0,0,0,0,185,16,55,16055,1594,580,58,303,80,78,36,12,13,93,151,179,25,91,39,318,9,6,0,11,65,14,0,0,13,12,68,66,59,59,51,15,1,28
915,Idaho,Kootenai,KMPO,1,1,334640.0842,0,0,0,0,0,15,51,0,46,0,0,3,256,0,0,18,45,0,207,40,0,18,38,0,1076,16,55,16055,230,71,12,13,31,2,5,6,2,21,37,18,5,21,27,33,4,1,6,7,3,4,8,4,6,5,15,9,2,7,0,0,1,28
916,Idaho,Kootenai,KMPO,1,1,724949.764,0,0,0,0,0,0,94,40,2,0,2,0,0,0,0,0,3,0,0,0,0,0,0,0,416,16,55,16055,0,0,0,0,0,0,0,0,0,0,0,0,0,0,0,0,0,0,0,0,0,0,0,0,0,0,0,0,0,0,0,0,1,28
917,Idaho,Kootenai,KMPO,1,1,443995.2752,0,0,0,0,0,12,54,0,0,0,0,0,0,0,0,0,0,0,4,14,0,3,0,0,119,16,55,16055,306,196,85,73,18,14,1,3,2,7,11,5,2,7,8,10,1,1,1,3,1,1,2,2,1,2,5,2,1,2,0,0,1,28
918,Idaho,Kootenai,KMPO,1,1,219223.5051,0,0,0,0,0,8,0,0,88,0,0,15,0,0,4,4,48,0,0,15,0,52,20,0,291,16,55,16055,551,213,62,57,39,39,12,2,2,59,98,49,15,60,72,89,10,2,18,22,8,10,17,15,17,13,42,22,10,15,0,0,1,28
919,Idaho,Kootenai,KMPO,1,1,2818426.439,0,0,0,0,0,2,34,0,0,0,0,0,0,0,0,0,0,0,0,0,0,0,0,0,36,16,55,16055,26,4,2,2,0,0,0,0,0,1,0,1,0,0,0,2,0,0,0,0,0,0,0,0,0,0,1,0,0,1,0,0,1,28
920,Idaho,Kootenai,KMPO,1,1,7822384.053,0,0,9,0,0,44,82,0,0,28,0,2,0,0,0,0,4,0,0,0,0,0,0,0,167,16,55,16055,1582,567,96,189,88,100,54,24,16,99,72,82,20,48,9,216,0,12,8,0,28,0,0,0,4,5,46,7,56,77,0,30,1,28
921,Idaho,Kootenai,KMPO,1,1,12626120.55,0,0,0,0,0,38,9,0,0,0,0,0,0,0,3,0,0,0,0,30,27,8,0,0,291,16,55,16055,295,116,7,59,26,15,3,5,1,37,27,30,8,16,12,74,3,4,2,0,7,1,2,6,2,1,12,15,21,17,2,7,1,28
922,Idaho,Kootenai,KMPO,1,1,306518.6117,0,0,0,0,0,96,3,0,198,14,0,14,0,0,0,8,20,0,6,96,15,198,8,0,656,16,55,16055,629,334,175,93,33,19,7,2,5,124,133,83,4,121,136,87,41,12,16,52,0,27,0,11,40,58,87,0,0,0,0,0,1,28
923,Idaho,Kootenai,KMPO,1,1,1522518.338,0,0,0,0,0,14,0,3,2,9,0,0,0,0,0,2,33,4,18,3,2,3,2,0,73,16,55,16055,2188,888,195,372,144,110,36,22,9,307,281,262,45,151,248,496,0,43,23,42,43,2,96,59,31,60,91,105,153,60,4,83,1,28
924,Idaho,Kootenai,KMPO,1,1,5193691.464,0,0,4,0,0,42,0,4,6,0,0,0,0,0,0,0,0,0,4,2,0,0,6,0,69,16,55,16055,564,172,17,58,26,39,19,8,5,13,55,19,5,14,34,44,5,0,1,7,1,2,19,2,3,8,3,10,16,8,1,6,1,28
925,Idaho,Kootenai,KMPO,1,1,2642855.149,0,0,0,0,0,76,0,0,0,0,0,0,0,0,0,2,0,0,3,2,9,24,0,0,109,16,55,16055,269,96,5,38,22,16,7,4,4,8,58,19,4,15,30,44,5,0,2,8,0,0,19,2,3,6,4,6,18,9,0,7,1,28
926,Idaho,Kootenai,KMPO,1,1,280261.8458,0,0,0,0,0,86,18,0,174,0,0,74,0,0,0,100,0,0,0,39,54,316,56,0,1200,16,55,16055,297,134,84,34,11,3,2,0,0,19,20,12,5,32,8,16,7,4,13,3,5,0,1,4,0,3,13,0,3,0,0,0,1,28
927,Idaho,Kootenai,KMPO,1,1,2631292.33,0,0,0,0,0,21,0,20,0,0,0,6,0,0,39,0,0,0,0,0,0,0,0,0,83,16,55,16055,91,39,5,21,4,4,4,1,0,15,12,7,3,4,19,14,1,0,0,0,3,5,5,1,0,8,1,8,2,0,3,0,1,28
928,Idaho,Kootenai,KMPO,1,1,1043872.055,0,0,2,0,0,54,7,17,64,12,0,8,0,0,0,4,16,0,20,84,0,66,0,0,399,16,55,16055,989,390,97,179,44,43,11,14,2,155,126,116,16,63,217,133,7,35,7,13,1,20,32,32,14,119,50,59,20,0,4,0,1,28
929,Idaho,Kootenai,KMPO,1,1,671941.8217,0,0,0,0,0,22,212,245,141,0,0,0,1086,33,86,10,12,0,22,0,9,0,12,0,2098,16,55,16055,124,64,28,5,8,23,0,0,0,20,18,16,9,3,27,33,0,0,0,3,0,0,9,0,0,18,13,5,13,0,2,0,1,28
930,Idaho,Kootenai,KMPO,1,1,1743600.743,0,0,0,0,0,18,0,6,21,0,0,46,96,0,0,2,56,2,2,94,0,134,8,0,364,16,55,16055,1459,617,175,213,79,78,33,25,14,229,180,185,33,79,116,432,15,20,20,7,17,40,16,5,40,15,57,118,176,23,32,26,1,28
931,Idaho,Kootenai,KMPO,1,1,1130164.8,0,0,0,0,0,27,4,3,2,0,0,0,39,0,0,9,15,0,0,0,0,9,24,0,149,16,55,16055,1271,481,70,232,82,58,21,11,7,117,174,99,38,50,152,226,6,7,9,9,19,10,26,66,26,24,48,81,34,23,8,32,1,28
932,Idaho,Kootenai,KMPO,1,1,1423297.302,0,0,0,0,0,12,0,18,9,0,0,0,0,0,0,0,2,0,0,0,0,30,0,0,97,16,55,16055,502,195,42,60,36,28,13,6,10,43,74,75,12,63,69,72,13,12,18,6,14,12,7,12,18,20,33,15,10,7,7,0,1,28
933,Idaho,Kootenai,KMPO,1,1,515234.5681,0,0,0,0,0,63,0,0,4,0,0,0,0,0,14,0,0,0,0,2,0,34,0,0,146,16,55,16055,1096,414,109,138,83,51,24,6,3,146,156,97,6,123,149,133,18,28,11,0,66,20,9,61,19,40,72,8,21,11,21,0,1,28
934,Idaho,Kootenai,KMPO,1,1,455638.2955,0,0,0,0,0,30,0,15,20,0,0,2,0,0,0,0,12,0,2,0,0,2,4,0,100,16,55,16055,1371,514,130,201,87,55,27,13,1,160,139,224,27,155,163,232,40,13,8,58,36,59,32,24,37,11,110,13,88,10,11,0,1,28
935,Idaho,Kootenai,KMPO,1,1,2535702.844,0,0,0,0,0,9,0,0,0,0,0,0,0,0,0,8,4,0,0,4,0,3,3,0,37,16,55,16055,1015,439,95,173,60,62,29,15,5,177,125,144,36,162,134,186,10,2,5,19,126,32,15,30,12,45,32,92,37,0,25,0,1,28
936,Idaho,Kootenai,KMPO,1,1,343913.5769,0,0,0,0,0,12,0,0,0,0,0,0,627,0,88,0,0,0,0,0,0,0,0,0,714,16,55,16055,659,194,53,77,21,23,9,3,8,75,51,59,16,69,59,73,2,0,2,8,57,16,6,9,6,22,14,35,14,0,10,0,1,28
937,Idaho,Kootenai,KMPO,1,1,466572.8593,0,0,0,0,0,15,0,0,0,0,0,8,112,0,0,0,8,0,6,15,0,0,9,0,226,16,55,16055,686,309,98,93,45,39,23,7,4,128,91,106,29,117,95,142,11,4,3,15,84,22,11,25,7,30,22,69,33,0,18,0,1,28
938,Idaho,Kootenai,KMPO,1,1,79465.11621,0,0,0,0,0,4,0,0,0,0,0,15,0,0,3,0,14,0,0,15,0,54,0,82,182,16,55,16055,157,38,9,18,2,5,4,0,0,13,14,13,0,0,10,30,0,0,0,0,0,0,0,10,0,0,0,20,10,0,0,0,1,28
939,Idaho,Kootenai,KMPO,1,1,557860.9745,0,0,0,0,0,8,0,0,0,2,0,10,1336,0,16,4,3,0,0,0,0,150,82,0,1673,16,55,16055,135,41,0,1,17,12,7,2,2,8,17,16,4,4,10,31,0,0,2,0,2,0,4,2,0,4,11,4,6,4,2,4,1,28
940,Idaho,Kootenai,KMPO,1,1,458736.2632,0,0,0,2,0,14,9,0,12,4,0,8,408,0,170,0,9,0,76,46,0,6,24,0,763,16,55,16055,984,318,58,95,81,59,15,6,4,52,104,129,17,44,69,189,20,7,0,0,17,14,0,7,0,48,63,59,33,0,34,0,1,28
941,Idaho,Kootenai,KMPO,1,1,303215.7613,0,0,0,0,0,2,2,28,46,0,0,0,0,0,0,0,0,0,30,27,0,0,3,0,136,16,55,16055,656,213,19,93,42,31,12,7,9,34,72,90,11,25,54,128,11,3,0,0,11,8,2,9,2,33,41,38,22,2,25,0,1,28
942,Idaho,Kootenai,KMPO,1,1,1350312.379,0,0,0,0,0,20,2,5,44,6,14,9,1268,333,213,0,39,0,0,18,0,42,0,0,2038,16,55,16055,1316,470,84,163,49,95,50,18,11,65,131,162,21,55,88,236,25,9,0,0,21,18,0,9,0,61,78,74,40,0,44,0,1,28
943,Idaho,Kootenai,KMPO,1,1,567786.1764,0,0,0,0,0,10,0,0,248,3,0,0,75,0,104,0,0,0,0,28,28,72,0,0,434,16,55,16055,558,232,78,74,25,31,12,7,5,39,89,88,10,31,51,144,0,0,10,11,10,0,31,10,0,10,52,20,21,20,0,31,1,28
944,Idaho,Kootenai,KMPO,1,1,2615955.599,0,0,0,0,19,237,368,57,3,0,0,0,0,0,26,6,2,0,0,14,0,0,0,0,1112,16,55,16055,1700,608,115,218,97,98,60,14,6,69,137,169,22,36,134,227,4,4,1,0,27,16,27,20,11,60,61,60,48,10,39,9,1,28
945,Idaho,Kootenai,KMPO,1,1,10425931.94,0,0,0,0,4,8,2,0,3,0,0,16,0,0,0,2,0,0,0,82,0,0,0,0,100,16,55,16055,1286,463,49,178,103,74,36,14,9,41,83,91,19,23,67,144,1,5,5,2,10,6,17,10,6,28,41,29,29,15,17,13,1,28
946,Idaho,Kootenai,KMPO,1,1,354367.148,0,0,4,0,1,35,0,0,2,22,0,0,0,0,0,0,0,0,0,4,6,0,0,0,75,16,55,16055,44,14,7,7,0,0,0,0,0,4,7,3,2,1,6,9,0,0,1,0,0,0,2,2,1,1,1,4,2,0,1,1,1,28
947,Idaho,Kootenai,KMPO,1,1,695993.6262,0,0,0,0,18,296,166,152,33,3,40,0,0,0,0,2,20,8,66,0,0,0,15,0,830,16,55,16055,426,191,56,50,36,25,8,9,7,86,57,38,19,18,109,73,9,0,0,0,9,37,27,9,0,36,0,46,9,0,18,0,1,28
948,Idaho,Kootenai,KMPO,1,1,2601821.949,0,0,0,0,0,10,0,0,0,0,0,0,0,0,0,2,9,0,0,0,0,0,0,0,19,16,55,16055,434,142,26,51,21,28,9,7,0,41,35,22,7,11,54,40,4,0,0,0,7,15,14,4,0,21,3,25,4,0,8,0,1,28
949,Idaho,Kootenai,KMPO,1,1,654910.5381,0,0,0,0,0,8,12,0,0,0,0,0,0,0,0,3,2,0,8,6,0,0,0,0,49,16,55,16055,881,275,24,127,48,49,14,7,6,38,63,74,10,20,80,85,0,0,7,8,5,32,6,0,4,38,27,10,25,11,4,8,1,28
950,Idaho,Kootenai,KMPO,1,1,1313996.254,0,0,0,0,0,42,0,0,8,0,0,4,0,0,2,6,8,0,12,15,0,12,0,0,192,16,55,16055,2966,953,142,272,182,207,70,48,32,81,617,200,47,52,180,713,0,0,52,0,0,0,0,0,101,79,248,106,286,0,12,61,1,28
951,Idaho,Kootenai,KMPO,1,1,1279827.725,0,0,0,0,0,12,0,0,0,0,4,0,0,0,0,9,8,0,14,4,4,0,12,0,49,16,55,16055,1913,706,138,263,101,108,58,28,10,80,373,130,30,103,203,307,29,3,18,47,6,9,106,12,23,53,30,56,118,53,9,41,1,28
952,Idaho,Kootenai,KMPO,1,1,2659656.881,2.43,0.69,0,0,0,196,503,18,66,10,0,0,0,0,0,0,2,0,50,114,0,9,2,0,1064,16,55,16055,1057,390,63,173,94,33,17,8,2,76,182,80,20,52,93,213,5,5,23,8,11,16,9,6,19,43,50,45,72,13,16,17,1,28
953,Idaho,Kootenai,KMPO,1,1,1766042.786,0,0,2,0,0,32,0,0,0,0,0,0,0,0,0,4,6,0,14,14,0,0,0,0,69,16,55,16055,1191,425,67,174,77,55,29,10,13,95,178,88,23,68,107,209,8,7,26,11,16,23,13,8,12,51,40,50,65,18,21,15,1,28
954,Idaho,Kootenai,KMPO,1,1,2562122.929,0,0,0,0,0,20,0,3,40,0,12,6,0,0,0,16,2,0,9,4,18,68,14,68,408,16,55,16055,2144,789,143,333,138,123,35,5,12,195,364,179,45,237,237,309,57,15,40,69,56,73,36,50,36,42,79,66,54,14,29,67,1,28
955,Idaho,Kootenai,KMPO,1,1,484953.035,0,0,0,0,0,0,0,0,0,285,0,3,0,18,0,14,54,0,0,38,6,20,10,0,323,16,55,16055,724,364,114,144,53,26,16,10,1,119,126,72,31,141,162,45,34,16,42,30,19,60,18,38,8,38,18,23,4,0,0,0,1,28
956,Idaho,Kootenai,KMPO,1,1,709355.7739,0,0,0,0,0,9,0,3,0,0,0,2,346,0,3,10,6,0,30,84,0,2,0,0,454,16,55,16055,1509,469,117,138,77,85,28,9,15,155,98,184,8,38,43,364,35,0,1,1,1,2,1,34,2,4,115,52,101,93,2,1,1,28
957,Idaho,Kootenai,KMPO,1,1,948294.9699,0,0,0,0,0,28,2,10,572,0,4,27,0,24,16,34,8,0,3,141,0,316,9,0,1144,16,55,16055,1848,866,349,278,144,54,31,7,3,297,309,180,74,304,484,72,79,40,65,78,42,190,56,107,27,104,0,72,0,0,0,0,1,28
958,Idaho,Kootenai,KMPO,1,1,267638.9115,0.89,0.25,0,0,0,0,0,32,75,0,0,6,0,0,0,28,0,0,0,15,0,363,4,0,562,16,55,16055,28,2,2,0,0,0,0,0,0,0,1,0,0,0,1,0,0,0,0,0,0,1,0,0,0,0,0,0,0,0,0,0,1,28
959,Idaho,Kootenai,KMPO,1,1,103521.6914,0,0,0,0,0,16,0,0,16,18,0,44,0,0,0,39,87,0,218,504,0,16,0,51,1034,16,55,16055,5,1,0,1,0,0,0,0,0,0,1,0,0,0,1,0,0,0,0,0,0,0,1,0,0,0,0,0,0,0,0,0,1,28
960,Idaho,Kootenai,KMPO,1,1,343823.0554,0,0,0,0,1,14,5,2,610,10,0,9,0,36,0,12,3,0,30,0,34,54,42,0,1098,16,55,16055,160,120,79,36,2,2,0,1,0,42,43,25,10,67,20,33,16,7,28,6,10,0,4,8,0,8,26,0,7,0,0,0,1,28
961,Idaho,Kootenai,KMPO,1,1,1036373.933,0,0,0,0,0,94,141,90,888,0,9,48,0,0,0,6,174,9,16,42,0,210,66,0,1781,16,55,16055,372,226,122,61,17,20,5,1,0,79,83,48,20,129,37,64,29,13,56,12,19,2,6,15,0,14,51,1,12,0,0,0,1,28
962,Idaho,Kootenai,KMPO,1,1,306082.8243,0,0,0,0,0,18,0,0,0,0,0,0,1298,0,152,0,0,0,0,0,0,0,0,0,1448,16,55,16055,753,293,64,106,57,34,21,9,2,91,88,77,41,20,120,157,0,0,0,20,0,0,39,0,0,81,62,22,62,0,11,0,1,28
963,Idaho,Kootenai,KMPO,1,1,971926.2303,0,0,15,0,0,16,0,135,15,70,0,14,16,0,0,0,4,0,12,54,32,22,0,0,505,16,55,16055,1294,480,113,192,85,55,32,1,2,151,144,126,67,27,203,258,0,0,0,27,0,0,67,0,0,136,102,39,100,0,17,0,1,28
964,Idaho,Kootenai,KMPO,1,1,336194.729,2.43,0.69,0,0,0,22,11,22,228,0,0,3,0,0,33,16,14,0,231,33,0,242,76,0,934,16,55,16055,48,21,4,14,3,0,0,0,0,6,5,5,2,1,8,9,0,0,0,1,0,0,3,0,0,5,3,2,3,0,1,0,1,28
965,Idaho,Kootenai,KMPO,1,1,318870.2017,0,0,0,0,0,22,4,16,482,2,0,0,0,0,15,0,15,0,0,76,6,22,58,0,589,16,55,16055,178,62,7,24,7,18,6,0,0,16,15,13,7,3,21,27,0,0,0,3,0,0,7,0,0,14,11,4,10,0,2,0,1,28
966,Idaho,Kootenai,KMPO,1,1,1306954.313,0,0,0,0,0,10,0,0,126,0,0,0,2187,146,232,0,3,0,0,78,0,0,0,0,2730,16,55,16055,1320,398,63,161,69,56,28,16,5,120,117,129,13,111,61,207,65,20,5,0,21,22,8,1,0,30,64,89,21,17,0,16,1,28
967,Idaho,Kootenai,KMPO,1,1,1302433.415,0,0,0,0,37,46,57,36,14,3,0,16,630,0,80,12,4,0,30,21,0,15,28,8,1055,16,55,16055,515,194,62,60,19,25,21,2,5,88,56,33,26,60,37,106,4,3,28,25,0,8,5,5,6,13,15,29,24,15,14,9,1,28
968,Idaho,Kootenai,KMPO,1,1,469708.2309,0,0,0,0,0,18,0,0,694,0,48,0,0,0,8,0,84,0,2,63,3,42,60,0,1363,16,55,16055,784,466,273,127,37,12,9,5,3,137,149,93,6,156,88,141,90,52,14,0,0,58,17,0,0,13,64,46,31,0,0,0,1,28
969,Idaho,Kootenai,KMPO,1,1,861638.515,0,0,0,0,0,9,0,0,0,3,0,2,0,0,0,4,4,0,26,10,0,0,0,0,57,16,55,16055,1358,530,152,194,68,68,28,11,9,168,160,193,21,157,172,213,34,21,10,39,53,49,25,42,33,23,105,12,69,11,16,0,1,28
970,Idaho,Kootenai,KMPO,1,1,229484.6942,0,0,0,0,0,0,0,0,122,0,0,180,0,0,0,8,0,0,0,0,0,300,6,0,489,16,55,16055,107,52,7,28,10,5,1,1,0,8,10,6,3,11,7,9,3,1,4,1,2,1,2,2,1,1,6,1,1,0,1,0,1,28
971,Idaho,Kootenai,KMPO,1,1,273708.2748,0,0,0,0,0,0,0,8,33,2,0,0,590,0,78,0,3,0,16,226,0,75,16,0,1098,16,55,16055,391,174,80,40,16,19,14,2,3,25,36,23,11,24,33,38,9,2,2,4,7,6,6,8,8,5,19,9,3,3,4,0,1,28
972,Idaho,Kootenai,KMPO,1,1,602490.9738,0,0,0,0,195,8,0,2,0,0,0,0,39,0,0,0,2,0,0,0,0,0,3,0,265,16,55,16055,1244,476,126,179,83,44,22,19,3,123,171,116,49,87,177,195,39,7,0,9,32,33,20,32,61,31,95,52,19,11,18,0,1,28
973,Idaho,Kootenai,KMPO,1,1,553291.6057,0,0,0,0,0,6,0,0,0,0,0,0,186,0,134,3,8,0,0,3,0,45,0,0,317,16,55,16055,1350,559,141,168,130,79,29,9,3,141,198,133,57,196,141,192,77,26,40,12,41,25,30,17,28,41,115,37,25,8,7,0,1,28
974,Idaho,Kootenai,KMPO,1,1,652293.7052,0,0,0,0,0,72,14,89,662,152,8,33,195,0,2,48,207,0,117,207,0,166,54,50,2170,16,55,16055,469,155,64,40,21,9,8,8,5,48,68,45,20,58,58,65,20,6,9,10,13,11,16,14,7,10,33,13,4,8,7,0,1,28
975,Idaho,Kootenai,KMPO,1,1,294510.2107,0,0,0,0,0,2,0,0,4,0,0,28,30,0,0,16,48,0,34,298,0,0,0,0,420,16,55,16055,538,223,87,92,12,23,2,5,2,101,67,64,11,94,101,48,22,39,11,10,12,31,14,43,0,13,11,27,5,0,0,5,1,28
976,Idaho,Kootenai,KMPO,1,1,385932.4485,0,0,0,0,0,0,0,0,9,0,32,90,0,0,278,0,12,0,861,5444,0,2,0,230,5837,16,55,16055,84,0,0,0,0,0,0,0,0,0,0,0,0,0,0,0,0,0,0,0,0,0,0,0,0,0,0,0,0,0,0,0,1,28
977,Idaho,Kootenai,KMPO,1,1,327445.3807,0,0,0,0,0,0,28,0,27,0,0,45,672,0,112,34,52,2,4,123,9,39,0,0,1313,16,55,16055,479,163,59,39,31,13,15,1,5,76,49,48,9,70,60,52,20,8,15,19,8,9,15,13,6,17,16,19,6,3,4,4,1,28
978,Idaho,Kootenai,KMPO,1,1,861235.8416,0,0,4,0,0,10,8,0,12,0,2,4,1546,0,88,8,14,0,82,82,8,78,50,0,1988,16,55,16055,1649,726,237,255,91,73,40,13,17,181,276,257,32,228,203,315,16,16,18,95,83,33,7,19,59,85,124,80,46,1,5,59,1,28
979,Idaho,Kootenai,KMPO,1,1,871289.3654,0,0,0,0,0,18,0,26,168,0,50,48,512,0,358,12,130,0,66,66,20,261,48,39,2514,16,55,16055,1697,793,276,304,99,58,30,18,8,167,255,238,30,133,225,332,9,32,12,64,16,37,16,17,63,92,109,81,83,17,35,7,1,28
980,Idaho,Kootenai,KMPO,1,1,683583.9567,0,0,111,0,0,99,12,12,27,0,0,10,36,0,0,9,66,0,0,40,0,68,50,0,606,16,55,16055,1179,561,206,208,70,57,15,4,1,170,206,127,25,165,233,130,50,76,16,10,13,21,80,37,46,49,25,51,20,26,7,1,1,28
981,Idaho,Kootenai,KMPO,1,1,2580161.545,0,0,4,0,0,69,6,0,8,3,0,2,951,0,116,24,26,0,20,262,0,0,15,0,1226,16,55,16055,4347,1590,383,476,280,266,131,39,15,434,254,526,19,296,358,579,277,0,11,0,8,0,14,30,34,280,149,85,138,125,71,11,1,28
982,Idaho,Kootenai,KMPO,1,1,999985.2572,0,0,0,90,0,24,969,0,201,0,0,26,66,0,0,70,244,62,717,140,0,274,0,0,2696,16,55,16055,1590,713,212,245,124,83,38,4,7,185,176,157,81,133,129,337,59,11,22,27,14,32,0,0,55,42,191,33,37,63,0,13,1,28
983,Idaho,Kootenai,KMPO,1,1,920671.797,0,0,0,0,0,16,32,0,178,0,108,15,0,0,0,0,242,0,86,392,4,116,8,226,1246,16,55,16055,973,399,168,128,45,34,14,6,4,124,118,104,55,90,85,226,40,8,14,17,11,22,0,0,36,27,128,23,24,43,0,8,1,28
984,Idaho,Kootenai,KMPO,1,1,344086.4513,0,0,0,0,0,50,296,0,24,0,0,207,0,0,0,0,123,0,0,147,26,0,9,344,1030,16,55,16055,6,5,1,1,2,1,0,0,0,2,2,2,1,1,2,4,1,0,0,0,0,1,0,0,1,0,2,1,0,1,0,0,1,28
985,Idaho,Kootenai,KMPO,1,1,352774.5851,0,0,22,0,0,0,4,6,404,0,0,32,0,0,0,0,39,0,400,30,6,52,15,0,1572,16,55,16055,0,0,0,0,0,0,0,0,0,0,0,0,0,0,0,0,0,0,0,0,0,0,0,0,0,0,0,0,0,0,0,0,1,28
986,Idaho,Kootenai,KMPO,1,1,2074964.895,0,0,0,0,0,38,0,3,0,0,0,4,75,0,10,3,2,0,46,15,4,0,3,0,204,16,55,16055,1082,399,48,194,41,74,24,10,8,174,108,64,51,118,75,204,8,5,56,49,0,18,9,12,11,25,28,57,46,29,26,18,1,28
987,Idaho,Kootenai,KMPO,1,1,857620.7656,0,0,0,0,0,2,0,9,0,0,0,0,0,0,0,2,2,0,33,2,3,0,2,0,28,16,55,16055,323,118,3,57,13,16,18,5,6,56,36,20,18,39,25,66,3,3,18,15,0,5,3,4,4,9,9,20,15,8,8,6,1,28
988,Idaho,Kootenai,KMPO,1,1,1195085.863,0,0,0,0,0,24,0,0,0,0,0,4,0,0,0,2,0,0,9,0,0,0,3,0,39,16,55,16055,425,143,10,50,28,45,7,2,1,59,38,24,16,38,26,73,2,2,17,16,1,5,4,4,3,10,9,19,15,12,11,7,1,28
989,Idaho,Kootenai,KMPO,1,1,1464164.89,0,0,0,0,0,15,0,2,0,0,4,12,1180,0,156,0,9,0,2,2,0,0,20,0,1389,16,55,16055,1591,619,100,276,101,72,40,17,13,206,186,177,29,0,173,425,0,0,0,0,0,39,13,13,34,74,122,109,53,62,61,18,1,28
990,Idaho,Kootenai,KMPO,1,1,1285707.637,0,0,2,0,0,74,1,20,26,0,4,6,92,0,3,0,12,4,26,2,0,0,18,0,292,16,55,16055,1319,488,98,190,64,73,39,18,6,179,144,91,31,56,133,256,30,0,23,0,3,37,5,1,57,33,28,8,41,0,179,0,1,28
991,Idaho,Kootenai,KMPO,1,1,1284152.404,0,0,0,0,0,22,2,4,0,4,6,0,1053,0,74,0,2,2,0,12,0,50,0,0,1246,16,55,16055,2189,736,114,268,137,122,57,21,17,299,240,152,51,96,203,443,53,0,43,0,0,54,0,0,103,46,48,0,72,0,323,0,1,28
992,Idaho,Kootenai,KMPO,1,1,1018540.821,0,0,0,0,0,46,20,3,726,0,42,46,54,0,3,3,147,0,8,254,0,93,6,0,1186,16,55,16055,1134,539,172,217,55,43,36,9,7,190,152,143,22,78,265,164,10,42,9,16,1,24,38,40,17,146,61,71,25,2,5,0,1,28
993,Idaho,Kootenai,KMPO,1,1,265705.1363,0,0,0,0,0,38,0,24,246,20,2,34,0,0,0,8,36,20,20,38,146,171,22,0,2013,16,55,16055,109,71,29,10,18,8,4,2,0,31,20,23,4,23,19,36,5,2,7,2,7,4,0,2,13,0,14,11,3,5,3,0,1,28
994,Idaho,Kootenai,KMPO,1,1,294759.7473,0,0,0,0,0,148,0,6,186,0,72,64,0,0,0,8,0,0,3,87,0,230,75,0,1480,16,55,16055,192,121,57,32,15,7,6,2,2,50,33,38,7,39,31,58,7,5,13,4,10,6,0,3,22,0,22,19,5,7,5,0,1,28
995,Idaho,Kootenai,KMPO,1,1,265540.5892,0,0,0,0,0,138,60,32,2,0,0,38,0,0,15,0,22,0,14,0,6,16,27,78,538,16,55,16055,108,23,2,8,3,4,4,2,0,14,22,11,5,7,20,25,1,1,1,1,3,2,2,10,3,3,6,8,4,3,1,3,1,28
996,Idaho,Kootenai,KMPO,1,1,240473.7349,0,0,8,0,0,50,0,69,45,0,0,0,309,0,0,4,0,0,0,28,0,0,28,0,541,16,55,16055,24,7,0,4,1,1,0,1,0,2,3,2,1,1,3,4,0,0,0,1,0,0,1,1,0,1,1,1,1,0,0,1,1,28
997,Idaho,Kootenai,KMPO,1,1,1042909.473,0,0,0,0,0,33,1,3,27,0,3,0,0,0,0,0,44,0,38,219,0,24,14,0,399,16,55,16055,890,340,78,145,53,28,27,7,2,128,104,95,14,70,139,132,28,0,14,12,16,0,14,34,13,78,57,22,32,16,5,0,1,28
998,Idaho,Kootenai,KMPO,1,1,1063100.533,0,0,0,0,0,33,39,0,8,0,0,0,0,0,0,3,0,0,18,70,0,0,9,0,234,16,55,16055,1141,424,98,191,49,36,23,18,9,146,119,111,16,80,161,151,32,0,16,14,18,0,17,39,16,89,65,25,37,17,7,0,1,28
999,Idaho,Kootenai,KMPO,1,1,1239317.474,0,0,0,11,165,547,120,24,16,52,0,0,0,128,0,38,0,12,33,0,4,0,3,0,1109,16,55,16055,218,76,15,22,10,17,9,3,0,33,27,16,4,11,40,29,4,0,0,0,7,10,8,5,0,17,2,16,5,0,6,0,1,28
1000,Idaho,Kootenai,KMPO,1,1,10686787.83,0,0,0,5,8,45,643,89,44,302,26,0,0,0,0,0,4,9,12,0,4,3,63,15,1226,16,55,16055,29,7,0,1,1,3,2,0,0,5,4,2,1,1,6,5,0,0,0,0,1,2,2,0,0,2,1,3,0,0,1,0,1,28
1001,Idaho,Kootenai,KMPO,1,1,1721455.614,0,0,15,0,3,15,0,0,33,16,0,0,0,0,0,4,8,0,0,8,0,6,2,0,95,16,55,16055,1107,386,62,123,79,71,38,6,7,103,154,86,35,32,133,213,0,0,18,10,4,0,47,32,31,23,31,84,39,13,11,35,1,28
1002,Idaho,Kootenai,KMPO,1,1,1283623.167,0,0,15,0,21,42,0,0,6,0,8,3,0,0,44,2,6,0,0,16,0,15,14,0,179,16,55,16055,1493,573,147,175,93,101,39,14,4,151,227,129,49,74,203,279,11,13,6,10,34,22,16,106,29,30,69,94,37,36,8,35,1,28
1003,Idaho,Kootenai,KMPO,1,1,1840858.182,0,0,0,0,0,44,4,0,10,0,0,9,1014,0,84,10,14,0,14,30,0,82,14,78,1498,16,55,16055,1578,650,163,300,88,36,30,21,12,283,179,206,38,103,156,447,23,11,29,10,30,35,20,8,73,20,88,152,145,22,14,26,1,28
1004,Idaho,Kootenai,KMPO,1,1,4262868.8,0,0,0,0,1,44,6,0,76,6,0,4,0,22,15,2,26,0,0,81,108,96,14,0,817,16,55,16055,2036,845,141,449,84,87,59,14,11,347,222,165,55,52,161,576,31,4,1,4,12,8,56,29,19,49,49,101,80,69,175,102,1,28
1005,Idaho,Kootenai,KMPO,1,1,6064400.676,0,0,0,0,0,3,0,4,28,0,0,0,52,0,0,3,3,0,0,9,2,2,4,0,115,16,55,16055,590,232,20,155,28,19,4,4,2,130,70,54,16,47,93,130,0,16,10,0,21,0,0,15,11,67,26,0,16,26,46,16,1,28
1006,Idaho,Kootenai,KMPO,1,1,689803.6626,0,0,0,0,0,3,0,0,6,0,0,4,480,21068,1110,0,0,0,9,0,0,26,9,106,23729,16,55,16055,366,158,35,92,11,12,6,2,0,61,49,41,7,56,56,46,10,23,7,8,8,15,7,23,3,8,9,18,6,2,4,7,1,28
1007,Idaho,Kootenai,KMPO,1,1,1223611.75,0,0,0,0,0,15,40,10,190,0,4,302,44,6,6,30,172,0,96,58,38,1236,70,586,2241,16,55,16055,676,345,165,94,42,30,7,5,2,104,157,106,19,89,98,199,6,29,19,27,8,11,16,27,21,23,31,54,23,31,33,27,1,28
1008,Idaho,Kootenai,KMPO,1,1,1494098.588,0,0,0,0,0,20,30,0,40,0,8,15,0,16,0,10,26,0,128,36,98,177,18,0,678,16,55,16055,1254,558,177,254,58,48,12,3,6,112,232,186,15,77,173,295,6,12,34,21,4,30,43,41,14,45,41,103,25,69,27,30,1,28
1009,Idaho,Kootenai,KMPO,1,1,1213041.109,0,0,0,0,0,4,0,0,0,0,0,0,0,0,0,0,2,0,0,0,0,0,6,0,52,16,55,16055,234,88,12,46,11,8,6,4,1,30,29,30,7,0,16,80,0,0,0,0,0,0,0,8,0,8,8,16,16,8,8,24,1,28
1010,Idaho,Kootenai,KMPO,1,1,921168.4866,0,0,0,0,0,2,0,0,22,2,0,4,692,0,226,24,39,0,8,80,0,64,3,0,1091,16,55,16055,1780,683,176,239,108,110,26,13,11,151,279,241,23,156,181,357,11,20,62,45,18,23,21,9,11,117,179,47,64,38,21,8,1,28
1011,Idaho,Kootenai,KMPO,1,1,7815446.139,0,0,4,0,0,3,0,0,0,2,0,0,0,0,0,0,0,0,26,0,0,0,0,0,25,16,55,16055,326,123,17,58,14,24,7,2,1,35,49,34,6,11,19,94,0,7,0,3,1,2,2,0,14,1,15,11,13,37,6,12,1,28
1012,Idaho,Kootenai,KMPO,1,1,13894986.13,0,0,0,0,4,0,48,0,69,0,0,0,0,0,0,0,0,6,9,48,0,0,10,0,247,16,55,16055,705,258,48,120,36,26,15,8,5,71,103,70,14,24,39,195,0,17,0,4,3,4,6,0,28,1,30,24,27,76,12,26,1,28
1013,Idaho,Kootenai,KMPO,1,1,40160035.2,0,0,0,0,0,63,233,16,14,94,0,0,546,0,100,2,8,0,48,6,0,0,20,0,1158,16,55,16055,1677,571,62,273,88,89,29,18,12,113,184,173,101,56,76,439,0,24,32,0,0,2,2,20,21,31,59,79,117,61,101,22,1,28
1014,Idaho,Kootenai,KMPO,1,1,23674495,0,0,14,0,0,32,36,4,4,4,0,0,114,0,0,0,14,0,16,3,0,0,3,0,246,16,55,16055,1919,676,128,244,122,98,49,22,13,21,40,39,13,12,23,78,0,3,6,1,2,1,7,5,2,8,20,12,17,11,9,9,1,28
1015,Idaho,Kootenai,KMPO,1,1,37029004.29,0,0,0,0,0,24,8,5,0,0,10,0,0,0,0,3,12,0,14,20,0,0,2,0,10172,16,55,16055,2024,720,86,349,95,107,42,26,15,26,21,18,3,13,15,40,2,2,2,1,6,2,3,3,3,4,9,11,8,3,6,3,1,28
1016,Idaho,Kootenai,KMPO,1,1,2469666.616,0,0,3,0,0,2,64,0,33,0,6,0,538,0,72,0,8,0,14,6,0,21,6,64,876,16,55,16055,610,244,61,85,32,28,18,12,8,103,104,76,11,78,55,161,17,16,6,5,34,11,5,17,22,0,67,44,17,22,0,11,1,28
1017,Idaho,Kootenai,KMPO,1,1,36772881.27,0,0,3,0,6,18,0,6,15,0,0,2,100,0,68,0,20,0,6,0,0,0,2,0,241,16,55,16055,1339,439,39,221,83,40,31,18,7,48,49,38,7,20,43,79,3,2,2,5,8,7,12,7,7,10,17,25,9,5,15,8,1,28
1018,Idaho,Kootenai,KMPO,1,1,414077.6118,0,0,0,0,0,1,0,0,0,0,0,0,0,0,0,0,0,0,0,2,0,0,0,0,6,16,55,16055,1090,393,93,132,56,52,39,15,6,105,174,88,25,134,73,185,0,30,41,45,18,8,20,13,0,32,51,30,78,10,4,12,1,28
1019,Idaho,Kootenai,KMPO,1,1,169310165.6,0,0,0,0,0,0,0,0,0,0,0,0,0,0,0,0,0,0,30,6,0,0,0,0,176,16,55,16055,251,94,15,39,14,18,5,1,2,33,38,22,0,16,24,53,2,0,2,12,0,4,9,4,5,2,7,5,32,6,1,2,1,28
1020,Idaho,Kootenai,KMPO,1,1,1000601.3,0,0,0,0,0,20,34,0,0,0,0,6,0,0,0,4,3,0,0,40,10,0,0,0,203,16,55,16055,929,339,58,138,78,45,13,4,3,95,160,79,23,120,67,170,0,27,37,39,17,9,18,10,0,30,47,27,73,8,5,10,1,28
1021,Idaho,Kootenai,KMPO,1,1,391394.4095,0,0,0,0,0,2,10,0,30,0,18,16,0,0,0,4,20,0,14,339,0,262,0,0,452,16,55,16055,579,347,191,124,19,8,5,0,0,63,42,40,7,60,51,41,17,7,13,17,6,7,13,10,7,14,14,16,5,2,2,2,1,28
1022,Idaho,Kootenai,KMPO,1,1,131903216.2,0,0,6,0,0,12,10,0,8,0,2,0,0,0,0,0,2,0,0,0,0,1382,0,0,1408,16,55,16055,450,191,45,87,22,23,7,5,2,75,68,44,4,40,62,89,9,2,10,10,9,18,11,20,11,2,13,17,40,9,1,9,1,28
1023,Idaho,Kootenai,KMPO,1,1,175206.4292,0,0,0,0,0,0,3,16,0,0,0,30,0,0,0,54,88,158,6,226,0,4,6,3,532,16,55,16055,391,264,202,40,7,9,4,2,0,44,29,28,5,40,45,21,11,16,5,3,5,14,6,19,0,6,5,11,3,0,0,2,1,28
1024,Idaho,Kootenai,KMPO,1,1,824802.4174,0,0,0,0,0,21,0,0,0,0,0,0,3778,102,370,0,20,0,2,0,0,32,0,0,4408,16,55,16055,1004,370,63,140,41,59,41,22,4,131,77,157,6,31,31,309,31,0,0,0,0,0,0,31,0,0,100,42,86,81,0,0,1,28
1025,Idaho,Kootenai,KMPO,1,1,51800512.58,0,0,20,0,0,0,0,0,0,0,0,0,340,0,0,0,0,0,0,0,0,0,0,0,368,16,55,16055,316,116,28,55,6,16,6,4,1,46,42,26,3,22,37,58,4,1,7,4,6,10,7,12,5,3,10,12,23,7,2,4,1,28
1026,Idaho,Kootenai,KMPO,1,1,33170717.19,0,0,14,0,0,6,0,0,0,0,0,0,222,2,81,0,0,0,0,0,0,0,0,0,322,16,55,16055,265,142,39,60,10,17,4,4,8,56,48,33,5,33,51,58,7,2,9,4,11,14,8,18,9,2,9,14,22,4,2,7,1,28
1027,Idaho,Kootenai,KMPO,1,1,8475573.513,0,0,0,0,0,6,0,0,9,0,2,0,0,0,8,2,0,0,0,6,0,20,0,0,183,16,55,16055,249,117,34,48,16,13,3,2,1,35,51,10,5,13,31,57,4,0,0,5,4,9,4,9,5,4,13,18,8,9,5,4,1,28
1028,Idaho,Kootenai,KMPO,1,1,261486507.3,0,0,12,0,11,2,0,3,0,0,0,0,0,0,0,0,8,0,0,3,0,20,4,0,170,16,55,16055,312,126,30,63,21,10,1,1,0,43,61,21,2,19,27,81,4,0,2,9,4,4,8,5,5,5,20,16,22,11,7,5,1,28
1029,Idaho,Kootenai,KMPO,1,1,47122348.36,0,0,30,0,0,0,0,0,10,0,0,0,0,0,8,0,0,0,16,8,0,4,0,0,76,16,55,16055,339,168,55,66,21,19,3,3,1,60,68,40,0,29,45,94,4,0,4,21,0,8,16,8,9,4,12,8,58,12,0,4,1,28
1030,Idaho,Kootenai,KMPO,1,1,180803470,0,0,4,0,2,12,26,0,0,0,0,0,102,0,15,0,4,0,0,0,4,20,0,0,174,16,55,16055,333,148,39,75,18,8,6,0,2,56,59,34,0,31,30,88,0,0,6,1,24,2,11,9,0,8,38,15,9,6,18,2,1,28
1031,Idaho,Kootenai,KMPO,1,1,637988642.5,0,0,0,0,0,16,0,0,0,0,0,4,8,0,0,0,2,0,20,0,0,106,0,0,268,16,55,16055,446,150,33,57,28,15,7,7,3,54,50,39,7,22,38,90,3,5,2,1,11,2,6,4,4,22,12,14,15,17,24,8,1,28
1032,Idaho,Kootenai,KMPO,1,1,17492419.82,0,0,10,0,0,9,0,0,15,0,0,0,0,0,0,0,874,0,6,0,2,12,0,2,937,16,55,16055,724,351,120,139,38,28,15,6,5,6,5,4,1,4,7,5,1,2,0,0,1,0,0,1,1,5,0,2,2,0,1,0,1,28
1033,Idaho,Kootenai,KMPO,1,1,12541479.92,0,0,0,0,0,22,0,87,0,0,0,0,0,0,0,0,0,0,0,0,0,0,0,0,0,16,55,16055,16,15,8,7,0,0,0,0,0,2,3,2,0,2,3,2,1,0,0,0,1,0,0,0,0,3,0,0,1,0,1,0,1,28
1034,Idaho,Kootenai,KMPO,1,1,32263394.1,0,0,0,0,0,3,0,0,0,0,0,0,0,0,0,0,2,0,2,0,27,0,0,54,679,16,55,16055,203,70,10,38,6,7,6,1,2,1,1,1,0,1,1,1,0,1,0,0,0,0,0,0,0,1,0,0,1,0,0,0,1,28
1035,Idaho,Kootenai,KMPO,1,1,11940920.31,0,0,0,0,0,78,12,0,30,2,0,3,0,0,0,12,14,0,6,12,0,33,0,3,320,16,55,16055,1444,585,123,255,55,70,36,19,27,194,136,158,40,63,122,343,17,12,13,2,19,11,6,50,3,52,107,26,86,29,61,34,1,28
1036,Idaho,Kootenai,KMPO,1,1,22806511.21,0,0,0,0,0,58,0,3,150,0,0,0,0,0,0,0,3,0,10,2,0,3,2,0,231,16,55,16055,871,340,67,161,32,43,20,13,4,37,38,29,5,21,37,51,0,0,21,0,0,0,0,0,10,27,0,20,0,0,25,6,1,28
1037,Idaho,Kootenai,KMPO,1,1,15685395.08,0,0,0,0,0,18,3,0,9,0,0,0,0,0,0,0,0,0,0,2,0,0,0,0,43,16,55,16055,587,239,57,112,27,16,16,4,7,6,8,6,1,5,4,12,1,1,0,1,2,2,1,0,1,0,1,3,5,0,2,1,1,28
1038,Idaho,Kootenai,KMPO,1,1,35853010.4,0,0,3,0,0,82,2,12,0,9,0,0,0,0,0,0,0,0,0,0,282,6,2,0,426,16,55,16055,531,196,24,105,24,32,6,4,1,7,9,7,1,6,5,13,1,1,0,2,2,3,0,1,0,1,1,3,5,0,3,1,1,28
1039,Idaho,Kootenai,KMPO,1,1,40969346.93,0,0,0,0,0,54,0,0,0,0,2,0,0,0,0,0,0,0,3,3,0,0,0,0,70,16,55,16055,536,192,26,88,30,23,15,6,4,53,77,52,10,50,38,104,8,11,0,13,18,20,6,3,4,5,11,23,43,0,21,6,1,28
1040,Idaho,Kootenai,KMPO,1,1,17758585.41,0,0,8,0,0,4,4,0,0,0,0,0,0,0,0,4,3,0,0,2,0,0,0,0,39,16,55,16055,584,215,39,95,31,20,13,11,6,59,86,58,11,19,32,163,0,13,0,4,2,4,4,0,23,1,26,19,22,64,11,21,1,28
1041,Idaho,Kootenai,KMPO,1,1,15732305.06,0,0,0,0,0,62,2,4,8,0,0,0,0,0,0,0,0,0,0,2,0,0,0,0,9,16,55,16055,26,11,0,10,1,0,0,0,0,152,92,75,21,33,81,226,12,6,2,2,11,7,13,8,5,48,40,35,35,50,31,35,1,28
1042,Idaho,Kootenai,KMPO,1,1,31291854.78,0,0,9,0,0,40,8,2,2,0,8,0,0,0,0,2,10,0,0,3,0,6,0,0,92,16,55,16055,1202,429,70,189,62,60,32,12,4,1,0,1,0,0,1,1,0,0,0,0,0,0,0,1,0,0,0,0,1,0,0,0,1,28
1043,Idaho,Kootenai,KMPO,1,1,70710729.42,0,0,2,0,0,62,0,0,102,2,9,146,1778,63,90,6,9,0,0,45,0,88,2,42,2304,16,55,16055,2642,1009,218,360,185,143,65,15,23,285,280,226,43,205,338,291,32,24,67,51,31,64,27,102,57,88,80,94,47,56,9,5,1,28
1044,Idaho,Kootenai,KMPO,1,1,128968661.5,0,0,6,0,0,80,0,4,2,0,8,0,484,0,51,2,8,0,94,0,22,6,0,3,951,16,55,16055,1756,771,170,396,67,56,46,20,16,33,38,36,6,31,17,65,1,4,9,2,15,2,1,3,1,10,7,20,23,10,2,3,1,28
1045,Idaho,Kootenai,KMPO,1,1,76439908.14,0,0,8,0,0,4,0,0,0,0,0,0,111,0,0,0,3,0,0,3,0,0,2,0,143,16,55,16055,1038,350,45,162,50,34,42,10,7,53,48,52,12,24,37,104,2,7,2,1,12,4,7,7,1,18,19,21,24,18,12,10,1,28
1046,Idaho,Kootenai,KMPO,1,1,1757052.269,0,0,0,0,0,0,6,8,14,0,0,0,0,0,0,0,0,0,0,16,0,44,0,0,145,16,55,16055,375,143,25,52,27,17,18,2,2,26,53,53,13,36,18,91,0,18,0,0,18,0,0,0,0,18,0,37,54,0,0,0,1,28
1047,Idaho,Kootenai,KMPO,1,1,13703101.6,0,0,0,0,0,136,12,25,20,0,0,0,0,0,9,4,4,0,6,12,0,56,0,0,256,16,55,16055,1185,460,115,201,40,61,27,9,7,71,60,66,15,28,52,132,0,8,2,1,17,4,20,0,2,26,5,43,15,41,13,15,1,28
1048,Idaho,Kootenai,KMPO,1,1,25558422.43,0,0,0,0,0,15,0,0,8,0,0,0,0,0,0,0,12,0,4,2,0,0,2,0,43,16,55,16055,544,204,26,125,10,18,20,2,3,61,55,50,17,36,57,90,2,5,8,10,11,9,11,19,11,7,8,13,11,14,35,9,1,28
1049,Idaho,Kootenai,KMPO,1,1,7366570.758,0,0,9,0,0,8,0,0,0,0,0,4,0,0,2,3,51,0,6,2,0,171,2,0,55,16,55,16055,1093,416,58,224,39,65,18,4,8,142,128,122,20,30,60,322,0,0,0,7,23,0,23,3,4,30,13,40,53,93,80,43,1,28
1050,Idaho,Kootenai,KMPO,1,1,3944916.785,0.89,0.25,0,0,0,15,3,0,0,0,0,0,0,0,0,0,4,0,0,2,0,15,0,0,173,16,55,16055,516,237,49,115,50,10,4,8,1,18,16,16,2,4,7,41,0,0,0,1,3,0,3,0,0,4,2,5,6,12,10,6,1,28
1051,Idaho,Kootenai,KMPO,1,1,1658212.8,0,0,0,0,0,36,48,0,0,0,0,0,0,0,0,0,0,0,0,0,0,0,0,0,0,16,55,16055,2,1,0,1,0,0,0,0,0,141,128,114,41,134,116,174,9,27,9,40,49,0,36,9,40,31,13,36,36,35,18,36,1,28
1052,Idaho,Kootenai,KMPO,1,1,3296505.681,0,0,0,0,0,15,0,0,0,0,0,10,0,0,3,4,24,0,4,38,8,0,2,0,240,16,55,16055,1915,843,307,284,100,83,38,18,13,278,268,239,75,256,260,344,6,46,26,84,94,13,72,39,74,62,39,68,68,62,62,45,1,28
1053,Idaho,Kootenai,KMPO,1,1,48473648.83,0,0,3,0,0,15,12,0,0,0,0,0,0,0,0,0,4,0,6,0,0,0,0,0,40,16,55,16055,651,225,58,91,41,20,10,5,0,23,21,19,7,4,11,55,2,0,0,0,2,0,1,4,2,4,6,11,11,8,3,16,1,28
1054,Idaho,Kootenai,KMPO,1,1,16745925.91,0,0,0,0,0,0,0,0,0,0,0,0,0,0,0,0,3,0,0,48,0,0,0,0,30,16,55,16055,218,87,8,48,18,8,2,3,0,33,32,22,0,12,25,50,0,0,0,0,12,0,13,12,0,0,25,13,0,0,12,0,1,28
1055,Idaho,Kootenai,KMPO,1,1,169885214,0,0,0,0,0,0,0,28,9,0,0,0,0,0,0,0,0,0,10,6,0,4,6,9,1420,16,55,16055,1127,460,118,196,52,41,26,16,11,18,15,10,2,16,13,16,2,1,5,2,6,2,4,2,1,4,4,5,4,0,2,1,1,28
1056,Idaho,Kootenai,KMPO,1,1,37783981.72,0,0,22,0,0,3,0,0,0,0,0,0,0,0,0,0,0,0,0,0,0,0,0,0,73,16,55,16055,125,42,5,30,0,2,1,1,3,17,14,10,1,7,8,27,3,1,1,1,1,2,0,2,1,3,3,6,5,2,5,6,1,28
1057,Idaho,Kootenai,KMPO,1,1,56743937.29,0,0,0,0,0,75,6,0,0,0,0,0,0,0,0,0,4,0,0,0,0,0,0,15,200,16,55,16055,378,138,26,82,12,6,3,2,7,56,45,32,5,26,24,88,11,3,2,5,5,5,3,5,1,10,11,19,17,5,17,19,1,28
1058,Idaho,Kootenai,KMPO,1,1,102197972.5,0,0,0,0,0,0,0,0,0,0,0,0,0,0,0,0,9,0,3,0,0,0,3,0,13,16,55,16055,140,50,5,19,7,5,10,4,0,16,18,14,2,5,6,39,3,0,0,0,2,0,2,2,1,1,5,7,3,7,3,14,1,28
1059,Idaho,Kootenai,KMPO,1,1,67415205.17,3.62,1.02,3,6,0,4,0,0,0,0,3,6,0,0,0,4,0,0,0,6,122,0,6,0,677,16,55,16055,802,377,88,189,41,36,14,4,5,2,1,2,0,0,1,4,0,0,0,0,0,1,0,0,0,0,1,0,1,0,1,1,1,28
1060,Idaho,Kootenai,KMPO,1,1,1400931.123,0,0,12,0,0,198,981,111,116,28,126,4,0,8576,26,20,339,0,22,0,20,46,0,0,11590,16,55,16055,5,3,0,0,3,0,0,0,0,0,1,0,0,0,1,0,0,0,0,0,0,0,0,0,1,0,0,0,0,0,0,0,1,28
1061,Idaho,Kootenai,KMPO,1,1,5221473.09,0,0,0,0,0,2,2,0,4,0,0,2,0,0,3,0,0,0,8,2,0,0,0,0,173,16,55,16055,362,133,25,36,27,18,8,6,13,0,1,1,0,0,1,1,0,0,0,0,0,0,1,0,0,0,0,1,0,0,0,0,1,28
1062,Idaho,Kootenai,KMPO,1,1,960409.5074,0,0,0,0,0,0,0,0,0,0,6,0,0,0,0,4,0,0,0,4,0,16,0,0,45,16,55,16055,466,218,82,68,32,19,10,4,3,47,78,91,12,59,82,87,14,6,14,10,15,19,8,16,15,24,51,11,8,9,8,0,1,28
1063,Idaho,Kootenai,KMPO,1,1,520185.8878,0,0,0,0,0,14,0,0,22,0,120,14,0,0,0,0,0,0,16,12,0,24,2,0,152,16,55,16055,1240,609,229,221,84,36,22,11,6,235,137,283,11,333,265,68,143,118,0,0,72,47,53,53,57,55,0,0,0,0,68,0,1,28
1064,Idaho,Kootenai,KMPO,1,1,45962428.29,0,0,0,0,0,8,0,0,0,0,0,0,0,0,0,2,4,0,0,0,0,6,2,0,170,16,55,16055,197,92,29,28,12,10,7,5,1,1,2,0,0,0,1,2,0,0,0,0,0,0,1,0,0,0,1,0,0,1,0,0,1,28
1065,Idaho,Kootenai,KMPO,1,1,1135061.908,0,0,0,0,0,18,38,7,3,0,0,0,20,0,0,0,2,0,20,6,0,0,6,0,109,16,55,16055,797,308,28,163,33,52,27,2,3,72,109,61,24,22,93,151,0,0,12,7,3,0,33,22,21,17,22,60,27,10,7,25,1,28
1066,Idaho,Kootenai,KMPO,1,1,31151111.5,0,0,0,0,0,22,0,0,0,0,0,2,0,0,3,10,10,0,20,0,87,0,28,34,541,16,55,16055,547,257,51,173,17,11,1,4,0,10,17,4,1,3,7,22,1,0,0,1,1,1,2,1,1,2,7,6,1,3,3,2,1,28
1067,Idaho,Kootenai,KMPO,1,1,44380160.88,0,0,0,0,0,12,0,0,0,0,0,0,0,0,0,0,2,0,0,0,0,0,2,0,28,16,55,16055,365,126,22,59,21,12,7,3,2,33,51,37,5,12,38,76,6,2,2,0,2,1,5,25,4,3,6,23,13,12,4,18,1,28
1068,Idaho,Kootenai,KMPO,1,1,35044859.77,0,0,4,0,0,69,22,4,2,0,0,0,0,0,0,3,2,6,32,9,0,69,2,0,314,16,55,16055,1429,503,63,260,75,61,28,5,11,10,13,10,1,3,11,20,0,1,0,1,1,1,0,4,2,4,5,4,4,2,3,2,1,28
1069,Idaho,Kootenai,KMPO,1,1,10245212.87,0,0,0,0,0,112,159,0,63,27,2,2,0,0,0,3,0,0,0,2,0,2,4,0,474,16,55,16055,780,292,54,83,54,52,22,8,19,9,15,13,8,7,9,29,0,5,2,0,0,0,1,0,2,6,5,5,7,7,3,2,1,28
1070,Idaho,Kootenai,KMPO,1,1,5421741.231,0,0,0,0,0,27,0,0,0,0,0,2,0,0,0,0,0,2,0,0,8,0,0,0,91,16,55,16055,816,343,75,163,55,18,18,4,10,0,1,0,0,0,0,1,0,0,0,0,0,0,0,0,0,0,1,0,0,0,0,0,1,28
1071,Idaho,Kootenai,KMPO,1,1,247770.576,0,0,0,0,0,0,2,0,3,0,0,2,0,0,0,0,0,0,0,102,0,40,0,324,548,16,55,16055,50,34,13,12,8,0,1,0,0,3,5,5,1,3,6,5,1,0,1,0,1,2,0,1,1,2,3,1,0,1,0,0,1,28
1072,Idaho,Kootenai,KMPO,1,1,982634.6634,0,0,600,0,0,8,105,1,12,0,0,2,0,0,86,6,14,0,10,6,0,54,4,0,913,16,55,16055,1123,460,110,193,68,45,20,14,10,120,203,101,29,81,204,168,10,1,28,0,42,2,92,72,18,20,25,46,20,0,53,24,1,28
1073,Idaho,Kootenai,KMPO,1,1,913065.5566,0,0,9,0,0,22,0,0,24,4,3,18,0,0,0,0,6,0,0,0,0,0,0,0,107,16,55,16055,1169,456,71,230,66,54,21,8,6,163,186,113,17,104,105,270,8,42,13,20,21,55,4,16,20,10,45,79,38,36,45,27,1,28
1074,Idaho,Kootenai,KMPO,1,1,922506.0456,0,0,2,0,0,38,94,4,36,3,0,0,0,0,0,2,9,0,22,76,0,64,9,0,380,16,55,16055,1276,477,111,177,49,75,39,15,11,167,187,114,16,141,135,208,16,26,36,18,45,33,16,29,36,21,44,68,34,26,23,13,1,28
1075,Idaho,Kootenai,KMPO,1,1,1138817.832,0,0,3,0,0,46,218,133,50,6,0,3,0,0,0,0,72,0,56,3,0,36,34,0,650,16,55,16055,320,126,15,53,31,20,4,2,1,39,44,27,4,28,28,58,3,9,5,4,7,11,2,6,6,3,11,18,8,7,9,5,1,28
1076,Idaho,Kootenai,KMPO,1,1,833839.2818,0,0,0,0,0,52,10,0,0,0,3,450,0,0,18,8,6,0,27,21,0,0,0,0,1034,16,55,16055,1172,634,257,231,69,41,21,7,8,109,203,99,26,132,131,174,33,8,21,39,31,41,19,28,20,23,44,37,31,8,16,38,1,28
1077,Idaho,Kootenai,KMPO,1,1,549528.0239,0,0,0,0,0,12,12,36,84,0,30,220,0,0,0,10,69,0,26,350,0,278,114,0,1365,16,55,16055,477,325,173,98,35,12,6,1,0,45,35,31,5,43,38,35,12,5,9,12,5,7,9,7,5,10,10,12,4,2,3,4,1,28
1078,Idaho,Kootenai,KMPO,1,1,6902187.301,0,0,0,0,0,3,0,0,27,0,0,0,0,0,0,10,0,0,0,54,8,0,12,0,839,16,55,16055,333,121,28,34,26,17,4,5,7,33,46,28,5,25,36,51,5,4,4,7,5,10,3,8,5,10,14,10,9,4,6,8,1,28
1079,Idaho,Kootenai,KMPO,1,1,24321725.58,0,0,0,0,8,3,1,1,2,0,0,0,0,0,3,4,12,0,4,0,3,4,0,4,67,16,55,16055,721,300,42,177,28,33,6,9,5,91,113,83,13,23,33,244,14,0,0,0,9,0,15,9,5,4,28,43,23,42,19,89,1,28
1080,Idaho,Kootenai,KMPO,1,1,7328514.399,0,0,0,0,0,2,0,4,0,0,0,0,0,0,0,6,12,0,0,8,0,6,0,0,137,16,55,16055,492,225,55,112,19,31,4,2,2,36,33,29,10,7,17,84,3,1,0,0,3,0,1,6,4,6,11,15,18,10,6,24,1,28
1081,Idaho,Kootenai,KMPO,1,1,113160261.6,0,0,0,12,138,458,126,26,0,39,86,0,0,0,0,9,60,0,0,0,0,0,6,0,247,16,55,16055,10,2,0,1,0,0,0,1,0,22,31,20,3,14,18,44,1,4,3,4,2,2,3,5,3,5,8,11,6,6,6,7,1,28
1082,Idaho,Kootenai,KMPO,1,1,466083.1082,0,0,14,0,0,10,18,0,0,4,0,0,0,0,0,0,3,0,9,6,0,80,16,0,231,16,55,16055,627,264,73,100,26,38,14,7,6,74,126,62,18,76,92,112,13,6,20,27,10,14,25,16,19,18,51,29,10,22,0,0,1,28
1083,Idaho,Kootenai,KMPO,1,1,2596765.972,0,0,0,0,0,93,4,25,27,0,0,3,0,0,0,0,0,0,32,8,0,0,0,0,185,16,55,16055,750,272,58,120,33,41,12,7,1,65,122,89,12,102,57,129,9,0,14,17,62,5,26,0,14,12,13,69,17,14,16,0,1,28
1084,Idaho,Kootenai,KMPO,1,1,13713598.69,0,0,0,0,0,4,1,0,0,0,0,0,0,0,2,0,4,0,39,0,0,0,0,0,95,16,55,16055,272,108,23,55,12,7,7,1,3,50,28,23,7,17,38,53,0,6,3,0,8,0,0,7,5,26,11,0,6,11,18,7,1,28
1085,Idaho,Kootenai,KMPO,1,1,243820.9911,0,0,0,0,0,26,0,3,34,0,0,2,0,0,0,0,4,0,18,0,0,0,0,0,88,16,55,16055,0,0,0,0,0,0,0,0,0,0,0,0,0,0,0,0,0,0,0,0,0,0,0,0,0,0,0,0,0,0,0,0,1,28
1086,Idaho,Kootenai,KMPO,1,1,2674930.904,0,0,0,0,0,0,0,0,0,0,0,0,0,0,4,0,4,0,0,4,2,0,0,0,18,16,55,16055,240,77,7,37,14,14,2,2,1,24,36,25,4,9,13,67,0,7,0,2,0,2,2,0,9,0,11,8,9,26,4,9,1,28
1087,Idaho,Kootenai,KMPO,1,1,15606572.32,0,0,0,0,0,8,0,0,0,3,0,0,555,1476,34,0,14,0,33,8,0,0,0,0,2098,16,55,16055,144,43,3,22,9,2,5,2,0,11,15,15,3,5,14,25,1,0,0,0,4,2,3,2,1,6,6,6,6,2,4,1,1,28
1088,Idaho,Kootenai,KMPO,1,1,771377.769,0,0,0,0,0,10,26,0,78,0,2,478,0,0,0,2,0,0,6,6,22,0,3,0,951,16,55,16055,113,60,24,25,5,3,0,3,0,2,5,2,1,3,3,4,1,0,0,1,1,1,0,1,1,0,1,1,1,0,0,1,1,28
1089,Idaho,Kootenai,KMPO,1,1,223581.0885,0,0,0,0,0,0,0,0,14,0,0,42,0,0,99,48,52,0,134,1128,243,0,8,26,4093,16,55,16055,419,263,164,55,31,7,5,0,1,105,69,66,12,97,86,69,28,12,22,25,10,12,22,18,10,24,23,26,8,4,4,4,1,28
1090,Idaho,Kootenai,KMPO,1,1,266613.9361,0,0,0,0,3,4,12,0,234,4,33,292,0,0,32,0,16,0,0,164,0,231,30,0,1082,16,55,16055,39,16,7,7,0,2,0,0,0,6,4,3,1,5,6,3,1,3,0,1,0,2,1,2,0,1,1,1,1,0,0,0,1,28
1091,Idaho,Kootenai,KMPO,1,1,413385.8618,0,0,0,0,0,4,0,2,0,0,3,0,0,0,0,3,0,0,8,0,0,0,0,0,18,16,55,16055,675,279,84,109,37,33,7,4,5,77,107,73,31,119,63,106,49,17,26,2,25,9,10,2,16,26,69,20,17,0,0,0,1,28
1092,Idaho,Kootenai,KMPO,1,1,298599.9726,0,0,0,5,0,4,6,17,148,0,154,135,0,22,12,15,264,32,26,320,14,316,106,1506,2891,16,55,16055,353,213,92,87,13,12,5,1,3,70,90,54,11,71,98,56,22,32,7,4,6,6,36,13,21,22,11,21,9,12,3,0,1,28
1093,Idaho,Kootenai,KMPO,1,1,2459561.002,0,0,0,6,0,0,0,0,0,0,0,0,0,0,0,2,6,0,3,3,3,27,0,0,383,16,55,16055,275,144,21,73,21,13,11,3,2,38,35,29,9,4,18,89,4,0,0,0,0,0,5,4,5,4,9,18,18,13,4,27,1,28
1094,Idaho,Bonneville,BMPO,1,6,6368880.886,0,0,0,0,0,0,35,140,22,1,0,0,0,0,0,0,0,0,225,0,0,0,0,130,244,16,19,16019,107,35,12,9,6,8,0,0,0,6,13,12,4,2,7,26,1,0,0,1,0,0,2,1,1,3,5,8,7,3,2,1,1,10
1095,Idaho,Bonneville,BMPO,1,6,1450474.454,0,0,9,0,33,163,63,15,0,26,0,0,0,0,38,0,0,0,99,0,19,0,22,0,164,16,19,16019,247,76,6,26,10,13,12,7,2,9,27,30,10,14,13,49,2,0,3,0,9,0,0,0,0,13,24,10,3,5,5,2,1,10
1096,Idaho,Bonneville,BMPO,1,6,6058255.666,0,0,0,0,0,3,0,0,2,0,0,0,30,0,0,1,123,0,0,9,0,0,2,0,51,16,19,16019,640,153,7,41,13,22,38,19,13,21,55,51,26,0,72,81,0,0,0,0,0,0,0,9,0,63,13,12,16,4,16,20,1,10
1097,Idaho,Bonneville,BMPO,1,6,2617523.535,0,0,0,0,0,3,0,0,1268,0,0,3,0,0,248,1,303,0,290,44,1,1964,2,0,1653,16,19,16019,2733,1061,337,343,174,78,52,34,43,506,243,227,80,399,290,367,23,52,64,233,27,104,83,16,37,50,118,133,28,22,3,63,1,10
1098,Idaho,Bonneville,BMPO,1,6,2747191.815,0,0,1,0,0,8,0,0,0,0,0,1,0,0,0,0,48,0,0,1,0,0,0,0,967,16,19,16019,251,67,5,20,10,13,12,5,2,22,14,24,7,24,4,39,6,7,5,1,5,0,0,1,1,2,10,8,4,6,8,3,1,10
1099,Idaho,Bonneville,BMPO,1,6,2614787.046,0,0,0,0,0,15,0,12,9,0,2,11,0,0,0,1,267,1,224,116,0,0,1,0,3846,16,19,16019,1786,587,69,221,95,76,74,42,10,146,179,219,42,34,92,460,18,0,0,0,16,21,17,36,0,18,32,66,143,150,35,34,1,10
1100,Idaho,Bonneville,BMPO,1,6,605893.7919,0,0,0,0,0,9,0,0,0,6,0,4,0,0,0,1,26,0,920,4,0,9,0,0,386,16,19,16019,1056,359,87,121,56,40,31,12,12,91,183,105,26,39,52,314,0,0,0,13,26,0,0,26,0,26,170,66,26,39,0,13,1,10
1101,Idaho,Bonneville,BMPO,1,6,4491119.968,0,0,20,0,0,0,392,72,52,102,0,0,0,0,0,0,2,0,14,0,0,53,0,0,2038,16,19,16019,134,39,5,12,2,10,6,0,4,7,20,10,2,3,12,24,0,0,1,0,2,1,3,2,1,5,6,3,4,9,2,0,1,10
1102,Idaho,Bonneville,BMPO,1,6,1552657.566,0,0,0,0,0,41,0,134,28,0,0,82,0,0,0,122,212,0,0,0,0,2,0,0,2405,16,19,16019,434,240,136,68,12,13,6,4,1,59,142,74,15,22,94,174,0,0,7,0,15,7,29,14,0,44,44,14,29,65,15,7,1,10
1103,Idaho,Bonneville,BMPO,1,6,4042340.5,0,0,0,0,0,0,0,0,0,8,0,0,0,0,74,0,0,0,0,0,0,0,0,0,109,16,19,16019,107,47,9,23,5,0,7,2,1,9,23,12,3,4,15,28,0,0,2,0,2,1,4,3,0,7,7,3,5,11,2,0,1,10
1104,Idaho,Bonneville,BMPO,1,6,5150217.066,0,0,0,0,0,9,9,0,0,10,0,0,54,0,8,0,19,0,22,12,0,0,0,0,201,16,19,16019,852,225,18,96,28,22,24,26,11,41,67,94,23,7,55,163,0,0,2,0,5,6,12,10,3,24,41,35,34,20,16,17,1,10
1105,Idaho,Bonneville,BMPO,1,6,7484932.966,0,0,57,0,0,49,0,0,0,0,0,8,0,0,0,0,0,0,0,0,0,0,0,0,559,16,19,16019,150,48,7,11,20,3,1,4,2,9,14,20,5,2,11,35,0,0,0,0,2,1,2,2,1,5,9,7,7,5,3,4,1,10
1106,Idaho,Bonneville,BMPO,1,6,13101768.56,0,0,3,0,0,1,0,0,0,0,0,0,0,0,2,0,0,0,0,1,8,0,0,0,842,16,19,16019,411,174,52,40,20,18,27,10,7,51,68,45,9,26,76,71,0,0,15,7,4,3,7,36,22,8,9,12,15,0,3,32,1,10
1107,Idaho,Bonneville,BMPO,1,6,2589300.993,0,0,0,0,0,3,0,0,24,0,0,1,0,0,192,3,184,0,131,7,0,158,1,0,846,16,19,16019,3008,929,105,339,134,164,88,62,37,231,284,347,67,81,89,759,12,0,0,69,0,0,14,0,0,75,44,132,194,186,72,131,1,10
1108,Idaho,Bonneville,BMPO,1,6,3678006.854,0,0,0,0,0,108,354,120,20,35,86,4,184,0,0,52,132,0,95,67,9,0,17,0,1222,16,19,16019,615,240,68,88,20,31,20,8,5,43,115,61,13,32,42,158,13,8,0,11,0,8,4,21,7,2,21,27,38,42,5,25,1,10
1109,Idaho,Bonneville,BMPO,1,6,5930007.854,0,0,0,0,0,1,0,0,0,0,0,0,0,0,0,1,80,0,0,1,0,0,0,0,288,16,19,16019,372,100,11,41,11,23,4,5,5,37,50,31,6,6,17,101,0,0,0,6,0,5,0,0,6,6,22,23,22,6,5,23,1,10
1110,Idaho,Bonneville,BMPO,1,6,2612144.747,0,0,0,0,0,0,0,0,0,0,0,0,0,0,0,0,0,0,0,0,0,0,0,0,870,16,19,16019,43,16,2,9,2,0,0,3,0,5,6,4,1,3,6,7,0,0,2,0,1,0,0,4,2,0,1,2,1,0,0,3,1,10
1111,Idaho,Bonneville,BMPO,1,6,4522166.036,0,0,44,0,0,0,0,0,0,0,0,0,0,0,0,0,0,0,0,0,0,0,6,0,334,16,19,16019,178,69,23,29,4,9,0,3,1,13,21,28,7,10,13,46,1,3,1,5,0,3,4,1,2,3,1,14,7,7,2,15,1,10
1112,Idaho,Bonneville,BMPO,1,6,2730448.614,0,0,0,0,0,2,0,3,20,0,0,0,0,0,0,0,0,0,116,2,0,0,0,0,182,16,19,16019,1509,479,71,199,64,62,38,31,14,110,158,153,86,18,95,394,12,0,0,3,3,9,18,15,29,24,36,75,92,45,101,45,1,10
1113,Idaho,Bonneville,BMPO,1,6,2115244.904,0,0,0,0,0,0,0,0,0,0,0,0,0,0,0,0,0,0,0,0,0,0,0,0,0,16,19,16019,63,19,0,6,1,1,7,4,0,3,7,6,2,2,4,12,0,1,0,0,1,1,0,1,1,1,2,5,1,3,0,1,1,10
1114,Idaho,Bonneville,BMPO,1,6,2416238.886,0,0,0,0,0,0,0,0,0,0,0,0,0,0,0,0,0,0,0,0,0,0,0,0,0,16,19,16019,26,10,2,1,3,4,0,0,0,3,2,4,1,4,0,6,1,1,1,0,1,0,0,0,0,0,2,1,0,1,1,1,1,10
1115,Idaho,Bonneville,BMPO,1,6,2213497.08,0,0,9,0,0,0,0,0,0,0,0,0,0,0,0,0,0,0,0,0,0,0,0,0,9,16,19,16019,27,7,5,1,1,0,0,0,0,1,4,2,0,0,3,4,0,0,0,0,0,1,0,1,0,1,1,0,1,2,0,0,1,10
1116,Idaho,Bonneville,BMPO,1,6,2542245.567,0,0,0,0,0,0,0,0,0,0,0,8,0,0,0,0,0,0,52,0,0,146,0,0,156,16,19,16019,171,56,7,27,10,6,3,1,2,10,28,15,3,4,18,34,0,0,2,0,2,2,5,2,1,8,9,4,5,13,3,0,1,10
1117,Idaho,Bannock,BTPO,1,5,48481.32815,0,0,0,0,0,0,0,0,0,0,0,0,0,0,0,0,0,0,0,2,0,0,0,0,1,16,5,16005,155,67,32,12,6,14,1,0,2,29,24,9,5,17,28,22,7,0,3,3,4,9,6,3,4,6,6,12,2,1,0,1,1,3
1118,Idaho,Bannock,BTPO,1,5,48052.7356,0,0,0,0,0,0,0,0,0,0,0,0,0,0,0,0,0,0,0,0,0,0,2,0,1,16,5,16005,134,60,22,29,8,0,1,0,0,26,22,9,3,13,26,21,6,0,2,2,3,9,6,2,4,5,5,12,1,2,0,1,1,3
1119,Idaho,Bannock,BTPO,1,5,48754.81942,0,0,0,0,0,0,0,0,0,0,0,0,0,0,0,0,0,0,0,0,0,0,0,0,0,16,5,16005,143,70,33,17,9,10,1,0,0,29,25,11,5,24,29,17,8,1,4,5,6,8,4,4,5,8,4,9,1,2,0,1,1,3
1120,Idaho,Bannock,BTPO,1,5,48533.32015,0,0,0,0,0,0,14,0,0,0,0,0,0,0,0,0,0,0,0,2,0,0,0,0,22,16,5,16005,114,54,15,19,13,2,5,0,0,24,19,8,3,14,23,17,6,0,2,2,4,8,5,1,4,5,5,9,1,1,0,1,1,3
1121,Idaho,Bannock,BTPO,1,5,49893.49717,0,0,0,0,0,0,0,0,0,0,0,0,0,0,0,0,0,0,0,18,0,0,0,0,18,16,5,16005,122,58,26,13,8,3,5,3,0,24,22,8,4,14,25,19,6,0,2,3,3,8,5,3,5,4,5,9,2,1,0,2,1,3
1122,Idaho,Bannock,BTPO,1,5,48776.02355,0,0,0,0,0,0,0,0,2,0,0,0,0,0,0,0,0,0,0,0,0,0,0,0,1,16,5,16005,126,51,16,20,1,1,10,0,3,21,18,8,4,12,22,17,5,0,1,3,3,7,5,2,3,5,4,9,1,2,0,1,1,3
1123,Idaho,Bannock,BTPO,1,5,47760.00806,0,0,0,0,0,8,0,0,27,0,0,32,0,0,0,0,0,0,0,0,0,0,0,0,86,16,5,16005,148,53,19,13,11,3,6,1,0,23,19,8,3,13,23,17,6,0,2,2,3,7,5,2,4,5,4,10,1,1,0,1,1,3
1124,Idaho,Bannock,BTPO,1,5,37650.49896,0,0,0,0,0,0,0,0,0,0,0,0,0,0,0,0,0,0,0,28,0,0,0,0,28,16,5,16005,157,87,53,16,12,2,3,0,1,30,32,23,2,37,28,22,2,0,20,6,9,15,2,11,0,0,5,2,2,9,4,0,1,3
1125,Idaho,Bannock,BTPO,1,5,10566.16521,0,0,0,0,0,0,0,0,0,0,0,0,0,0,0,0,0,0,0,8,0,0,0,0,7,16,5,16005,44,25,15,5,4,0,1,0,0,10,7,7,0,12,6,6,0,0,6,3,3,3,0,3,0,0,0,0,0,6,0,0,1,3
1126,Idaho,Bannock,BTPO,1,5,24035.65386,0,0,0,0,0,0,10,0,0,0,0,6,0,0,0,0,0,0,117,74,0,0,0,0,237,16,5,16005,23,15,6,3,0,3,1,1,1,6,6,2,1,4,6,5,2,0,0,1,1,2,2,0,1,1,2,2,0,1,0,0,1,3
1127,Idaho,Bannock,BTPO,1,5,47651.84147,0,0,0,0,0,0,0,0,0,0,0,0,0,0,0,0,0,0,0,0,0,0,0,0,0,16,5,16005,151,78,26,37,9,4,2,0,0,34,30,11,3,26,31,21,9,1,5,5,6,8,5,3,8,7,5,10,2,1,0,3,1,3
1128,Idaho,Bannock,BTPO,1,5,35940.39216,0,0,0,0,0,0,0,0,0,0,0,0,0,0,0,0,0,0,0,0,0,0,0,0,0,16,5,16005,118,56,19,22,7,2,6,0,0,24,20,9,3,36,17,3,10,5,5,8,8,0,0,4,6,7,0,0,1,0,0,2,1,3
1129,Idaho,Bannock,BTPO,1,5,48093.29573,0,0,0,0,0,14,0,0,0,0,0,0,0,0,0,0,0,0,0,0,0,0,0,0,33,16,5,16005,155,64,31,13,14,4,2,0,0,26,24,9,5,31,22,11,11,4,4,6,6,2,4,3,5,8,3,4,1,0,0,3,1,3
1130,Idaho,Bannock,BTPO,1,5,43602.06566,0,0,0,0,0,0,0,0,0,0,0,0,0,0,0,0,6,0,0,0,0,0,9,0,15,16,5,16005,84,41,21,15,4,1,0,0,0,17,15,6,3,11,17,13,4,0,2,2,3,5,4,1,4,3,3,8,0,1,0,1,1,3
1131,Idaho,Bannock,BTPO,1,5,18448.10147,0,0,0,0,0,0,0,0,12,0,0,0,0,0,0,12,25,0,0,0,0,46,0,0,103,16,5,16005,24,10,2,6,0,1,0,1,0,3,4,2,1,4,4,2,1,0,2,0,1,3,0,1,0,0,0,0,0,1,1,0,1,3
1132,Idaho,Bannock,BTPO,1,5,43041.93516,0,0,0,0,0,3,0,0,0,0,0,0,78,0,72,0,0,0,0,0,0,0,0,0,153,16,5,16005,55,25,0,8,8,0,2,3,4,9,9,6,1,11,8,6,1,0,5,2,3,4,1,3,0,0,1,1,0,3,1,0,1,3
1133,Idaho,Bannock,BTPO,1,5,22365.91134,0,0,0,0,0,0,0,0,0,0,0,0,36,0,0,0,0,0,0,0,0,0,0,0,36,16,5,16005,112,24,8,9,0,2,3,2,0,9,9,7,0,11,8,6,1,0,6,1,3,4,0,4,0,0,1,0,1,3,1,0,1,3
1134,Idaho,Bannock,BTPO,1,5,23857.23576,0,0,0,0,0,0,0,0,0,0,0,0,0,0,0,0,14,0,0,0,0,0,0,0,13,16,5,16005,76,38,13,6,9,4,3,1,2,17,13,6,2,13,15,10,4,2,1,3,3,4,3,1,3,4,3,4,2,1,0,0,1,3
1135,Idaho,Bannock,BTPO,1,5,48659.72801,0,0,0,0,0,0,0,0,0,0,0,3,0,0,0,2,38,0,19,39,0,0,0,0,185,16,5,16005,83,34,16,12,5,0,0,1,0,14,12,6,2,23,10,1,6,3,4,4,6,0,0,2,3,5,0,0,0,0,0,1,1,3
1136,Idaho,Bannock,BTPO,1,5,48097.36308,0,0,0,0,0,0,0,0,2,0,0,0,0,0,0,0,0,0,4,0,0,0,0,0,39,16,5,16005,67,30,5,19,3,1,1,1,0,13,11,5,1,19,9,2,5,3,2,5,4,0,0,1,4,4,0,0,1,0,0,1,1,3
1137,Idaho,Bannock,BTPO,1,5,48055.07292,0,0,0,0,0,0,0,0,0,0,62,0,0,0,0,0,0,0,0,56,0,0,0,0,167,16,5,16005,105,32,16,10,2,1,1,1,1,13,12,4,3,18,11,3,6,2,3,3,4,1,1,2,3,4,0,2,0,0,0,1,1,3
1138,Idaho,Bannock,BTPO,1,5,24502.05896,0,0,0,0,0,0,0,0,34,0,0,0,0,0,0,0,0,0,0,2,0,21,0,0,73,16,5,16005,17,7,4,0,2,0,1,0,0,3,3,1,0,4,2,1,1,0,1,1,1,0,0,0,1,1,0,1,0,0,0,0,1,3
1139,Idaho,Bannock,BTPO,1,5,40614.90733,0,0,0,0,0,0,0,0,0,0,0,0,0,0,0,0,0,0,0,0,0,0,9,0,13,16,5,16005,98,38,12,19,3,2,1,0,1,14,13,11,0,23,10,5,13,4,2,2,2,0,4,0,0,6,4,1,0,0,0,0,1,3
1140,Idaho,Bannock,BTPO,1,5,39975.711,0,0,0,0,0,0,0,0,18,0,0,3,0,0,0,0,47,0,0,58,0,71,0,0,203,16,5,16005,81,39,9,9,3,7,2,0,9,14,12,12,1,22,12,5,13,4,2,1,2,0,4,0,1,7,3,2,0,0,0,0,1,3
1141,Idaho,Bannock,BTPO,1,5,81901.42881,0,0,0,0,0,12,0,0,0,0,0,0,0,0,0,16,0,0,0,2,0,0,0,0,66,16,5,16005,177,74,31,14,9,9,5,3,3,26,26,20,2,37,22,15,6,9,11,7,4,6,2,6,2,6,7,1,1,4,2,0,1,3
1142,Idaho,Bannock,BTPO,1,5,19787.31809,0,0,0,0,0,0,0,0,0,0,0,0,0,0,0,0,0,0,0,0,0,0,0,0,0,16,5,16005,70,20,1,16,0,2,1,0,0,7,6,6,1,8,6,6,0,0,4,2,2,4,0,2,0,0,2,0,1,2,1,0,1,3
1143,Idaho,Bannock,BTPO,1,5,78809.98212,0,0,0,0,0,0,0,0,0,0,0,0,0,0,0,0,0,0,0,0,0,0,0,0,10,16,5,16005,193,76,14,17,17,13,9,4,2,27,27,19,3,36,23,17,6,9,12,5,4,6,2,7,2,6,6,2,3,4,2,0,1,3
1144,Idaho,Bannock,BTPO,1,5,38587.27839,0,0,0,0,0,0,0,0,0,0,0,0,0,0,0,0,0,0,0,0,0,0,0,0,0,16,5,16005,114,42,7,12,10,5,3,1,4,15,15,11,1,19,14,9,1,0,10,4,4,7,1,6,0,0,1,1,0,5,2,0,1,3
1145,Idaho,Bannock,BTPO,1,5,35199.35308,0,0,0,0,0,0,0,0,0,0,0,4,0,0,0,0,0,0,0,56,0,0,0,0,60,16,5,16005,43,17,6,8,1,2,0,0,0,6,6,5,1,8,6,4,0,0,4,2,2,3,0,3,0,0,1,0,0,2,1,0,1,3
1146,Idaho,Bannock,BTPO,1,5,24126.28429,0,0,0,0,0,0,0,0,0,0,0,0,0,0,0,2,0,12,0,62,0,0,9,0,94,16,5,16005,53,17,3,9,3,2,0,0,0,6,7,4,0,8,5,4,1,0,4,1,2,3,0,2,0,0,1,0,0,2,1,0,1,3
1147,Idaho,Bannock,BTPO,1,5,44353.78793,0,0,0,0,0,0,0,0,0,0,0,0,0,0,0,16,0,0,0,10,0,0,0,0,48,16,5,16005,78,38,4,9,5,16,1,3,0,15,15,5,3,5,10,23,5,0,0,0,0,3,0,0,2,5,8,2,5,3,2,3,1,3
1148,Idaho,Bannock,BTPO,1,5,91700.39422,0,0,0,0,0,0,0,0,0,0,0,0,0,0,0,0,0,0,0,3,0,0,0,0,3,16,5,16005,135,58,24,20,5,2,1,5,1,0,0,0,0,0,0,0,0,0,0,0,0,0,0,0,0,0,0,0,0,0,0,0,1,3
1149,Idaho,Bannock,BTPO,1,5,297030.4986,0,0,0,0,0,0,0,3,0,0,0,0,0,0,0,0,0,0,0,8,0,21,0,0,33,16,5,16005,380,122,37,34,15,15,17,3,1,29,50,37,8,8,34,82,3,0,0,2,3,5,3,8,0,18,13,24,13,11,16,5,1,3
1150,Idaho,Bannock,BTPO,1,5,100939.3243,0,0,0,0,0,0,0,0,0,0,0,2,0,0,0,0,231,0,0,68,0,0,0,6,355,16,5,16005,94,36,7,13,8,6,2,0,0,0,0,0,0,0,0,0,0,0,0,0,0,0,0,0,0,0,0,0,0,0,0,0,1,3
1151,Idaho,Bannock,BTPO,1,5,127871.8401,0,0,0,0,0,0,308,2,21,0,2,24,0,0,30,0,67,39,0,662,0,71,4,0,1296,16,5,16005,0,0,0,0,0,0,0,0,0,0,0,0,0,0,0,0,0,0,0,0,0,0,0,0,0,0,0,0,0,0,0,0,1,3
1152,Idaho,Bannock,BTPO,1,5,217905.482,0,0,0,0,0,0,0,0,0,0,0,0,0,0,0,0,0,0,0,8,0,200,0,0,207,16,5,16005,147,53,12,15,3,9,12,1,1,11,22,15,5,6,15,32,2,0,1,2,1,2,1,2,1,9,6,9,5,3,6,3,1,3
1153,Idaho,Bannock,BTPO,1,5,53567.17099,0,0,0,0,0,0,0,0,0,0,0,0,0,0,0,0,0,0,0,0,0,0,0,0,0,16,5,16005,131,54,15,17,8,11,0,3,0,22,26,6,0,13,12,29,10,0,0,3,0,3,0,0,3,6,13,0,6,4,3,3,1,3
1154,Idaho,Bannock,BTPO,1,5,110103.529,0,0,0,0,0,0,0,0,0,0,0,0,0,327,0,0,0,0,0,0,40,0,0,0,365,16,5,16005,4,0,0,0,0,0,0,0,0,0,0,0,0,0,0,0,0,0,0,0,0,0,0,0,0,0,0,0,0,0,0,0,1,3
1155,Idaho,Bannock,BTPO,1,5,48480.60917,0,0,0,0,0,0,0,0,0,0,0,0,0,0,0,0,76,0,0,70,0,0,0,0,146,16,5,16005,129,61,10,39,4,4,2,0,2,26,25,8,2,27,12,22,4,6,5,7,5,1,0,2,4,5,6,1,6,5,3,1,1,3
1156,Idaho,Bannock,BTPO,1,5,23909.9968,0,0,0,0,0,0,0,0,0,0,0,0,0,0,0,0,51,0,0,24,0,0,0,0,86,16,5,16005,63,27,13,7,3,4,0,0,0,12,9,4,2,7,10,10,3,0,1,1,2,4,2,1,1,2,2,5,1,1,0,1,1,3
1157,Idaho,Bannock,BTPO,1,5,48189.9142,0,0,0,0,0,0,0,0,0,0,0,0,52,0,54,0,0,0,0,0,0,0,0,0,106,16,5,16005,138,58,35,12,2,6,2,0,1,23,24,9,2,28,12,18,4,5,5,7,7,3,1,1,4,3,4,3,4,4,1,2,1,3
1158,Idaho,Bannock,BTPO,1,5,24146.64379,0,0,0,0,0,0,0,0,0,0,0,3,28,0,0,6,58,0,0,14,0,0,0,0,235,16,5,16005,55,37,9,7,16,1,0,3,1,15,14,6,2,25,10,2,7,3,3,7,5,0,0,2,3,5,0,0,0,0,0,2,1,3
1159,Idaho,Bannock,BTPO,1,5,48009.59883,0,0,0,0,0,0,0,0,30,0,0,0,0,0,0,0,0,0,0,40,0,0,21,0,155,16,5,16005,74,29,16,6,2,4,0,0,1,13,10,4,2,18,10,1,5,3,2,4,4,0,0,2,4,4,0,0,0,0,0,1,1,3
1160,Idaho,Bannock,BTPO,1,5,48388.82926,0,0,0,0,0,0,0,0,22,0,0,0,0,0,0,22,149,0,0,136,0,106,0,0,471,16,5,16005,124,90,48,21,16,0,4,1,0,39,33,14,4,59,27,4,16,9,6,14,14,0,2,4,9,12,0,0,2,0,0,2,1,3
1161,Idaho,Bannock,BTPO,1,5,90325.32878,0,0,0,0,0,0,0,0,22,0,0,0,0,0,0,0,4,4,0,9,0,39,0,1269,2195,16,5,16005,0,0,0,0,0,0,0,0,0,0,0,0,0,0,0,0,0,0,0,0,0,0,0,0,0,0,0,0,0,0,0,0,1,3
1162,Idaho,Bannock,BTPO,1,5,74845.8986,0,0,0,0,0,0,0,0,9,0,18,2,0,0,0,15,0,0,0,44,0,98,0,0,210,16,5,16005,80,41,18,7,7,6,2,1,0,15,14,11,1,24,12,5,13,4,2,2,3,0,4,0,1,7,3,1,1,0,0,0,1,3
1163,Idaho,Bannock,BTPO,1,5,40319.37153,0,0,0,0,0,0,0,0,0,0,0,0,0,0,0,0,0,0,8,0,0,0,0,0,18,16,5,16005,102,46,3,17,12,9,2,2,1,17,15,14,0,27,12,7,16,5,2,1,3,0,4,0,0,8,5,2,0,0,0,0,1,3
1164,Idaho,Bannock,BTPO,1,5,40112.69198,0,0,0,0,0,0,0,0,0,0,0,0,0,0,0,0,0,0,0,0,0,0,0,0,0,16,5,16005,101,41,19,5,5,10,0,1,1,16,13,12,0,24,11,6,13,5,2,2,2,0,4,1,0,6,4,1,0,1,0,0,1,3
1165,Idaho,Bannock,BTPO,1,5,87049.77089,0,0,0,0,0,0,0,0,0,6,0,0,0,0,0,0,0,0,0,0,0,9,0,0,18,16,5,16005,236,92,29,34,12,8,6,3,0,32,33,25,2,48,27,17,12,18,8,7,3,0,2,6,4,15,12,1,4,0,0,0,1,3
1166,Idaho,Bannock,BTPO,1,5,74967.2317,0,0,0,0,0,0,0,0,0,6,0,0,0,0,0,0,0,0,0,0,0,0,0,0,6,16,5,16005,237,92,16,31,21,10,6,6,2,33,32,25,2,45,28,19,10,17,9,7,2,2,1,7,4,14,12,1,5,0,1,0,1,3
1167,Idaho,Bannock,BTPO,1,5,103955.6804,0,0,0,0,0,2,0,0,0,0,0,0,0,0,0,0,0,0,0,3,0,0,0,0,4,16,5,16005,156,66,22,13,14,8,2,6,1,23,24,17,2,14,28,24,1,0,5,5,3,5,2,10,3,8,9,4,5,1,4,1,1,3
1168,Idaho,Bannock,BTPO,1,5,18980.08737,0,0,0,0,0,0,0,0,0,0,0,0,0,0,0,0,0,0,0,0,0,0,0,0,0,16,5,16005,130,51,10,23,5,3,5,2,3,19,18,14,0,16,19,16,4,0,4,4,4,0,4,7,4,4,4,4,0,4,4,0,1,3
1169,Idaho,Bannock,BTPO,1,5,84894.82164,0,0,0,0,0,0,0,0,0,0,0,0,0,0,0,12,0,0,0,0,0,0,0,0,21,16,5,16005,147,46,0,31,5,9,0,1,0,10,21,14,3,7,20,21,4,1,0,1,1,3,4,4,2,7,4,8,4,4,1,0,1,3
1170,Idaho,Bannock,BTPO,1,5,131202.2372,0,0,0,0,0,0,0,0,0,6,0,6,0,0,0,0,2,0,0,32,0,10,0,0,60,16,5,16005,194,85,13,28,14,22,3,5,0,20,34,25,6,14,33,38,7,2,1,1,3,4,7,7,4,11,7,14,8,7,2,0,1,3
1171,Idaho,Bannock,BTPO,1,5,589211.5528,0,0,0,0,0,0,0,0,0,0,0,382,0,0,0,0,2,0,0,172,0,92,28,0,672,16,5,16005,141,45,1,24,13,7,0,0,0,12,17,13,2,5,14,25,1,0,2,1,1,2,1,4,0,7,4,7,4,3,5,2,1,3
1172,Idaho,Bannock,BTPO,1,5,49127.702,0,0,0,0,0,0,0,0,0,0,0,0,0,0,0,0,0,0,0,0,0,0,0,0,0,16,5,16005,100,38,9,19,6,3,0,1,0,12,13,10,1,8,15,13,1,0,2,3,2,2,2,5,2,4,5,2,3,1,2,0,1,3
1173,Idaho,Bannock,BTPO,1,5,48116.13371,0,0,0,0,0,0,0,0,0,0,0,0,0,0,0,0,0,0,0,0,0,4,0,0,4,16,5,16005,165,65,37,18,4,6,0,0,0,25,28,9,3,34,13,18,6,6,6,8,8,3,1,1,5,3,5,4,3,4,1,1,1,3
1174,Idaho,Bannock,BTPO,1,5,49016.43425,0,0,0,0,0,0,0,0,0,0,0,0,0,0,0,0,0,0,0,10,0,0,0,0,12,16,5,16005,135,25,9,9,4,2,1,0,0,10,10,4,1,12,5,8,2,2,2,3,3,1,0,1,2,1,2,1,2,1,1,1,1,3
1175,Idaho,Bannock,BTPO,1,5,24352.51081,0,0,0,0,0,0,0,0,0,0,0,0,0,0,0,0,0,0,0,0,0,94,0,630,1064,16,5,16005,6,1,0,1,0,0,0,0,0,0,1,0,0,1,0,0,0,0,0,0,1,0,0,0,0,0,0,0,0,0,0,0,1,3
1176,Idaho,Bannock,BTPO,1,5,23806.42778,0,0,0,0,0,0,0,0,0,0,0,0,0,0,0,0,0,0,0,26,0,0,22,0,48,16,5,16005,9,2,0,1,1,0,0,0,0,0,1,1,0,1,1,0,0,1,0,0,0,0,0,0,0,1,0,0,0,0,0,0,1,3
1177,Idaho,Bannock,BTPO,1,5,21291.41595,0,0,0,0,0,0,0,0,20,0,0,0,0,0,0,4,0,0,0,0,0,21,0,0,61,16,5,16005,9,2,0,1,1,0,0,0,0,0,1,1,0,1,1,0,0,0,1,0,0,0,0,1,0,0,0,0,0,0,0,0,1,3
1178,Idaho,Bannock,BTPO,1,5,35612.69795,0,0,0,0,0,2,0,0,0,0,0,0,38,0,0,0,0,0,0,42,0,0,0,0,98,16,5,16005,116,94,80,9,2,1,1,1,0,41,34,13,6,60,28,6,17,9,8,14,12,0,0,6,11,11,0,0,3,0,0,3,1,3
1179,Idaho,Bannock,BTPO,1,5,723974.2906,0,0,0,0,0,0,0,0,28,0,0,0,0,0,0,0,4,0,0,0,0,0,0,0,34,16,5,16005,9,0,0,0,0,0,0,0,0,0,0,0,0,0,0,0,0,0,0,0,0,0,0,0,0,0,0,0,0,0,0,0,1,3
1180,Idaho,Bannock,BTPO,1,5,23001.76587,0,0,0,0,0,0,0,0,0,0,0,40,0,0,0,0,0,0,0,0,0,0,0,68,107,16,5,16005,0,0,0,0,0,0,0,0,0,0,0,0,0,0,0,0,0,0,0,0,0,0,0,0,0,0,0,0,0,0,0,0,1,3
1181,Idaho,Bannock,BTPO,1,5,23914.98738,0,0,0,0,0,0,0,0,0,0,0,0,0,0,0,0,0,0,0,0,0,129,0,0,128,16,5,16005,0,0,0,0,0,0,0,0,0,0,0,0,0,0,0,0,0,0,0,0,0,0,0,0,0,0,0,0,0,0,0,0,1,3
1182,Idaho,Bannock,BTPO,1,5,40927.57233,0,0,0,0,0,0,0,0,16,0,0,0,57,0,0,0,0,0,24,21,0,6,0,0,201,16,5,16005,53,16,3,10,2,1,0,0,0,6,5,5,0,9,5,2,5,1,2,0,1,0,2,0,0,3,1,1,0,0,0,0,1,3
1183,Idaho,Bannock,BTPO,1,5,40384.52713,0,0,0,0,0,3,0,0,0,0,0,0,0,0,0,0,0,0,0,0,0,0,0,0,6,16,5,16005,118,49,12,22,11,2,1,1,0,18,17,14,0,29,13,7,17,4,3,2,3,0,5,0,0,8,4,2,1,0,0,0,1,3
1184,Idaho,Bannock,BTPO,1,5,40855.41643,0,0,0,0,0,0,0,0,0,0,0,0,0,0,0,0,0,0,0,0,0,0,0,0,0,16,5,16005,120,52,34,8,5,5,0,0,0,20,15,16,1,29,15,8,17,5,3,1,3,0,5,0,1,9,5,3,0,0,0,0,1,3
1185,Idaho,Bannock,BTPO,1,5,39951.71838,0,0,0,0,0,0,0,0,0,0,0,0,0,0,0,0,0,0,0,0,0,0,0,0,0,16,5,16005,123,51,12,18,6,7,7,1,0,19,17,15,0,31,14,6,17,6,3,2,3,0,6,0,0,8,5,1,0,0,0,0,1,3
1186,Idaho,Bannock,BTPO,1,5,60587.95511,0,0,0,0,0,0,0,0,0,0,0,0,0,0,0,0,0,0,0,0,0,0,0,0,0,16,5,16005,66,28,8,4,5,5,4,1,1,10,9,9,0,14,11,3,3,3,0,7,1,2,1,4,2,2,1,2,0,0,0,0,1,3
1187,Idaho,Bannock,BTPO,1,5,21531.39547,0,0,0,0,0,0,0,0,0,0,0,0,0,0,0,0,0,0,0,0,0,0,0,0,0,16,5,16005,72,36,13,5,9,0,8,1,0,12,13,10,1,17,10,9,4,6,3,2,2,0,1,3,1,5,5,1,3,0,0,0,1,3
1188,Idaho,Bannock,BTPO,1,5,51534.24702,0,0,0,0,0,0,0,0,0,3,0,0,0,0,0,0,0,0,0,0,0,0,0,0,4,16,5,16005,132,46,17,13,7,4,4,0,1,15,17,12,2,11,17,18,0,0,5,3,3,4,2,6,0,5,6,3,3,1,3,2,1,3
1189,Idaho,Bannock,BTPO,1,5,269289.6186,0,0,0,0,0,6,0,0,0,0,0,0,0,0,0,0,0,0,0,15,0,0,0,0,22,16,5,16005,312,119,33,46,13,11,10,5,1,42,42,31,3,27,48,43,2,0,10,9,6,9,2,20,3,14,15,8,7,3,8,2,1,3
1190,Idaho,Bannock,BTPO,1,5,20246.68581,0,0,0,0,0,0,0,0,0,0,0,0,0,0,0,0,0,0,0,0,0,0,0,0,3,16,5,16005,41,10,1,3,0,1,5,0,0,3,4,3,0,4,3,3,0,0,2,1,1,2,0,1,0,0,0,1,0,2,0,0,1,3
1191,Idaho,Bannock,BTPO,1,5,48400.59409,0,0,0,0,0,0,3,0,0,0,0,0,0,0,0,2,6,0,0,3,0,0,0,0,15,16,5,16005,115,37,8,16,2,8,0,1,2,15,15,5,2,7,8,22,5,0,0,0,2,3,0,0,2,3,10,2,5,3,0,2,1,3
1192,Idaho,Bannock,BTPO,1,5,180262.9981,0,0,0,0,0,3,0,0,0,0,0,0,0,326,0,0,0,0,0,0,54,0,0,0,396,16,5,16005,93,35,17,7,8,2,0,0,1,14,15,5,1,7,9,19,4,1,0,1,1,1,0,1,3,4,8,1,5,1,2,2,1,3
1193,Idaho,Bannock,BTPO,1,5,72416.30245,0,0,0,0,0,0,0,0,0,0,0,0,0,0,0,0,0,0,546,357,0,0,10,90,1109,16,5,16005,84,14,4,4,4,1,0,1,0,6,6,2,1,3,3,9,2,0,0,0,1,0,0,1,1,1,3,1,2,1,1,1,1,3
1194,Idaho,Bannock,BTPO,1,5,83915.46743,0,0,0,0,0,6,0,0,0,0,0,0,0,0,0,0,0,0,0,0,0,0,0,0,12,16,5,16005,188,113,41,34,24,9,4,1,0,39,42,30,2,28,48,37,2,0,10,9,7,9,2,19,4,14,14,7,7,2,7,0,1,3
1195,Idaho,Bannock,BTPO,1,5,5491.839112,0,0,0,0,0,2,0,2,0,0,0,0,0,0,2,0,2,0,0,0,0,0,0,0,61,16,5,16005,3,1,0,1,0,0,0,0,0,0,0,0,0,0,0,0,0,0,0,0,0,0,0,0,0,0,0,0,0,0,0,0,1,3
1196,Idaho,Bannock,BTPO,1,5,97000.52341,0.48,0.14,0,0,0,0,0,0,20,0,0,0,0,0,0,0,0,0,0,0,0,0,0,0,22,16,5,16005,196,81,25,34,6,9,3,2,2,26,29,22,4,21,30,30,0,0,9,0,12,5,4,8,5,8,4,5,12,5,4,0,1,3
1197,Idaho,Bannock,BTPO,1,5,85701.38604,0,0,0,0,0,0,0,0,0,0,0,0,168,0,166,0,0,0,0,0,0,0,0,0,332,16,5,16005,32,7,7,0,0,0,0,0,0,2,3,2,0,2,3,2,1,1,0,0,0,1,1,0,1,0,1,1,0,0,0,0,1,3
1198,Idaho,Bannock,BTPO,1,5,104509.3575,0,0,0,0,0,0,0,2,0,0,0,0,100,0,0,0,0,0,0,0,0,16,0,0,118,16,5,16005,318,105,47,40,8,8,2,0,0,31,42,26,6,39,41,25,8,17,8,2,4,10,15,2,4,10,7,8,6,4,0,0,1,3
1199,Idaho,Bannock,BTPO,1,5,8751.936811,0,0,0,0,0,0,0,0,0,0,0,0,0,0,0,0,0,0,0,0,0,34,0,0,36,16,5,16005,16,4,0,2,1,1,0,0,0,0,0,0,0,0,0,0,0,0,0,0,0,0,0,0,0,0,0,0,0,0,0,0,1,3
1200,Idaho,Bannock,BTPO,1,5,250319.2938,0,0,0,0,0,6,0,0,0,0,0,0,0,0,0,0,0,0,0,16,0,0,0,0,34,16,5,16005,221,78,16,36,9,8,4,4,1,27,28,21,2,18,32,28,2,0,6,6,4,6,2,12,3,9,10,5,5,1,5,2,1,3
1201,Idaho,Bannock,BTPO,1,5,98969.53611,0,0,0,0,0,0,18,0,0,0,0,2,0,0,0,0,80,0,0,24,0,0,3,0,125,16,5,16005,124,35,3,10,11,3,4,3,1,14,15,6,1,9,10,17,5,2,0,1,1,2,0,1,2,5,7,1,5,1,2,1,1,3
1202,Idaho,Bannock,BTPO,1,5,36469.22767,0,0,2,0,0,0,0,0,0,0,0,0,0,0,0,0,0,0,0,2,0,0,0,0,4,16,5,16005,88,26,11,8,2,1,2,2,0,9,10,7,0,8,10,8,0,0,4,2,2,3,0,5,0,2,3,1,1,1,2,0,1,3
1203,Idaho,Bannock,BTPO,1,5,25271.95463,0,0,0,0,0,0,0,0,0,0,0,0,0,318,0,0,0,0,0,0,9,0,0,0,325,16,5,16005,1,0,0,0,0,0,0,0,0,0,0,0,0,0,0,0,0,0,0,0,0,0,0,0,0,0,0,0,0,0,0,0,1,3
1204,Idaho,Bannock,BTPO,1,5,53930.63886,0,0,0,0,0,0,0,0,0,0,0,0,0,327,0,0,0,0,0,0,0,0,0,0,325,16,5,16005,53,13,8,3,2,0,0,0,0,5,5,2,0,2,4,6,1,1,0,0,0,1,0,0,2,1,3,0,2,0,0,1,1,3
1205,Idaho,Bannock,BTPO,1,5,48073.70915,0,0,0,0,0,0,0,0,0,0,0,0,0,0,0,0,0,0,18,120,0,0,3,30,170,16,5,16005,93,40,27,7,1,4,1,0,0,15,17,5,2,17,7,15,3,2,2,5,5,1,1,1,1,3,4,2,3,3,2,1,1,3
1206,Idaho,Bannock,BTPO,1,5,23857.12735,0,0,0,0,0,0,0,0,0,0,0,0,0,0,0,0,0,0,0,0,0,0,0,0,0,16,5,16005,73,43,11,15,8,7,1,1,0,17,18,6,2,23,8,12,3,5,4,6,5,3,0,0,3,2,3,1,3,3,0,2,1,3
1207,Idaho,Bannock,BTPO,1,5,48294.87349,0,0,0,0,0,0,0,0,0,0,0,0,0,0,0,0,3,0,0,2,0,7,0,0,12,16,5,16005,163,66,25,26,4,0,6,2,3,26,27,10,3,32,14,20,6,5,6,8,7,3,1,1,4,5,5,4,3,4,2,2,1,3
1208,Idaho,Bannock,BTPO,1,5,24293.44044,0,0,0,0,0,0,0,0,0,0,0,0,0,0,0,0,0,0,0,0,0,0,0,0,0,16,5,16005,78,45,6,26,6,6,1,0,0,18,19,6,2,24,8,13,3,5,5,6,5,3,0,0,4,1,3,2,3,3,0,2,1,3
1209,Idaho,Bannock,BTPO,1,5,24364.4386,0,0,0,0,0,0,0,0,0,0,0,0,0,0,0,0,0,0,0,0,0,0,0,0,0,16,5,16005,73,18,8,2,0,5,2,0,1,7,8,2,1,8,4,6,1,1,1,3,2,1,0,1,1,1,1,2,1,1,0,1,1,3
1210,Idaho,Bannock,BTPO,1,5,48238.92628,0,0,0,0,0,0,0,0,48,0,0,0,0,0,0,0,0,0,0,0,0,96,9,2,168,16,5,16005,39,22,2,20,0,0,0,0,0,9,9,3,1,10,5,7,1,2,2,3,2,1,1,0,2,1,2,1,1,2,0,1,1,3
1211,Idaho,Bannock,BTPO,1,5,12126.71449,0,0,0,0,0,0,0,0,21,0,0,14,0,0,0,0,0,0,0,0,8,66,10,0,116,16,5,16005,7,2,0,0,0,2,0,0,0,0,0,0,0,0,0,0,0,0,0,0,0,0,0,0,0,0,0,0,0,0,0,0,1,3
1212,Idaho,Bannock,BTPO,1,5,24119.37189,0,0,0,0,0,0,0,0,9,0,0,20,0,0,0,0,0,0,0,0,0,0,0,0,25,16,5,16005,5,0,0,0,0,0,0,0,0,0,0,0,0,0,0,0,0,0,0,0,0,0,0,0,0,0,0,0,0,0,0,0,1,3
1213,Idaho,Bannock,BTPO,1,5,24813.31685,0,0,0,0,0,0,0,0,3,0,0,0,0,0,0,0,0,0,0,18,0,0,4,0,25,16,5,16005,9,1,1,0,0,0,0,0,0,0,1,0,0,0,1,0,0,0,0,0,0,1,0,0,0,0,0,0,0,0,0,0,1,3
1214,Idaho,Bannock,BTPO,1,5,53192.58971,0,0,0,0,0,0,14,0,0,0,0,2,0,0,0,0,368,0,0,226,0,0,16,0,626,16,5,16005,18,2,2,0,0,0,0,0,0,0,1,1,0,1,1,0,0,1,0,0,0,0,0,0,1,0,0,0,0,0,0,0,1,3
1215,Idaho,Bannock,BTPO,1,5,97921.80589,0,0,0,0,0,10,4,14,54,46,0,0,0,0,0,0,135,0,0,66,0,42,56,0,502,16,5,16005,20,16,3,7,2,2,2,0,0,3,7,4,2,8,5,3,2,3,1,2,0,2,0,1,1,1,2,1,0,0,0,0,1,3
1216,Idaho,Bannock,BTPO,1,5,106308.5768,0,0,0,0,0,0,12,0,33,0,14,0,0,0,0,3,0,0,0,99,8,62,0,0,294,16,5,16005,21,6,0,3,2,0,0,1,0,2,3,1,0,3,2,1,1,1,1,0,0,0,0,2,0,0,1,0,0,0,0,0,1,3
1217,Idaho,Bannock,BTPO,1,5,43090.70357,0,0,0,0,0,0,0,0,0,0,0,4,0,0,0,0,0,0,9,0,0,0,2,0,15,16,5,16005,108,31,0,17,9,3,1,1,0,12,12,6,1,15,5,11,4,6,2,0,3,0,4,1,0,0,4,1,2,3,1,0,1,3
1218,Idaho,Bannock,BTPO,1,5,44859.16205,0,0,0,0,0,4,0,3,6,0,0,0,0,0,0,0,0,0,0,0,0,27,0,0,46,16,5,16005,69,27,9,7,4,3,4,0,0,12,10,5,0,10,5,12,2,5,1,0,2,1,2,1,0,1,4,2,3,2,1,0,1,3
1219,Idaho,Bannock,BTPO,1,5,232057.5849,0,0,0,0,0,0,0,4,0,28,0,0,0,0,0,22,0,0,58,0,0,0,0,0,252,16,5,16005,15,1,1,0,0,0,0,0,0,0,1,0,0,0,1,0,0,0,0,0,0,0,0,1,0,0,0,0,0,0,0,0,1,3
1220,Idaho,Bannock,BTPO,1,5,44056.06388,0,0,0,0,0,0,0,0,32,0,0,0,0,0,0,0,0,0,0,0,0,0,0,0,12,16,5,16005,94,41,11,13,3,8,2,4,0,12,16,11,2,16,12,13,4,4,1,7,0,2,2,0,5,3,4,5,0,4,0,0,1,3
1221,Idaho,Bannock,BTPO,1,5,20648.58104,0,0,0,0,0,0,0,0,0,0,0,0,147,0,142,0,0,0,0,0,0,0,0,0,288,16,5,16005,30,10,3,1,1,0,4,0,1,4,3,3,0,4,3,3,0,2,0,2,0,0,1,1,1,0,0,1,0,2,0,0,1,3
1222,Idaho,Bannock,BTPO,1,5,40038.13669,0,0,0,0,0,0,0,0,0,0,0,0,0,0,0,0,0,0,0,0,0,0,0,0,0,16,5,16005,117,52,31,18,0,0,2,1,0,18,18,16,0,20,12,20,0,11,2,7,0,0,6,2,2,2,3,6,2,7,2,0,1,3
1223,Idaho,Bannock,BTPO,1,5,39899.74037,0,0,0,0,0,0,0,0,0,0,0,0,0,0,0,0,0,0,0,0,0,0,0,0,0,16,5,16005,109,44,19,3,12,4,0,4,2,16,13,13,2,16,13,15,0,9,2,5,0,0,4,4,4,1,2,6,2,5,0,0,1,3
1224,Idaho,Bannock,BTPO,1,5,40606.67074,0,0,0,0,0,0,0,0,0,0,0,0,0,0,0,0,0,0,0,0,0,14,0,0,13,16,5,16005,120,35,6,12,4,5,4,4,0,13,12,10,0,13,9,13,0,9,0,4,0,0,5,1,1,2,3,3,1,6,0,0,1,3
1225,Idaho,Bannock,BTPO,1,5,40309.37448,0,0,0,0,0,0,0,0,0,0,0,0,0,0,0,0,0,0,0,0,0,0,0,0,0,16,5,16005,136,44,4,28,4,2,2,2,2,17,14,13,0,24,17,3,6,5,0,11,2,1,4,5,3,4,1,2,0,0,0,0,1,3
1226,Idaho,Bannock,BTPO,1,5,39463.02533,0,0,0,0,0,0,0,0,0,0,0,0,0,0,0,0,3,0,0,0,0,0,0,0,3,16,5,16005,122,54,25,13,10,4,1,1,0,19,17,17,1,26,24,4,6,6,0,13,1,3,3,9,4,5,1,3,0,0,0,0,1,3
1227,Idaho,Bannock,BTPO,1,5,18507.42581,0,0,0,0,0,0,0,0,0,0,0,0,0,0,0,0,0,0,0,0,0,0,0,0,0,16,5,16005,7,1,1,0,0,0,0,0,0,1,1,0,0,0,1,1,0,0,0,0,0,1,0,0,0,0,1,0,0,0,0,0,1,3
1228,Idaho,Bannock,BTPO,1,5,23635.23286,0,0,0,0,0,0,0,0,0,0,0,20,0,123,0,0,0,0,0,6,0,0,0,0,148,16,5,16005,3,1,0,0,0,0,1,0,0,0,1,0,0,0,0,1,0,0,0,0,0,0,0,0,0,0,0,1,0,0,0,0,1,3
1229,Idaho,Bannock,BTPO,1,5,48201.71692,0,0,0,0,0,0,0,0,0,0,0,0,0,0,0,0,0,0,0,0,0,0,0,0,0,16,5,16005,134,61,40,10,4,0,4,3,0,24,26,8,3,33,12,16,5,6,5,9,8,2,1,1,4,4,4,3,4,3,1,1,1,3
1230,Idaho,Bannock,BTPO,1,5,47694.24871,0,0,0,0,0,0,0,0,12,0,0,8,0,0,0,0,0,0,0,4,0,0,0,0,24,16,5,16005,126,68,30,23,3,7,2,2,1,27,28,11,2,32,14,22,5,5,6,8,8,4,1,1,5,3,6,3,5,5,1,2,1,3
1231,Idaho,Bannock,BTPO,1,5,24098.20619,0,0,0,0,0,0,6,4,4,18,0,28,0,0,0,0,22,0,74,3,0,0,12,20,370,16,5,16005,14,0,0,0,0,0,0,0,0,0,0,0,0,0,0,0,0,0,0,0,0,0,0,0,0,0,0,0,0,0,0,0,1,3
1232,Idaho,Bannock,BTPO,1,5,23998.68791,0,0,0,0,0,0,0,0,8,0,0,6,0,0,0,0,96,0,70,118,0,44,6,0,438,16,5,16005,26,33,16,14,2,1,0,0,0,7,13,6,7,21,6,6,3,6,6,3,3,3,0,3,0,0,3,3,0,0,0,0,1,3
1233,Idaho,Bannock,BTPO,1,5,24169.60044,0,0,0,0,0,0,0,0,42,0,0,0,0,0,0,0,0,0,0,111,30,226,0,0,414,16,5,16005,8,4,2,1,1,0,0,0,0,1,2,1,0,2,1,1,0,1,0,1,0,0,0,1,0,0,1,0,0,0,0,0,1,3
1234,Idaho,Bannock,BTPO,1,5,47785.57886,0,0,0,0,0,0,0,0,156,0,0,0,0,0,0,0,0,70,0,4,0,0,0,0,404,16,5,16005,61,33,22,7,3,0,0,1,0,7,14,9,3,18,8,7,3,7,3,3,2,3,0,2,2,1,4,1,2,0,0,0,1,3
1235,Idaho,Bannock,BTPO,1,5,24673.94319,0,0,0,0,0,0,0,18,6,0,0,0,0,0,0,0,26,0,0,0,0,0,0,0,61,16,5,16005,1,1,0,1,0,0,0,0,0,0,1,0,0,0,1,0,0,0,0,0,0,1,0,0,0,0,0,0,0,0,0,0,1,3
1236,Idaho,Bannock,BTPO,1,5,82965.36345,0,0,0,0,0,26,0,0,0,0,0,0,10,0,24,0,0,0,3,32,0,49,0,0,174,16,5,16005,0,0,0,0,0,0,0,0,0,0,0,0,0,0,0,0,0,0,0,0,0,0,0,0,0,0,0,0,0,0,0,0,1,3
1237,Idaho,Bannock,BTPO,1,5,81332.83078,0,0,0,0,0,15,16,0,3,2,0,51,0,0,0,6,40,0,142,100,0,45,14,0,565,16,5,16005,55,29,18,10,0,0,0,0,1,10,13,6,0,18,5,6,8,1,2,1,6,0,2,0,1,2,1,2,0,1,2,0,1,3
1238,Idaho,Bannock,BTPO,1,5,23682.80497,0,0,0,0,0,0,8,0,6,0,2,42,0,0,0,0,0,0,0,30,3,0,4,0,98,16,5,16005,7,5,2,0,3,0,0,0,0,2,2,1,0,3,2,0,1,0,1,1,0,0,0,1,0,1,0,0,0,0,0,0,1,3
1239,Idaho,Bannock,BTPO,1,5,54422.78712,0,0,0,0,0,0,0,0,15,0,0,0,0,0,0,0,0,0,0,0,0,20,4,0,45,16,5,16005,106,65,33,22,1,5,4,0,0,27,25,12,1,30,23,12,8,9,9,0,4,3,2,13,0,5,8,1,2,0,0,1,1,3
1240,Idaho,Bannock,BTPO,1,5,56183.559,0,0,0,0,0,0,0,0,4,4,0,0,0,0,0,0,21,0,0,4,0,0,2,0,40,16,5,16005,96,53,30,12,3,4,1,1,2,22,21,10,0,30,15,8,8,9,8,1,4,3,1,8,0,3,7,0,1,0,0,0,1,3
1241,Idaho,Bannock,BTPO,1,5,35945.67261,0,0,0,0,0,0,0,66,15,0,0,0,0,0,0,0,0,0,0,39,0,0,0,0,192,16,5,16005,76,50,32,12,3,0,3,0,0,19,19,10,2,22,8,20,7,8,2,0,5,0,6,2,0,0,7,2,4,5,2,0,1,3
1242,Idaho,Bannock,BTPO,1,5,25202.0754,0,0,0,0,0,0,0,0,10,0,0,0,0,0,0,0,0,0,0,0,0,0,0,0,12,16,5,16005,28,19,1,10,4,2,0,2,0,9,7,3,0,9,1,9,1,5,1,0,2,0,1,0,0,0,3,2,3,1,0,0,1,3
1243,Idaho,Bannock,BTPO,1,5,78075.6545,0,0,0,0,0,10,16,0,0,0,0,0,0,0,110,0,0,0,0,94,0,0,4,0,301,16,5,16005,82,37,11,16,5,3,1,1,0,15,14,7,1,16,8,13,4,7,2,0,3,1,4,2,0,1,4,2,3,2,2,0,1,3
1244,Idaho,Bannock,BTPO,1,5,13396.18996,0,0,0,0,0,0,0,0,12,0,0,0,0,0,0,0,0,0,0,0,0,0,12,0,25,16,5,16005,0,0,0,0,0,0,0,0,0,0,0,0,0,0,0,0,0,0,0,0,0,0,0,0,0,0,0,0,0,0,0,0,1,3
1245,Idaho,Bannock,BTPO,1,5,154137.468,0,0,0,0,0,0,46,14,39,0,0,0,0,0,0,8,112,0,0,42,84,19,21,0,528,16,5,16005,0,0,0,0,0,0,0,0,0,0,0,0,0,0,0,0,0,0,0,0,0,0,0,0,0,0,0,0,0,0,0,0,1,3
1246,Idaho,Bannock,BTPO,1,5,46592.83162,0,0,0,0,0,0,0,0,0,20,0,0,0,0,0,0,0,0,0,0,0,0,10,0,45,16,5,16005,0,0,0,0,0,0,0,0,0,0,0,0,0,0,0,0,0,0,0,0,0,0,0,0,0,0,0,0,0,0,0,0,1,3
1247,Idaho,Bannock,BTPO,1,5,43349.14719,0,0,0,0,0,0,0,0,2,0,0,21,0,0,0,0,0,0,0,46,0,0,0,0,69,16,5,16005,96,53,5,25,14,5,0,2,2,15,22,13,3,19,18,16,4,4,1,10,0,2,4,0,8,4,5,7,0,4,0,0,1,3
1248,Idaho,Bannock,BTPO,1,5,81042.61737,0,0,0,0,0,0,0,0,0,0,0,0,0,0,0,18,8,0,0,10,0,0,0,0,66,16,5,16005,251,134,60,34,26,5,6,2,1,39,53,35,7,52,37,45,12,12,4,24,0,5,7,0,18,7,15,18,0,12,0,0,1,3
1249,Idaho,Bannock,BTPO,1,5,45511.5692,0,0,0,0,0,6,0,0,3,0,0,0,0,0,0,0,0,0,0,10,0,0,0,0,25,16,5,16005,119,45,0,33,4,3,4,0,1,14,17,12,2,18,13,14,4,5,1,8,0,2,2,0,6,3,4,6,0,4,0,0,1,3
1250,Idaho,Bannock,BTPO,1,5,20126.7496,0,0,0,0,0,0,0,0,14,0,0,68,0,0,0,0,0,0,0,0,0,135,0,0,238,16,5,16005,20,20,2,11,5,0,2,0,0,8,6,6,0,8,6,6,0,4,2,2,0,0,2,2,2,0,0,4,0,2,0,0,1,3
1251,Idaho,Bannock,BTPO,1,5,40532.27902,0,0,0,0,0,0,20,0,6,0,0,3,0,0,0,0,0,0,0,0,8,46,0,0,136,16,5,16005,67,17,7,3,4,3,0,0,0,7,5,5,0,5,5,7,0,3,0,2,0,0,2,1,2,0,2,1,1,2,1,0,1,3
1252,Idaho,Bannock,BTPO,1,5,40651.42328,0,0,0,0,0,0,0,0,0,0,0,0,0,0,0,0,0,0,0,27,0,0,0,0,27,16,5,16005,82,30,1,18,1,7,2,1,0,11,9,9,1,12,8,10,0,7,1,4,0,1,4,1,1,1,2,3,1,4,0,0,1,3
1253,Idaho,Bannock,BTPO,1,5,40061.3901,0,0,0,0,0,10,0,0,0,0,0,0,0,0,0,0,0,0,0,0,0,0,0,0,24,16,5,16005,84,41,12,10,4,5,7,0,3,14,15,12,0,15,11,15,0,8,2,5,0,0,3,3,4,1,2,5,1,7,0,0,1,3
1254,Idaho,Bannock,BTPO,1,5,20025.91923,0,0,0,0,0,4,0,0,0,0,0,0,0,0,0,0,0,0,0,0,0,0,0,0,7,16,5,16005,57,25,3,10,2,8,2,0,0,10,9,6,0,13,7,5,2,4,0,6,1,1,1,3,1,1,1,3,1,0,0,0,1,3
1255,Idaho,Bannock,BTPO,1,5,80598.65444,0,0,0,0,0,0,0,0,0,0,0,10,0,0,0,0,0,0,0,54,0,0,0,0,64,16,5,16005,220,95,28,37,19,3,4,4,0,35,30,29,1,49,40,6,11,11,0,24,3,5,6,13,8,8,1,5,0,0,0,0,1,3
1256,Idaho,Bannock,BTPO,1,5,333848.8125,0,0,0,0,0,0,0,0,0,0,0,0,0,0,0,0,0,0,0,2,0,0,0,0,1,16,5,16005,28,11,2,4,2,2,0,1,0,2,3,3,2,0,3,7,0,0,0,0,0,0,1,0,1,1,2,1,2,1,1,0,1,3
1257,Idaho,Bannock,BTPO,1,5,218512.1485,0,0,0,0,0,0,0,0,0,0,8,0,60,0,0,0,0,0,0,0,0,0,0,0,67,16,5,16005,58,17,0,5,7,0,1,0,4,4,5,6,3,1,8,9,1,0,0,0,0,0,1,1,5,1,2,3,3,1,0,0,1,3
1258,Idaho,Bannock,BTPO,1,5,66213.27191,3.06,0.87,0,0,0,0,0,0,0,0,0,0,0,474,0,0,9,0,0,0,0,0,0,0,480,16,5,16005,51,0,0,0,0,0,0,0,0,0,0,0,0,0,0,0,0,0,0,0,0,0,0,0,0,0,0,0,0,0,0,0,1,3
1259,Idaho,Bannock,BTPO,1,5,44479.51167,0,0,0,0,0,0,0,0,0,0,0,0,0,164,0,0,0,0,0,0,0,0,0,0,162,16,5,16005,34,1,0,0,1,0,0,0,0,0,1,0,0,0,1,0,0,0,0,0,0,1,0,0,0,0,0,0,0,0,0,0,1,3
1260,Idaho,Bannock,BTPO,1,5,154272.1412,0,0,0,0,0,0,0,0,0,0,0,0,0,0,0,0,3,0,0,3,0,0,2,0,7,16,5,16005,314,139,66,40,21,10,0,1,1,56,59,20,4,86,12,41,12,17,36,17,4,0,0,4,4,4,4,33,0,4,0,0,1,3
1261,Idaho,Bannock,BTPO,1,5,1323929.873,0,0,0,0,0,0,0,0,0,0,0,0,0,33,4518,0,3,0,0,2,0,0,0,2,4527,16,5,16005,307,71,46,9,12,3,1,0,0,28,30,10,3,43,11,17,6,8,18,9,2,2,1,3,3,2,1,15,0,1,0,0,1,3
1262,Idaho,Bannock,BTPO,1,5,138837.0331,0,0,0,0,0,0,0,0,20,0,0,0,0,476,1,0,0,0,0,0,0,2,0,0,520,16,5,16005,7,4,4,0,0,0,0,0,0,2,1,1,0,1,1,2,1,0,0,0,0,0,0,0,0,1,1,0,0,1,0,0,1,3
1263,Idaho,Bannock,BTPO,1,5,24265.0836,0,0,0,0,0,0,4,0,58,0,0,0,0,2818,0,0,0,0,4,0,0,6,0,0,2895,16,5,16005,89,45,14,13,5,6,2,2,3,18,20,6,1,23,8,14,3,5,4,7,4,2,0,0,3,3,3,2,3,3,1,2,1,3
1264,Idaho,Bannock,BTPO,1,5,23591.87391,0,0,0,0,0,0,0,12,18,0,0,12,0,0,0,0,2,0,70,3,0,9,0,0,240,16,5,16005,15,5,1,2,2,0,0,0,0,1,2,1,1,2,2,1,0,1,1,0,0,1,0,0,0,1,0,1,0,0,0,0,1,3
1265,Idaho,Bannock,BTPO,1,5,49084.01288,0,0,0,0,82,0,0,0,0,0,0,0,0,0,0,0,0,0,0,9,0,0,8,0,203,16,5,16005,66,41,25,11,3,1,1,0,0,9,19,9,4,25,9,7,5,9,6,5,0,2,0,5,0,2,5,2,0,0,0,0,1,3
1266,Idaho,Bannock,BTPO,1,5,24771.34089,0,0,0,0,0,16,0,24,0,0,0,0,0,0,0,0,0,0,0,0,0,0,0,0,67,16,5,16005,17,1,0,1,0,0,0,0,0,0,1,0,0,0,1,0,0,0,0,0,0,1,0,0,0,0,0,0,0,0,0,0,1,3
1267,Idaho,Bannock,BTPO,1,5,247464.4234,0,0,0,0,0,0,0,0,0,0,0,0,0,0,0,0,0,0,27,0,0,0,0,0,27,16,5,16005,147,61,16,15,18,6,3,3,0,13,27,14,8,34,21,7,5,7,16,2,4,0,6,1,0,14,2,0,1,3,1,0,1,3
1268,Idaho,Bannock,BTPO,1,5,51344.09171,0,0,0,0,0,8,10,0,0,0,0,0,0,0,0,0,0,0,0,0,0,20,3,0,66,16,5,16005,1,0,0,0,0,0,0,0,0,0,0,0,0,0,0,0,0,0,0,0,0,0,0,0,0,0,0,0,0,0,0,0,1,3
1269,Idaho,Bannock,BTPO,1,5,42321.55278,0,0,0,0,0,3,0,16,0,0,0,0,0,0,0,0,0,0,0,0,0,2,2,0,36,16,5,16005,35,11,10,0,1,0,0,0,0,0,0,0,0,0,0,0,0,0,0,0,0,0,0,0,0,0,0,0,0,0,0,0,1,3
1270,Idaho,Bannock,BTPO,1,5,45371.85789,0,0,0,0,0,4,0,0,0,0,0,0,0,0,0,0,0,0,0,32,0,30,2,0,67,16,5,16005,45,20,5,15,0,0,0,0,0,0,0,0,0,0,0,0,0,0,0,0,0,0,0,0,0,0,0,0,0,0,0,0,1,3
1271,Idaho,Bannock,BTPO,1,5,47996.71402,0,0,0,0,0,0,0,0,0,0,0,0,0,0,0,0,0,0,0,0,0,0,0,0,0,16,5,16005,118,69,39,12,1,12,1,1,3,14,31,17,7,36,18,15,7,11,7,8,3,8,0,7,0,3,8,3,4,0,0,0,1,3
1272,Idaho,Bannock,BTPO,1,5,23904.40963,0,0,0,0,0,0,0,0,0,0,0,0,0,0,0,0,0,0,0,0,0,184,0,0,183,16,5,16005,74,27,11,13,1,1,0,1,0,3,14,7,3,17,7,3,3,7,4,3,0,3,0,4,0,0,3,0,0,0,0,0,1,3
1273,Idaho,Bannock,BTPO,1,5,23893.69736,0,0,0,0,0,0,0,0,0,0,0,0,0,0,0,0,0,0,26,0,0,51,0,0,76,16,5,16005,108,32,17,5,2,5,2,0,1,6,13,7,6,16,11,5,3,5,5,0,3,3,0,2,3,3,2,3,0,0,0,0,1,3
1274,Idaho,Bannock,BTPO,1,5,48593.08158,0,0,0,0,0,0,0,0,0,0,0,0,153,0,3,0,0,0,0,0,0,0,4,0,159,16,5,16005,29,32,9,8,7,0,6,2,0,13,12,6,1,16,11,5,4,4,5,0,3,1,1,7,0,2,4,0,0,0,0,1,1,3
1275,Idaho,Bannock,BTPO,1,5,24188.62437,0,0,0,0,0,0,0,0,6,0,0,4,4,0,28,0,28,0,0,3,0,0,48,4,106,16,5,16005,31,23,17,0,5,0,0,1,0,9,9,4,1,12,8,3,3,4,3,0,2,1,1,5,0,1,2,1,0,0,0,0,1,3
1276,Idaho,Bannock,BTPO,1,5,24218.8029,0,0,0,0,0,0,0,0,0,0,0,3,0,0,0,0,0,0,0,2,0,0,9,0,13,16,5,16005,64,33,25,5,1,0,2,0,0,14,13,6,0,16,11,6,4,5,5,1,1,2,0,8,0,1,3,0,2,0,0,1,1,3
1277,Idaho,Bannock,BTPO,1,5,36613.56264,0,0,0,0,0,0,0,0,0,0,0,0,0,0,0,0,0,0,12,0,0,0,0,0,22,16,5,16005,120,44,13,18,6,6,0,0,1,17,17,8,2,20,6,18,4,9,2,0,5,0,4,2,0,0,7,2,5,2,2,0,1,3
1278,Idaho,Bannock,BTPO,1,5,139556.4329,0,0,0,0,0,0,0,0,0,0,0,0,0,0,0,0,0,0,0,2,0,0,0,0,1,16,5,16005,281,137,46,40,23,12,15,1,0,57,52,25,3,59,27,51,15,26,9,0,9,4,16,4,0,3,16,7,13,10,5,0,1,3
1279,Idaho,Bannock,BTPO,1,5,34119.65829,0,0,0,0,0,0,0,0,0,0,0,0,0,0,0,0,0,0,0,0,0,0,0,0,0,16,5,16005,74,53,38,7,6,1,0,0,1,21,21,11,0,25,8,20,6,8,6,0,5,0,6,2,0,0,9,3,5,3,0,0,1,3
1280,Idaho,Bannock,BTPO,1,5,105779.5835,0,0,0,0,0,0,0,8,0,0,0,0,0,0,0,0,0,0,0,0,0,0,0,0,7,16,5,16005,205,69,24,22,6,8,5,1,3,21,27,18,3,11,30,28,2,1,0,5,3,11,11,1,5,2,11,6,2,6,3,0,1,3
1281,Idaho,Bannock,BTPO,1,5,80692.68397,0,0,0,0,0,0,0,0,0,3,0,0,0,0,0,0,0,0,0,0,0,0,0,0,16,16,5,16005,188,82,25,29,10,12,4,2,0,24,32,22,4,31,25,26,7,7,1,16,0,4,4,0,11,6,9,10,0,7,0,0,1,3
1282,Idaho,Bannock,BTPO,1,5,80974.22204,0,0,0,0,0,3,0,0,0,0,0,0,0,0,0,0,0,0,0,0,0,0,0,0,3,16,5,16005,177,75,13,33,18,7,3,1,0,22,30,20,3,29,21,25,7,7,2,13,0,3,4,0,10,4,8,10,0,7,0,0,1,3
1283,Idaho,Bannock,BTPO,1,5,94227.25157,0,0,0,0,0,0,2,0,0,0,0,0,0,0,0,0,0,0,0,48,0,0,0,0,188,16,5,16005,89,34,10,15,0,5,0,2,2,10,14,9,1,5,14,15,0,1,0,2,2,5,6,1,2,0,6,4,1,2,2,0,1,3
1284,Idaho,Bannock,BTPO,1,5,38739.55721,0,0,0,0,0,118,0,21,9,0,0,0,0,0,0,0,0,0,0,0,0,0,0,0,317,16,5,16005,20,5,0,0,4,0,0,1,0,2,1,2,0,2,1,2,0,1,0,1,0,0,0,0,1,0,1,1,0,0,0,0,1,3
1285,Idaho,Bannock,BTPO,1,5,22979.05763,0,0,0,0,0,4,0,0,0,0,0,0,0,0,0,0,0,0,0,0,6,0,0,0,15,16,5,16005,13,1,0,0,0,0,0,1,0,0,1,0,0,0,1,0,0,0,0,0,0,0,0,0,1,0,0,0,0,0,0,0,1,3
1286,Idaho,Bannock,BTPO,1,5,41642.03742,0,0,0,0,0,14,0,0,46,0,0,33,0,0,0,0,0,0,0,70,0,0,18,0,198,16,5,16005,0,0,0,0,0,0,0,0,0,0,0,0,0,0,0,0,0,0,0,0,0,0,0,0,0,0,0,0,0,0,0,0,1,3
1287,Idaho,Bannock,BTPO,1,5,40178.52733,0,0,0,0,0,0,0,0,52,0,0,2,0,0,0,0,32,0,0,12,34,141,15,0,289,16,5,16005,0,0,0,0,0,0,0,0,0,0,0,0,0,0,0,0,0,0,0,0,0,0,0,0,0,0,0,0,0,0,0,0,1,3
1288,Idaho,Bannock,BTPO,1,5,483207.029,0,0,0,0,0,6,0,0,0,0,0,0,0,0,0,0,0,0,0,0,0,0,0,0,25,16,5,16005,0,0,0,0,0,0,0,0,0,0,0,0,0,0,0,0,0,0,0,0,0,0,0,0,0,0,0,0,0,0,0,0,1,3
1289,Idaho,Bannock,BTPO,1,5,371048.3551,0,0,0,0,0,0,0,0,0,0,0,0,0,0,0,0,0,0,0,0,0,0,0,0,0,16,5,16005,0,0,0,0,0,0,0,0,0,0,0,0,0,0,0,0,0,0,0,0,0,0,0,0,0,0,0,0,0,0,0,0,1,3
1290,Idaho,Bannock,BTPO,1,5,514804.0344,0,0,0,0,0,27,0,15,0,8,0,14,0,0,0,0,0,0,0,2,0,0,0,0,104,16,5,16005,182,55,5,33,6,1,8,1,1,14,22,14,4,8,11,35,0,0,0,4,4,0,4,0,3,4,4,12,7,4,4,4,1,3
1291,Idaho,Bannock,BTPO,1,5,172305.4053,0,0,0,0,0,0,0,0,0,0,0,0,0,0,0,0,0,0,0,0,0,0,0,0,0,16,5,16005,4,0,0,0,0,0,0,0,0,0,0,0,0,0,0,0,0,0,0,0,0,0,0,0,0,0,0,0,0,0,0,0,1,3
1292,Idaho,Bannock,BTPO,1,5,23510.96633,0,0,0,0,0,0,0,0,3,0,0,0,0,244,3,0,0,0,0,0,0,8,0,0,256,16,5,16005,1,1,1,0,0,0,0,0,0,0,1,0,0,0,0,1,0,0,0,0,0,0,0,0,0,0,1,0,0,0,0,0,1,3
1293,Idaho,Bannock,BTPO,1,5,24231.70826,0,0,0,0,0,0,0,0,2,0,0,10,0,0,0,0,0,0,0,3,0,88,0,0,103,16,5,16005,31,26,12,7,4,2,1,0,0,8,10,5,3,14,6,6,3,6,3,2,0,0,0,3,0,3,3,0,3,0,0,0,1,3
1294,Idaho,Bannock,BTPO,1,5,48246.87591,0,0,0,0,0,15,0,0,0,0,0,0,0,0,0,0,0,0,0,0,0,0,0,0,30,16,5,16005,146,77,30,24,14,6,2,0,1,15,35,19,8,36,25,16,8,12,8,8,0,9,0,8,4,4,8,8,0,0,0,0,1,3
1295,Idaho,Bannock,BTPO,1,5,24570.96616,0,0,0,0,0,0,0,0,4,6,0,0,0,0,0,4,0,0,0,0,4,0,0,0,21,16,5,16005,0,0,0,0,0,0,0,0,0,0,0,0,0,0,0,0,0,0,0,0,0,0,0,0,0,0,0,0,0,0,0,0,1,3
1296,Idaho,Bannock,BTPO,1,5,47358.10841,0,0,0,0,0,15,0,0,0,0,0,0,0,0,0,0,0,0,0,0,0,0,0,0,15,16,5,16005,0,0,0,0,0,0,0,0,0,0,0,0,0,0,0,0,0,0,0,0,0,0,0,0,0,0,0,0,0,0,0,0,1,3
1297,Idaho,Bannock,BTPO,1,5,47566.81001,0,0,0,0,0,0,0,0,0,0,0,0,0,0,0,0,0,0,0,0,0,0,3,0,3,16,5,16005,176,56,23,22,4,5,0,2,0,11,25,12,8,32,12,12,6,9,9,5,3,3,0,3,3,3,6,3,3,0,0,0,1,3
1298,Idaho,Bannock,BTPO,1,5,112711.3419,0,0,0,0,0,0,0,0,0,0,0,0,0,0,0,0,0,0,10,0,0,0,0,0,10,16,5,16005,40,17,7,0,7,2,1,0,0,4,7,4,2,10,5,2,1,2,4,1,2,0,1,1,0,3,1,0,0,0,1,0,1,3
1299,Idaho,Bannock,BTPO,1,5,158061.6763,0,0,0,0,0,27,0,0,0,0,0,0,0,0,0,0,0,0,0,0,0,18,10,0,57,16,5,16005,3,1,1,0,0,0,0,0,0,0,1,0,0,0,1,0,0,0,0,0,0,1,0,0,0,0,0,0,0,0,0,0,1,3
1300,Idaho,Bannock,BTPO,1,5,79866.21812,0,0,0,0,0,2,0,0,2,0,3,0,0,0,16,0,4,0,0,9,0,0,0,0,37,16,5,16005,144,41,9,19,5,7,1,0,0,14,18,6,4,4,27,11,0,0,4,0,0,19,0,4,4,0,3,4,4,0,0,0,1,3
1301,Idaho,Bannock,BTPO,1,5,61717.10059,0,0,0,0,0,2,0,0,3,0,0,0,0,0,21,0,6,0,0,14,0,0,0,0,46,16,5,16005,64,26,9,10,3,2,0,1,1,9,9,7,0,4,11,10,2,2,0,0,0,6,2,0,1,2,4,2,2,2,0,0,1,3
1302,Idaho,Bannock,BTPO,1,5,34691.682,0,0,0,0,0,14,0,0,0,0,0,0,54,0,0,0,3,0,0,0,0,0,0,0,88,16,5,16005,120,47,12,26,3,5,0,1,0,0,0,0,0,0,0,0,0,0,0,0,0,0,0,0,0,0,0,0,0,0,0,0,1,3
1303,Idaho,Bannock,BTPO,1,5,23671.58269,0,0,0,0,0,12,0,0,0,0,0,0,0,0,0,0,0,0,0,0,0,0,0,0,24,16,5,16005,50,25,12,7,5,1,0,0,0,0,0,0,0,0,0,0,0,0,0,0,0,0,0,0,0,0,0,0,0,0,0,0,1,3
1304,Idaho,Bannock,BTPO,1,5,24677.22212,0,0,0,0,0,0,0,0,33,0,0,0,0,0,0,0,62,0,0,10,0,0,0,0,95,16,5,16005,69,45,32,3,6,2,1,1,0,0,0,0,0,0,0,0,0,0,0,0,0,0,0,0,0,0,0,0,0,0,0,0,1,3
1305,Idaho,Bannock,BTPO,1,5,23881.69038,0,0,2,0,0,3,2,0,0,0,0,28,0,0,0,0,39,0,70,0,0,11,2,0,311,16,5,16005,15,16,11,4,0,1,0,0,0,6,6,3,1,8,6,2,2,3,2,0,1,0,1,3,0,2,2,0,0,0,0,0,1,3
1306,Idaho,Bannock,BTPO,1,5,37962.20325,0,0,0,0,0,0,0,0,0,0,0,0,0,0,0,3,0,0,0,8,0,0,0,0,13,16,5,16005,203,96,49,23,15,8,0,1,0,41,38,17,0,53,31,12,15,13,18,0,7,3,0,21,0,7,12,0,0,0,0,0,1,3
1307,Idaho,Bannock,BTPO,1,5,24250.2171,0,0,0,0,0,0,0,0,0,0,0,0,0,0,0,0,0,0,0,0,0,0,3,0,3,16,5,16005,52,22,10,5,0,4,3,0,0,9,8,4,1,11,6,5,3,3,2,1,2,1,1,3,0,1,2,1,1,0,0,1,1,3
1308,Idaho,Bannock,BTPO,1,5,24475.83924,0,0,0,0,0,0,0,0,0,0,0,0,0,0,0,0,0,0,0,0,0,0,0,0,3,16,5,16005,73,42,22,16,1,3,0,0,0,18,16,8,0,21,15,6,6,7,6,0,2,2,0,9,0,4,6,0,0,0,0,0,1,3
1309,Idaho,Bannock,BTPO,1,5,24064.14949,0,0,0,0,0,3,0,0,0,0,0,8,0,0,0,0,0,0,0,0,0,0,0,0,10,16,5,16005,63,33,4,8,10,3,3,2,3,13,12,6,2,15,12,6,3,5,6,0,1,3,2,6,0,1,3,0,2,0,0,1,1,3
1310,Idaho,Bannock,BTPO,1,5,36422.74713,0,0,0,0,0,0,0,0,0,0,0,0,0,0,0,0,0,0,0,0,0,2,0,0,1,16,5,16005,132,47,14,17,5,7,2,2,0,19,17,9,2,20,9,18,4,10,2,0,4,0,7,2,0,0,6,2,4,4,2,0,1,3
1311,Idaho,Bannock,BTPO,1,5,47530.20408,0,0,0,0,0,0,0,0,2,0,0,0,0,0,0,0,0,0,0,0,0,0,0,0,1,16,5,16005,152,61,21,22,13,2,1,1,1,25,22,11,1,31,20,8,8,9,8,2,4,3,1,13,0,3,7,1,0,0,0,0,1,3
1312,Idaho,Bannock,BTPO,1,5,54403.83611,0,0,0,0,0,0,0,0,0,0,0,0,100,0,78,0,0,0,0,0,0,0,0,0,177,16,5,16005,41,14,6,5,1,0,1,0,1,5,5,3,0,7,4,2,2,2,2,0,1,0,0,3,0,1,1,0,1,0,0,0,1,3
1313,Idaho,Bannock,BTPO,1,5,38953.7951,0,0,0,0,0,0,0,0,0,0,0,0,111,0,0,0,0,0,0,0,0,0,0,0,110,16,5,16005,56,11,4,5,1,0,0,1,0,3,3,4,1,3,4,4,1,1,0,0,1,1,1,1,0,1,2,1,1,0,0,0,1,3
1314,Idaho,Bannock,BTPO,1,5,31436.2073,0,0,0,0,0,0,0,0,0,0,0,0,0,0,0,0,0,0,0,4,0,0,2,0,30,16,5,16005,19,17,14,2,0,0,1,0,0,7,8,3,0,8,2,8,2,4,1,0,1,0,2,0,0,0,2,2,2,1,1,0,1,3
1315,Idaho,Bannock,BTPO,1,5,61092.22321,0,0,0,0,0,0,0,0,2,0,0,0,0,0,0,0,0,0,0,18,0,0,0,0,19,16,5,16005,166,75,27,29,9,6,1,2,1,31,27,15,2,32,15,28,6,15,5,0,6,2,9,2,0,2,11,4,7,4,2,0,1,3
1316,Idaho,Bannock,BTPO,1,5,27884.96768,0,0,0,0,0,0,0,2,0,0,0,0,0,0,0,0,0,0,0,0,0,36,39,0,40,16,5,16005,0,0,0,0,0,0,0,0,0,0,0,0,0,0,0,0,0,0,0,0,0,0,0,0,0,0,0,0,0,0,0,0,1,3
1317,Idaho,Bannock,BTPO,1,5,49385.61861,0,0,0,0,0,0,0,34,26,150,0,0,0,0,0,0,0,0,0,0,0,0,26,0,244,16,5,16005,0,0,0,0,0,0,0,0,0,0,0,0,0,0,0,0,0,0,0,0,0,0,0,0,0,0,0,0,0,0,0,0,1,3
1318,Idaho,Bannock,BTPO,1,5,81356.39081,0,0,0,0,0,14,0,0,0,0,0,0,0,0,0,0,0,0,0,0,0,0,0,0,34,16,5,16005,197,73,12,48,2,8,3,0,0,24,28,19,2,14,28,31,2,3,0,4,5,10,11,3,4,0,12,7,3,4,5,0,1,3
1319,Idaho,Bannock,BTPO,1,5,71328.88018,0,0,0,0,0,0,0,0,12,0,0,15,0,0,0,0,0,0,0,10,0,0,0,0,37,16,5,16005,47,13,12,0,1,0,0,0,0,4,5,4,0,5,5,3,1,2,1,1,0,1,2,0,1,1,1,1,1,0,0,0,1,3
1320,Idaho,Bannock,BTPO,1,5,65713.40692,0,0,0,0,0,0,0,0,212,0,0,6,0,0,0,42,62,0,0,18,3,0,14,10,383,16,5,16005,0,0,0,0,0,0,0,0,0,0,0,0,0,0,0,0,0,0,0,0,0,0,0,0,0,0,0,0,0,0,0,0,1,3
1321,Idaho,Bannock,BTPO,1,5,40257.63714,0,0,0,0,0,2,0,0,0,0,0,0,0,0,0,0,0,0,47,104,0,66,0,0,235,16,5,16005,87,28,17,7,0,1,2,0,1,11,8,9,0,10,9,9,0,6,1,3,0,0,3,3,2,1,1,4,1,3,0,0,1,3
1322,Idaho,Bannock,BTPO,1,5,158554.1091,0,0,0,0,0,4,0,0,0,0,0,0,0,0,0,0,0,0,3,2,0,0,0,0,27,16,5,16005,415,125,33,32,23,23,3,6,5,26,36,41,21,7,56,61,4,0,1,0,2,2,5,6,34,9,12,22,22,5,0,0,1,3
1323,Idaho,Bannock,BTPO,1,5,163093.1983,0,0,0,0,0,0,0,0,0,0,2,0,0,0,0,0,0,0,0,0,0,0,0,0,7,16,5,16005,335,106,6,14,26,31,21,1,7,23,33,34,16,7,45,54,4,0,2,0,1,0,3,5,29,8,12,17,19,5,1,0,1,3
1324,Idaho,Bannock,BTPO,1,5,445315.2134,0,0,0,0,0,8,0,0,4,0,0,0,0,0,0,0,1,0,2,0,0,0,0,0,48,16,5,16005,751,234,26,93,22,37,42,13,1,49,70,78,37,15,103,116,8,0,4,0,3,2,8,12,62,19,23,38,41,12,2,0,1,3
1325,Idaho,Bannock,BTPO,1,5,115072.6445,0,0,0,0,0,3,0,0,0,0,0,3,50,0,45,0,0,0,0,0,0,0,0,0,107,16,5,16005,335,131,35,38,32,13,9,4,0,30,54,38,9,21,52,58,9,3,0,2,7,6,8,13,7,18,12,19,13,10,4,0,1,3
1326,Idaho,Bannock,BTPO,1,5,113858.0452,0,0,0,0,0,0,0,0,0,0,0,10,26,0,0,0,1,0,0,63,0,15,0,0,115,16,5,16005,172,50,16,17,10,5,0,0,2,11,22,15,4,8,20,24,4,2,0,0,2,3,4,5,2,6,5,9,4,5,1,0,1,3
1327,Idaho,Bannock,BTPO,1,5,79721.62385,0,0,0,0,0,0,6,0,0,0,0,4,0,0,0,0,112,0,0,50,0,52,0,0,288,16,5,16005,56,21,4,9,5,3,0,0,0,5,8,6,2,4,8,9,2,0,0,1,1,1,1,2,1,3,2,3,2,2,0,0,1,3
1328,Idaho,Bannock,BTPO,1,5,206294.1138,0,0,0,0,0,0,0,0,0,0,0,0,0,0,0,0,2,0,0,0,0,0,0,0,1,16,5,16005,202,82,30,29,12,7,1,2,1,33,34,11,4,50,12,20,7,10,20,10,3,2,2,3,3,2,2,16,0,2,0,0,1,3
1329,Idaho,Bannock,BTPO,1,5,298384.5959,0,0,0,0,0,0,0,0,0,0,0,0,0,98,0,0,4,0,0,0,0,0,2,40,143,16,5,16005,16,0,0,0,0,0,0,0,0,0,0,0,0,0,0,0,0,0,0,0,0,0,0,0,0,0,0,0,0,0,0,0,1,3
1330,Idaho,Bannock,BTPO,1,5,295550.0904,0,0,0,0,0,0,0,15,16,0,0,0,0,0,0,8,0,0,0,0,0,0,0,0,66,16,5,16005,214,125,51,48,13,8,3,0,2,49,52,18,5,76,19,29,11,14,32,15,4,2,2,4,6,5,2,27,0,0,0,0,1,3
1331,Idaho,Bannock,BTPO,1,5,24449.82945,0,0,0,0,0,0,0,0,0,0,0,0,0,0,0,0,0,0,0,0,0,10,0,0,10,16,5,16005,116,71,56,7,5,0,2,1,0,14,29,21,7,39,24,8,8,16,8,7,0,8,0,8,0,8,0,8,0,0,0,0,1,3
1332,Idaho,Bannock,BTPO,1,5,23632.56712,0,0,0,0,0,0,0,0,12,0,0,0,0,0,0,0,0,0,0,0,0,39,0,0,51,16,5,16005,94,58,27,17,4,7,2,0,1,13,26,13,6,29,12,17,6,11,6,6,0,6,0,6,0,0,5,6,6,0,0,0,1,3
1333,Idaho,Bannock,BTPO,1,5,13773.66047,0,0,0,0,0,0,0,0,2,0,0,0,0,652,2,0,0,0,0,0,0,4,0,0,656,16,5,16005,1,0,0,0,0,0,0,0,0,0,0,0,0,0,0,0,0,0,0,0,0,0,0,0,0,0,0,0,0,0,0,0,1,3
1334,Idaho,Bannock,BTPO,1,5,262617.0817,0,0,0,0,0,0,0,0,0,0,0,0,0,0,0,0,147,0,0,0,0,0,2,39,356,16,5,16005,15,0,0,0,0,0,0,0,0,0,0,0,0,0,0,0,0,0,0,0,0,0,0,0,0,0,0,0,0,0,0,0,1,3
1335,Idaho,Bannock,BTPO,1,5,890961.2426,0,0,0,0,0,0,0,0,0,0,0,0,0,0,0,0,0,0,0,0,0,0,0,0,0,16,5,16005,22,6,1,4,1,0,0,0,0,2,2,2,0,1,2,3,1,0,0,0,0,1,1,0,0,0,1,1,0,1,0,0,1,3
1336,Idaho,Bannock,BTPO,1,5,31963.1938,0,0,0,0,0,0,0,0,0,0,0,0,0,0,0,0,0,0,0,0,0,0,0,0,16,16,5,16005,0,0,0,0,0,0,0,0,0,0,0,0,0,0,0,0,0,0,0,0,0,0,0,0,0,0,0,0,0,0,0,0,1,3
1337,Idaho,Bannock,BTPO,1,5,29763.07801,0,0,0,0,0,0,0,0,18,0,0,0,0,0,0,0,0,0,0,0,0,0,0,0,18,16,5,16005,108,63,25,26,8,3,0,1,0,18,27,9,9,27,27,9,0,0,18,9,0,0,9,9,0,9,0,0,0,9,0,0,1,3
1338,Idaho,Bannock,BTPO,1,5,24295.44727,0,0,0,0,0,0,8,0,0,0,0,0,0,0,0,0,0,0,0,0,0,15,0,0,33,16,5,16005,32,19,11,6,1,1,0,0,0,3,9,4,3,10,7,2,2,3,2,2,1,2,0,2,2,1,2,0,0,0,0,0,1,3
1339,Idaho,Bannock,BTPO,1,5,48732.5538,0,0,0,0,0,0,0,0,0,0,0,0,0,0,0,0,0,0,0,0,0,0,0,0,0,16,5,16005,190,90,46,16,17,7,1,3,0,20,40,20,10,50,20,20,10,15,15,10,0,5,0,10,0,5,10,5,5,0,0,0,1,3
1340,Idaho,Bannock,BTPO,1,5,388896.2088,0,0,0,0,0,2,0,0,0,0,0,0,0,0,0,0,0,0,0,0,0,0,0,0,1,16,5,16005,16,2,0,0,0,1,0,1,0,1,0,1,0,0,1,1,0,0,0,0,0,0,0,0,1,0,0,0,0,1,0,0,1,3
1341,Idaho,Bannock,BTPO,1,5,130117.6606,0,0,0,0,0,0,0,0,0,0,0,0,0,0,0,0,0,0,0,0,0,0,0,0,4,16,5,16005,10,1,0,0,0,0,1,0,0,1,0,1,0,0,1,1,0,0,0,0,0,0,0,0,0,1,0,0,0,1,0,0,1,3
1342,Idaho,Bannock,BTPO,1,5,255620.4728,0,0,0,0,0,0,0,0,0,0,0,0,0,0,0,0,0,0,0,0,0,0,0,0,0,16,5,16005,10,2,0,2,0,0,0,0,0,0,0,0,0,0,0,0,0,0,0,0,0,0,0,0,0,0,0,0,0,0,0,0,1,3
1343,Idaho,Bannock,BTPO,1,5,94272.82669,0,0,0,0,0,8,0,0,0,0,0,0,0,0,57,0,0,0,0,0,0,0,0,0,67,16,5,16005,58,14,1,13,0,0,0,0,0,4,5,4,1,2,3,9,0,1,0,0,1,1,1,0,0,1,1,2,2,1,3,0,1,3
1344,Idaho,Bannock,BTPO,1,5,24302.28167,0,0,0,0,0,9,0,0,0,0,0,0,42,0,0,0,0,0,15,0,0,0,0,0,92,16,5,16005,0,0,0,0,0,0,0,0,0,0,0,0,0,0,0,0,0,0,0,0,0,0,0,0,0,0,0,0,0,0,0,0,1,3
1345,Idaho,Bannock,BTPO,1,5,48521.11555,0,0,0,0,0,0,0,0,0,0,0,0,0,0,0,0,0,0,0,0,0,0,0,0,0,16,5,16005,134,65,16,23,8,10,4,2,2,13,29,13,10,34,19,12,6,13,6,6,3,6,0,6,4,3,6,3,3,0,0,0,1,3
1346,Idaho,Bannock,BTPO,1,5,76241.65963,0,0,0,0,0,0,0,0,0,0,0,0,0,0,0,0,0,0,0,0,0,0,9,0,9,16,5,16005,482,89,31,32,14,8,2,1,1,16,39,22,11,50,32,6,6,13,25,0,6,0,7,0,0,25,6,0,0,0,0,0,1,3
1347,Idaho,Bannock,BTPO,1,5,131452.1228,0,0,0,0,0,0,0,0,0,0,0,0,0,0,0,0,0,0,0,0,0,0,0,0,3,16,5,16005,57,21,7,8,5,1,0,0,0,4,10,4,3,11,8,2,2,2,5,1,1,1,2,0,0,5,0,0,1,0,1,0,1,3
1348,Idaho,Bannock,BTPO,1,5,40180.15483,0,0,0,0,0,0,0,0,2,0,0,0,96,0,10,0,3,0,0,6,0,0,0,0,116,16,5,16005,49,12,6,4,1,1,0,0,0,0,0,0,0,0,0,0,0,0,0,0,0,0,0,0,0,0,0,0,0,0,0,0,1,3
1349,Idaho,Bannock,BTPO,1,5,22877.9636,0,0,0,0,0,0,0,0,0,0,0,0,0,0,12,0,4,0,0,2,0,0,0,0,18,16,5,16005,26,22,13,7,2,0,0,0,0,0,0,0,0,0,0,0,0,0,0,0,0,0,0,0,0,0,0,0,0,0,0,0,1,3
1350,Idaho,Bannock,BTPO,1,5,23604.35363,0,0,0,0,0,0,0,0,0,0,44,0,0,0,0,0,87,3,0,74,0,0,24,0,256,16,5,16005,77,35,20,8,5,2,0,0,0,0,0,0,0,0,0,0,0,0,0,0,0,0,0,0,0,0,0,0,0,0,0,0,1,3
1351,Idaho,Bannock,BTPO,1,5,23496.4337,0,0,0,0,0,0,0,0,44,0,0,0,0,0,0,0,0,3,84,14,0,0,18,0,148,16,5,16005,28,9,4,2,1,2,0,0,0,4,3,2,0,7,2,0,2,2,0,0,3,0,0,0,0,2,0,0,0,0,0,0,1,3
1352,Idaho,Bannock,BTPO,1,5,49994.11459,0,0,0,0,0,40,0,0,0,0,0,0,0,0,0,0,2,0,0,0,0,0,0,0,66,16,5,16005,129,72,39,15,7,8,2,1,0,23,28,17,6,49,13,12,18,7,6,6,12,0,7,0,0,6,6,0,0,6,0,0,1,3
1353,Idaho,Bannock,BTPO,1,5,16410.17016,0,0,0,0,0,0,0,2,0,0,0,0,0,0,0,0,0,0,0,12,0,0,0,0,13,16,5,16005,38,20,2,6,3,3,3,1,2,9,7,4,0,11,6,3,3,2,3,1,2,1,0,4,0,1,3,0,0,0,0,0,1,3
1354,Idaho,Bannock,BTPO,1,5,30578.90275,0,0,0,0,0,0,0,0,0,0,0,0,0,0,0,0,0,0,0,52,0,0,0,0,52,16,5,16005,86,30,13,14,1,2,0,0,0,12,11,6,1,15,10,5,4,5,4,0,2,1,1,6,0,2,3,0,1,0,0,1,1,3
1355,Idaho,Bannock,BTPO,1,5,23886.75098,0,0,0,0,0,0,0,0,0,0,0,0,0,0,0,0,0,0,0,0,0,0,0,0,0,16,5,16005,57,25,10,1,6,6,2,0,0,10,10,5,0,12,8,5,3,4,4,0,1,2,0,5,0,1,4,1,0,0,0,0,1,3
1356,Idaho,Bannock,BTPO,1,5,24088.41482,0,0,0,0,0,0,0,0,62,0,0,0,0,0,0,0,0,0,387,0,0,0,0,0,861,16,5,16005,0,0,0,0,0,0,0,0,0,0,0,0,0,0,0,0,0,0,0,0,0,0,0,0,0,0,0,0,0,0,0,0,1,3
1357,Idaho,Bannock,BTPO,1,5,58389.2067,0,0,0,0,0,0,0,0,0,0,0,0,0,0,33,0,0,0,0,0,0,0,0,0,33,16,5,16005,97,52,29,11,8,3,0,0,1,22,21,10,1,28,17,9,8,7,9,0,4,2,1,11,0,3,7,0,1,0,0,1,1,3
1358,Idaho,Bannock,BTPO,1,5,76710.08514,0,0,0,0,0,0,0,0,0,0,0,0,0,0,14,0,0,0,0,0,0,0,0,0,13,16,5,16005,89,39,9,13,5,4,5,2,1,11,12,11,5,11,15,13,2,3,1,3,2,2,5,2,1,5,4,4,3,2,0,0,1,3
1359,Idaho,Bannock,BTPO,1,5,47026.89406,0,0,0,0,0,0,0,0,0,0,0,0,0,0,0,0,0,0,0,0,0,0,0,0,0,16,5,16005,96,38,11,10,4,3,3,7,0,13,11,12,4,11,14,15,2,3,2,2,2,4,5,2,0,3,6,4,1,0,2,2,1,3
1360,Idaho,Bannock,BTPO,1,5,49712.68084,0,0,0,0,0,0,0,0,0,0,0,0,0,0,0,0,0,0,0,0,0,0,0,0,0,16,5,16005,160,42,11,6,14,8,3,0,0,12,13,14,5,10,18,16,3,2,3,2,0,3,7,1,2,5,6,5,2,1,0,2,1,3
1361,Idaho,Bannock,BTPO,1,5,161570.7853,0,0,0,0,0,0,0,0,0,0,0,0,0,0,0,0,0,0,0,0,0,0,0,0,0,16,5,16005,461,160,26,60,23,19,12,7,13,46,45,51,18,40,68,52,10,12,6,7,5,13,22,7,6,20,20,19,8,0,2,3,1,3
1362,Idaho,Bannock,BTPO,1,5,168168.1761,0,0,0,0,0,6,0,0,0,0,0,0,0,0,0,0,0,0,0,0,0,0,0,0,15,16,5,16005,367,142,36,35,42,13,4,4,8,41,40,45,16,36,60,46,9,10,7,6,4,10,21,6,5,18,19,14,6,1,1,5,1,3
1363,Idaho,Bannock,BTPO,1,5,87086.1468,0,0,0,0,0,0,0,0,0,0,0,0,0,0,0,0,0,0,0,14,0,0,3,0,79,16,5,16005,52,49,40,6,0,1,2,0,0,20,19,9,1,22,9,18,6,9,3,0,4,1,5,2,0,1,6,2,4,4,2,0,1,3
1364,Idaho,Bannock,BTPO,1,5,104786.1783,0,0,0,0,0,9,0,82,0,3,0,0,0,0,0,0,0,0,0,0,0,2,3,0,358,16,5,16005,0,0,0,0,0,0,0,0,0,0,0,0,0,0,0,0,0,0,0,0,0,0,0,0,0,0,0,0,0,0,0,0,1,3
1365,Idaho,Bannock,BTPO,1,5,18434.9566,0,0,0,0,0,0,0,14,9,56,0,0,0,0,0,0,0,0,0,0,0,0,9,0,331,16,5,16005,0,0,0,0,0,0,0,0,0,0,0,0,0,0,0,0,0,0,0,0,0,0,0,0,0,0,0,0,0,0,0,0,1,3
1366,Idaho,Bannock,BTPO,1,5,91837.07512,0,0,0,0,0,0,4,18,0,0,0,0,0,0,0,0,0,0,6,0,0,0,0,0,52,16,5,16005,161,63,4,21,24,2,8,1,3,17,26,17,3,9,28,26,2,2,0,3,2,10,11,3,4,0,10,7,2,5,2,0,1,3
1367,Idaho,Bannock,BTPO,1,5,92352.35843,0,0,0,0,0,0,0,0,0,0,0,3,0,0,0,0,0,0,0,0,0,4,0,0,7,16,5,16005,182,67,21,19,7,13,1,6,0,20,27,16,4,10,28,29,0,2,0,4,4,9,12,2,3,2,12,6,1,6,4,0,1,3
1368,Idaho,Bannock,BTPO,1,5,50052.42768,0,0,0,0,0,0,0,0,0,0,0,0,0,0,0,0,2,0,0,0,0,0,0,0,1,16,5,16005,116,49,21,14,10,2,2,0,0,15,19,13,2,15,21,13,4,7,2,0,2,4,7,0,4,6,4,5,2,2,0,0,1,3
1369,Idaho,Bannock,BTPO,1,5,80971.07985,0,0,0,0,0,0,0,0,0,0,0,0,51,0,0,0,0,0,0,0,0,0,0,0,51,16,5,16005,191,86,33,18,12,11,9,2,1,26,34,23,3,13,37,36,3,2,0,5,3,13,16,2,6,0,15,11,2,5,3,0,1,3
1370,Idaho,Bannock,BTPO,1,5,41738.1627,0,0,0,0,0,0,0,0,0,0,0,0,0,0,0,0,0,0,2,0,0,0,0,0,43,16,5,16005,43,13,0,8,4,0,0,0,1,4,5,3,1,6,5,2,1,2,2,0,1,1,1,1,1,1,0,1,0,1,0,0,1,3
1371,Idaho,Bannock,BTPO,1,5,48360.04272,0,0,0,0,0,0,0,0,0,0,39,24,0,0,0,0,0,0,0,0,0,0,0,0,66,16,5,16005,215,137,40,53,17,13,10,3,1,37,52,37,10,47,54,35,12,23,12,0,0,12,24,0,6,12,11,12,12,0,0,0,1,3
1372,Idaho,Bannock,BTPO,1,5,121743.6831,0,0,0,0,0,0,0,0,501,0,0,0,0,0,0,0,5,0,0,12,0,161,6,0,788,16,5,16005,43,8,0,5,1,0,0,2,0,3,3,2,0,3,2,3,0,2,0,1,0,0,1,0,1,0,1,0,1,1,0,0,1,3
1373,Idaho,Bannock,BTPO,1,5,208094.7282,0,0,0,0,0,2,0,0,9,0,0,6,0,0,0,0,0,0,0,0,0,4,0,0,22,16,5,16005,566,176,32,62,25,22,7,20,8,40,69,57,12,50,62,66,5,0,7,6,32,15,32,10,0,5,16,39,11,0,0,0,1,3
1374,Idaho,Bannock,BTPO,1,5,37178.76138,0,0,0,0,0,0,0,0,0,0,0,0,0,0,0,0,0,0,0,0,0,0,0,0,0,16,5,16005,149,69,23,33,4,6,3,0,0,24,26,18,1,37,20,12,9,14,6,6,2,0,1,5,3,11,9,0,3,0,0,0,1,3
1375,Idaho,Bannock,BTPO,1,5,42482.30846,0,0,0,0,0,0,0,0,36,0,0,6,0,0,0,0,0,0,0,0,0,0,0,0,51,16,5,16005,54,26,0,12,3,7,4,0,0,10,8,7,1,13,10,3,2,4,0,6,1,1,1,4,2,2,1,1,1,0,0,0,1,3
1376,Idaho,Bannock,BTPO,1,5,64548.38528,0,0,0,0,0,0,2,0,6,0,0,2,0,0,0,0,48,0,48,3,0,143,0,0,358,16,5,16005,61,21,4,7,4,3,2,1,0,4,8,7,2,4,10,7,1,1,1,1,0,2,4,2,0,2,1,3,0,2,1,0,1,3
1377,Idaho,Bannock,BTPO,1,5,593669.1275,0,0,0,0,0,9,6,0,32,0,0,9,0,0,0,0,1,0,1,20,0,3,0,2,101,16,5,16005,985,337,61,117,51,54,37,11,6,77,131,106,23,65,163,109,14,10,23,12,6,25,62,26,0,50,9,42,12,31,15,0,1,3
1378,Idaho,Bannock,BTPO,1,5,85990.92219,0,0,0,0,0,0,0,0,2,0,0,0,0,0,0,0,0,0,0,0,0,88,0,0,98,16,5,16005,113,63,22,24,9,5,2,0,1,14,26,19,4,27,32,4,11,0,2,11,3,7,8,3,4,10,4,0,0,0,0,0,1,3
1379,Idaho,Bannock,BTPO,1,5,141634.9329,0,0,2,0,0,0,0,0,0,0,0,0,0,0,0,0,0,0,0,0,0,0,0,0,6,16,5,16005,292,50,1,25,8,3,4,7,2,22,30,25,3,17,10,53,0,3,0,7,7,0,3,3,0,4,6,14,6,10,17,0,1,3
1380,Idaho,Bannock,BTPO,1,5,53803.81489,0,0,0,0,0,0,0,0,0,0,0,0,0,0,0,0,0,0,0,0,0,0,4,0,4,16,5,16005,257,56,15,24,7,8,1,1,0,11,29,11,6,35,13,9,4,9,13,5,4,0,4,0,0,9,5,0,0,4,0,0,1,3
1381,Idaho,Bannock,BTPO,1,5,44978.47718,0,0,0,0,0,0,0,0,0,0,0,0,0,0,0,0,3,0,0,0,0,2,0,0,4,16,5,16005,3,0,0,0,0,0,0,0,0,0,1,0,0,0,1,0,0,0,0,0,0,0,0,0,0,1,0,0,0,0,0,0,1,3
1382,Idaho,Bannock,BTPO,1,5,898073.1304,0,0,0,0,0,0,0,0,0,0,0,0,0,0,0,4,1,0,0,0,2,1,2,0,13,16,5,16005,54,19,8,6,3,1,1,0,0,4,9,4,3,11,6,3,2,2,5,0,2,0,1,1,0,4,1,0,1,0,1,0,1,3
1383,Idaho,Bannock,BTPO,1,5,156014.9697,0,0,0,0,0,0,0,0,0,0,0,0,0,0,0,0,0,0,0,0,0,0,0,0,0,16,5,16005,72,25,8,10,6,1,0,0,0,5,11,6,4,14,9,3,2,2,6,2,2,1,2,0,0,6,1,0,0,2,0,0,1,3
1384,Idaho,Bannock,BTPO,1,5,116416.0646,0,0,0,0,0,0,0,0,0,0,0,0,0,0,0,0,0,0,0,6,0,0,0,0,6,16,5,16005,37,20,11,8,1,0,0,0,0,7,9,5,0,2,13,6,0,0,1,1,0,9,0,2,2,0,3,1,1,0,1,0,1,3
1385,Idaho,Bannock,BTPO,1,5,93425.687,0,0,0,0,0,0,0,0,0,0,0,0,0,0,0,0,0,0,0,0,0,0,0,0,0,16,5,16005,118,50,7,22,13,5,3,0,0,18,21,11,0,4,29,17,0,4,0,0,0,21,0,4,4,0,9,4,4,0,0,0,1,3
1386,Idaho,Bannock,BTPO,1,5,12105.63197,0,0,0,0,0,0,0,0,0,0,0,0,0,0,4,0,2,0,0,3,0,0,0,0,9,16,5,16005,12,5,2,2,1,0,0,0,0,0,0,0,0,0,0,0,0,0,0,0,0,0,0,0,0,0,0,0,0,0,0,0,1,3
1387,Idaho,Bannock,BTPO,1,5,16650.78285,0,0,0,0,0,0,0,0,0,0,0,0,0,0,0,0,0,0,0,0,0,0,0,0,0,16,5,16005,47,24,7,10,4,0,3,0,0,0,0,0,0,0,0,0,0,0,0,0,0,0,0,0,0,0,0,0,0,0,0,0,1,3
1388,Idaho,Bannock,BTPO,1,5,21163.91608,0,0,0,0,0,0,0,0,0,0,0,0,0,0,0,0,0,0,0,0,0,0,0,0,0,16,5,16005,62,33,10,16,2,3,0,0,2,13,13,7,0,20,0,13,7,0,0,0,13,0,0,0,0,0,6,0,7,0,0,0,1,3
1389,Idaho,Bannock,BTPO,1,5,24122.20209,0,0,0,0,0,0,0,0,0,0,0,0,0,0,0,0,0,0,0,0,0,0,0,0,0,16,5,16005,71,47,27,5,4,5,2,4,0,12,22,12,0,34,0,12,23,0,0,0,11,0,0,0,0,0,0,0,0,12,0,0,1,3
1390,Idaho,Bannock,BTPO,1,5,22238.4295,0,0,0,0,0,0,0,0,0,0,0,0,0,0,0,0,22,0,0,27,0,0,0,0,49,16,5,16005,13,9,7,2,0,0,0,0,0,3,2,3,0,4,3,1,1,2,0,0,1,0,0,0,1,2,0,0,0,0,1,0,1,3
1391,Idaho,Bannock,BTPO,1,5,24496.02749,0,0,0,0,0,0,0,0,0,0,0,0,0,0,0,0,0,0,0,0,0,0,0,0,0,16,5,16005,68,39,13,11,7,3,5,0,0,17,15,8,0,22,12,6,6,6,6,2,2,2,0,8,0,2,4,2,0,0,0,0,1,3
1392,Idaho,Bannock,BTPO,1,5,73645.74566,0,0,0,0,0,0,0,0,0,0,0,0,0,0,8,0,0,0,0,0,0,0,0,0,7,16,5,16005,166,52,14,24,7,3,2,1,1,15,14,16,6,15,17,19,4,4,1,6,0,2,6,1,1,7,7,7,2,2,0,1,1,3
1393,Idaho,Bannock,BTPO,1,5,1165438.753,0,0,0,0,0,2,0,0,0,2,0,0,64,0,12,0,0,0,2,2,0,0,0,0,103,16,5,16005,867,304,58,104,48,49,23,8,14,87,87,97,32,107,71,125,25,14,0,39,29,7,24,1,9,30,16,44,29,28,3,5,1,3
1394,Idaho,Bannock,BTPO,1,5,254226.5009,0,0,0,0,0,4,0,0,0,0,0,0,118,0,0,0,0,0,0,0,0,0,0,0,128,16,5,16005,160,58,6,17,8,8,8,5,6,0,0,0,0,0,0,0,0,0,0,0,0,0,0,0,0,0,0,0,0,0,0,0,1,3
1395,Idaho,Bannock,BTPO,1,5,73736.71384,0,0,0,0,0,0,0,0,0,0,0,0,60,0,112,0,0,0,0,0,0,0,0,0,171,16,5,16005,115,52,24,22,4,1,1,0,0,16,15,17,5,13,24,16,3,3,3,2,2,4,8,4,2,6,7,5,2,1,0,1,1,3
1396,Idaho,Bannock,BTPO,1,5,229440.9233,0,0,0,0,0,0,0,0,0,0,0,0,0,0,0,0,0,0,0,2,0,0,0,0,1,16,5,16005,21,5,1,2,2,0,0,0,0,1,2,1,1,1,2,2,0,1,0,0,0,1,0,1,0,0,1,1,0,0,0,0,1,3
1397,Idaho,Bannock,BTPO,1,5,47202.73085,0,0,0,0,0,0,0,0,0,0,0,0,0,0,0,0,0,0,0,3,0,0,2,0,4,16,5,16005,12,11,9,1,0,0,1,0,0,5,4,2,0,5,1,5,1,2,1,0,1,0,1,0,0,0,2,1,1,1,0,0,1,3
1398,Idaho,Bannock,BTPO,1,5,47842.60434,0,0,0,0,0,0,0,0,0,0,0,0,0,0,0,0,0,0,0,0,0,0,0,0,0,16,5,16005,9,1,0,0,1,0,0,0,0,0,1,0,0,0,1,0,0,0,0,0,0,0,1,0,0,0,0,0,0,0,0,0,1,3
1399,Idaho,Bannock,BTPO,1,5,168747.1121,0,0,0,0,0,0,0,30,0,0,0,0,0,0,0,0,0,0,15,0,0,0,0,0,186,16,5,16005,16,0,0,0,0,0,0,0,0,0,0,0,0,0,0,0,0,0,0,0,0,0,0,0,0,0,0,0,0,0,0,0,1,3
1400,Idaho,Bannock,BTPO,1,5,29663.87779,0,0,0,0,0,0,0,0,28,0,0,6,0,0,0,0,0,0,0,0,0,0,32,0,70,16,5,16005,45,14,0,7,5,1,0,1,0,5,5,4,0,5,5,4,1,2,1,0,1,2,1,0,0,2,1,2,0,1,0,0,1,3
1401,Idaho,Bannock,BTPO,1,5,63815.50219,0,0,0,0,0,0,0,0,0,0,0,0,0,0,0,0,0,0,0,0,0,0,0,0,0,16,5,16005,180,68,26,22,5,7,8,0,0,17,28,17,6,17,34,17,0,0,6,0,11,6,5,12,5,6,6,0,5,0,6,0,1,3
1402,Idaho,Bannock,BTPO,1,5,63703.25585,0,0,0,0,0,4,0,0,88,0,0,32,0,0,0,8,0,4,0,12,0,75,0,0,168,16,5,16005,102,50,13,16,4,7,7,3,0,12,19,15,4,15,17,18,2,0,2,2,9,4,9,3,0,1,4,11,3,0,0,0,1,3
1403,Idaho,Bannock,BTPO,1,5,37663.10113,0,0,0,0,0,0,0,0,3,0,0,2,0,0,0,0,2,0,2,2,0,3,0,0,12,16,5,16005,36,12,2,4,2,2,1,1,0,3,5,3,1,3,6,3,1,1,1,0,0,1,3,1,0,1,0,1,0,1,1,0,1,3
1404,Idaho,Bannock,BTPO,1,5,10681.73529,0,0,0,0,0,0,0,0,2,0,0,2,0,0,0,0,0,0,0,0,0,33,0,0,42,16,5,16005,25,10,1,2,2,2,0,2,1,2,3,3,1,3,2,4,0,0,1,1,1,1,1,0,0,0,1,2,1,0,0,0,1,3
1405,Idaho,Bannock,BTPO,1,5,80915.91289,0,0,0,0,0,0,0,0,0,0,0,0,0,0,0,0,0,0,0,80,0,0,0,0,79,16,5,16005,225,82,8,34,17,14,7,1,1,30,26,25,1,43,31,8,9,10,0,20,4,3,5,11,5,7,2,5,1,0,0,0,1,3
1406,Idaho,Bannock,BTPO,1,5,39687.4001,0,0,0,0,0,0,0,0,0,0,0,0,0,0,0,0,0,0,0,0,0,0,0,0,0,16,5,16005,98,40,21,5,4,1,1,5,3,16,12,12,0,21,16,3,4,5,0,11,1,2,2,6,3,3,1,2,0,0,0,0,1,3
1407,Idaho,Bannock,BTPO,1,5,340197.4869,0,0,0,0,0,0,3,0,15,0,0,4,0,0,0,0,1,0,1,8,0,2,0,2,36,16,5,16005,356,123,27,22,23,28,16,3,4,28,47,39,9,24,59,40,5,4,8,5,2,9,23,9,0,18,3,15,5,11,6,0,1,3
1408,Idaho,Bannock,BTPO,1,5,36623.63659,0,0,0,0,0,0,0,0,0,0,0,0,0,0,0,0,0,0,0,0,0,146,0,0,145,16,5,16005,0,0,0,0,0,0,0,0,0,0,0,0,0,0,0,0,0,0,0,0,0,0,0,0,0,0,0,0,0,0,0,0,1,3
1409,Idaho,Bannock,BTPO,1,5,97913.29854,0,0,0,0,0,0,0,0,0,0,0,0,0,0,0,0,0,0,0,0,0,45,0,0,45,16,5,16005,221,79,7,24,11,16,10,2,9,23,32,22,2,11,18,50,4,0,1,4,2,5,0,0,0,13,12,9,11,4,7,7,1,3
1410,Idaho,Bannock,BTPO,1,5,274780.2283,0,0,0,0,0,0,0,0,0,0,0,0,0,48,130,0,0,0,0,111,0,4,0,0,291,16,5,16005,193,64,12,15,26,5,3,3,0,14,27,19,4,28,32,4,11,0,2,11,4,6,9,3,5,9,4,0,0,0,0,0,1,3
1411,Idaho,Bannock,BTPO,1,5,687901.0093,0,0,0,0,0,0,0,0,0,0,0,3,0,0,0,0,0,0,0,0,0,0,0,0,3,16,5,16005,267,58,19,13,9,6,7,1,3,17,19,17,5,14,14,30,6,2,3,0,3,3,2,3,3,3,8,5,6,3,5,3,1,3
1412,Idaho,Bannock,BTPO,1,5,9401537.719,0,0,0,0,0,0,0,8,0,0,0,0,0,0,0,0,2,0,0,0,0,0,0,0,9,16,5,16005,113,33,2,15,2,5,6,2,1,10,11,10,2,8,9,16,3,1,2,0,2,2,3,1,1,2,5,4,3,1,1,2,1,3
1413,Idaho,Bannock,BTPO,1,5,77842.51335,0,0,0,0,0,0,0,0,0,0,0,0,0,0,0,0,0,0,0,0,0,0,0,0,0,16,5,16005,0,0,0,0,0,0,0,0,0,0,0,0,0,0,0,0,0,0,0,0,0,0,0,0,0,0,0,0,0,0,0,0,1,3
1414,Idaho,Bannock,BTPO,1,5,38521.529,0,0,0,0,0,0,0,0,0,0,0,0,0,0,0,0,0,0,0,0,0,0,4,0,4,16,5,16005,242,45,15,16,7,4,1,1,1,6,22,10,6,20,19,5,0,5,10,5,0,0,4,5,0,10,0,0,0,5,0,0,1,3
1415,Idaho,Bannock,BTPO,1,5,20131.25091,0,0,0,0,0,0,15,0,3,0,0,0,0,0,0,0,0,0,0,0,0,0,4,0,22,16,5,16005,43,25,11,6,5,1,2,0,0,0,0,0,0,0,0,0,0,0,0,0,0,0,0,0,0,0,0,0,0,0,0,0,1,3
1416,Idaho,Bannock,BTPO,1,5,39654.33911,0,0,0,0,0,0,14,0,3,0,0,0,0,0,0,0,0,0,0,0,0,0,3,0,66,16,5,16005,66,28,11,9,6,0,1,1,0,8,11,7,4,19,7,4,4,4,7,0,4,0,0,0,0,7,0,0,4,0,0,0,1,3
1417,Idaho,Bannock,BTPO,1,5,274633.1583,0,0,0,0,0,0,0,0,0,0,0,0,108,0,0,0,4,0,0,0,0,0,2,39,1077,16,5,16005,15,0,0,0,0,0,0,0,0,0,0,0,0,0,0,0,0,0,0,0,0,0,0,0,0,0,0,0,0,0,0,0,1,3
1418,Idaho,Bannock,BTPO,1,5,97441.51807,0,0,0,0,0,0,190,2,14,0,0,15,76,0,90,0,189,24,0,447,0,205,3,0,1247,16,5,16005,0,0,0,0,0,0,0,0,0,0,0,0,0,0,0,0,0,0,0,0,0,0,0,0,0,0,0,0,0,0,0,0,1,3
1419,Idaho,Bannock,BTPO,1,5,94999.06514,0,0,0,0,0,0,0,0,0,0,0,2,0,0,0,0,58,0,0,64,0,0,0,6,130,16,5,16005,143,34,7,12,8,5,2,0,0,0,0,0,0,0,0,0,0,0,0,0,0,0,0,0,0,0,0,0,0,0,0,0,1,3
1420,Idaho,Bannock,BTPO,1,5,208504.7959,0,0,0,0,0,2,0,10,0,0,0,2,0,0,0,0,3,0,0,90,0,0,0,8,115,16,5,16005,229,85,23,32,14,8,6,0,2,25,36,25,0,25,24,37,0,0,12,0,13,12,0,0,12,0,12,0,13,0,0,12,1,3
1421,Idaho,Bannock,BTPO,1,5,343885.2985,0,0,0,0,0,0,0,0,0,0,0,0,0,0,0,0,0,0,0,105,0,68,0,0,171,16,5,16005,100,16,3,4,1,2,5,0,1,4,6,5,1,2,4,10,1,0,0,0,1,1,0,1,0,2,2,3,1,1,2,1,1,3
1422,Idaho,Bannock,BTPO,1,5,1197531.524,0,0,0,0,0,0,0,0,2,0,0,0,0,0,0,0,0,0,0,2,0,0,0,0,3,16,5,16005,56,16,2,5,4,1,2,2,0,4,6,5,1,1,5,10,0,0,1,0,0,1,0,1,0,3,1,3,2,1,2,1,1,3
1423,Idaho,Bannock,BTPO,1,5,639855.4282,0,0,0,0,0,0,0,0,0,0,0,0,0,0,0,0,0,0,0,2,0,0,3,40,115,16,5,16005,211,70,20,20,20,3,4,1,2,23,24,20,3,16,19,35,10,0,3,3,0,3,6,4,3,3,10,9,6,4,3,3,1,3
1424,Idaho,Bannock,BTPO,1,5,3084904.617,0,0,0,0,0,0,0,0,0,0,0,0,0,0,2,2,15,0,0,0,2,8,2,0,28,16,5,16005,44,14,4,6,1,2,0,0,1,5,6,4,2,4,6,7,1,1,1,1,0,2,0,1,0,3,2,1,2,1,0,1,1,3
1425,Idaho,Bannock,BTPO,1,5,1543741.194,0,0,0,0,0,0,0,0,0,0,0,0,0,0,0,0,0,0,0,0,0,0,0,0,118,16,5,16005,352,3,0,1,0,2,0,0,0,1,1,1,0,0,2,1,0,0,0,0,0,2,0,0,0,0,0,1,0,0,0,0,1,3
1426,Idaho,Bannock,BTPO,1,5,52636.53448,0,0,0,0,0,0,0,0,0,0,0,0,0,0,0,0,0,0,0,0,0,0,0,0,0,16,5,16005,16,8,2,4,1,1,0,0,0,3,3,1,1,1,5,2,1,0,0,0,0,2,1,1,0,1,1,0,0,1,0,0,1,3
1427,Idaho,Bannock,BTPO,1,5,18176.99346,0,0,0,0,0,0,0,0,0,0,0,0,0,0,0,0,0,0,0,0,0,0,0,0,0,16,5,16005,45,22,18,2,0,0,1,1,0,0,0,0,0,0,0,0,0,0,0,0,0,0,0,0,0,0,0,0,0,0,0,0,1,3
1428,Idaho,Bannock,BTPO,1,5,28670.62278,0,0,0,0,0,0,0,0,0,0,0,0,0,0,0,0,2,0,0,0,0,0,0,0,1,16,5,16005,116,51,10,18,8,6,1,5,3,0,0,0,0,0,0,0,0,0,0,0,0,0,0,0,0,0,0,0,0,0,0,0,1,3
1429,Idaho,Bannock,BTPO,1,5,17497.91644,0,0,0,0,0,2,0,0,0,0,0,0,0,0,0,0,0,0,0,0,0,0,0,0,3,16,5,16005,60,36,17,7,5,5,0,2,0,0,0,0,0,0,0,0,0,0,0,0,0,0,0,0,0,0,0,0,0,0,0,0,1,3
1430,Idaho,Bannock,BTPO,1,5,70818.41081,0,0,0,0,0,0,0,0,0,0,0,0,0,0,0,0,0,0,0,0,0,0,0,0,0,16,5,16005,20,9,3,3,1,1,1,0,0,4,4,2,0,7,1,2,2,1,1,0,3,0,1,0,0,0,1,0,0,1,0,0,1,3
1431,Idaho,Bannock,BTPO,1,5,34476.50109,0,0,0,0,0,0,0,0,0,0,0,0,0,0,0,3,0,0,0,0,0,0,0,0,4,16,5,16005,71,38,17,11,4,3,0,1,2,11,11,11,5,8,18,12,2,3,2,1,0,4,6,2,1,5,5,4,1,0,0,2,1,3
1432,Idaho,Bannock,BTPO,1,5,53450.06859,0,0,0,0,0,0,0,0,0,0,0,0,0,0,0,0,0,0,0,0,0,6,0,0,6,16,5,16005,75,33,5,17,4,6,1,0,0,10,10,10,3,14,7,12,3,3,0,4,4,1,3,0,0,3,3,4,2,3,0,0,1,3
1433,Idaho,Bannock,BTPO,1,5,1280531.468,0,0,0,0,0,0,0,0,3,0,0,0,0,0,0,0,0,0,0,0,0,0,0,0,3,16,5,16005,105,56,18,20,5,7,6,0,0,19,23,13,1,37,8,11,14,4,3,2,14,0,2,0,2,4,4,1,1,3,2,0,1,3
1434,Idaho,Bannock,BTPO,1,5,1820870.173,0,0,0,0,0,0,0,0,0,0,0,0,0,0,0,0,3,0,0,0,0,0,0,0,3,16,5,16005,61,25,1,13,4,4,1,1,1,7,8,8,3,6,8,12,1,0,0,2,3,2,1,0,3,2,1,5,3,1,1,1,1,3
1435,Idaho,Bannock,BTPO,1,5,501545.2066,0,0,0,0,0,8,0,0,0,0,0,3,0,0,0,0,0,0,0,0,2,0,0,0,19,16,5,16005,1021,376,67,137,74,63,18,12,5,111,106,119,41,79,116,182,17,0,0,29,33,37,8,4,46,21,20,79,46,4,12,21,1,3
1436,Idaho,Bannock,BTPO,1,5,5586910.973,0,0,0,0,0,0,0,0,0,0,0,0,0,0,0,0,0,0,30,0,0,0,0,0,67,16,5,16005,32,54,20,13,9,5,3,1,3,8,4,4,0,0,0,16,0,0,0,0,0,0,0,0,0,0,0,16,0,0,0,0,1,3
1437,Idaho,Bannock,BTPO,1,5,71026.41616,0,0,0,0,0,0,0,0,0,2,0,0,0,0,2,0,0,0,0,0,0,0,0,0,3,16,5,16005,234,104,43,30,16,5,3,5,2,29,30,33,11,24,43,36,6,6,6,4,2,8,16,4,1,14,14,10,4,2,2,4,1,3
1438,Idaho,Bannock,BTPO,1,5,758815.7551,0,0,0,0,0,0,0,0,0,0,0,0,0,0,0,0,0,0,3,0,0,0,0,0,3,16,5,16005,11,4,2,1,1,0,0,0,0,0,0,0,0,0,0,0,0,0,0,0,0,0,0,0,0,0,0,0,0,0,0,0,1,3
1439,Idaho,Bannock,BTPO,1,5,47357.4784,0,0,0,0,0,0,0,0,0,0,0,0,0,0,0,0,0,0,0,2,0,0,0,0,1,16,5,16005,12,7,0,2,1,1,3,0,0,2,2,2,1,2,3,2,0,1,0,0,1,0,1,0,1,1,1,1,0,0,0,0,1,3
1440,Idaho,Bannock,BTPO,1,5,85289.45539,0,0,0,0,0,0,0,0,0,22,0,0,0,0,0,0,0,0,0,2,0,0,0,0,57,16,5,16005,13,0,0,0,0,0,0,0,0,0,0,0,0,0,0,0,0,0,0,0,0,0,0,0,0,0,0,0,0,0,0,0,1,3
1441,Idaho,Bannock,BTPO,1,5,121811.281,0,0,0,0,0,15,9,9,3,0,0,0,0,0,0,0,4,0,0,0,0,0,2,0,42,16,5,16005,0,0,0,0,0,0,0,0,0,0,0,0,0,0,0,0,0,0,0,0,0,0,0,0,0,0,0,0,0,0,0,0,1,3
1442,Idaho,Bannock,BTPO,1,5,205216.1149,0,0,0,0,0,36,16,16,0,0,0,0,0,0,2,0,9,0,0,0,0,0,3,0,145,16,5,16005,0,0,0,0,0,0,0,0,0,0,0,0,0,0,0,0,0,0,0,0,0,0,0,0,0,0,0,0,0,0,0,0,1,3
1443,Idaho,Bannock,BTPO,1,5,37524.89346,0,0,0,0,0,69,0,0,10,0,0,0,0,0,0,0,0,0,0,0,0,0,0,0,162,16,5,16005,0,0,0,0,0,0,0,0,0,0,0,0,0,0,0,0,0,0,0,0,0,0,0,0,0,0,0,0,0,0,0,0,1,3
1444,Idaho,Bannock,BTPO,1,5,160977.8037,0,0,0,0,0,8,34,16,40,24,0,0,0,0,280,0,0,0,28,0,0,0,0,0,522,16,5,16005,1,0,0,0,0,0,0,0,0,0,0,0,0,0,0,0,0,0,0,0,0,0,0,0,0,0,0,0,0,0,0,0,1,3
1445,Idaho,Bannock,BTPO,1,5,75854.61155,0,0,0,0,0,0,0,42,0,52,0,34,0,0,0,0,0,0,28,10,0,0,0,0,209,16,5,16005,0,0,0,0,0,0,0,0,0,0,0,0,0,0,0,0,0,0,0,0,0,0,0,0,0,0,0,0,0,0,0,0,1,3
1446,Idaho,Bannock,BTPO,1,5,36827.4554,0,0,0,0,0,2,9,3,10,6,0,0,0,0,68,0,0,0,6,0,0,0,0,0,802,16,5,16005,0,0,0,0,0,0,0,0,0,0,0,0,0,0,0,0,0,0,0,0,0,0,0,0,0,0,0,0,0,0,0,0,1,3
1447,Idaho,Bannock,BTPO,1,5,91549.33932,0,0,0,0,0,0,0,2,0,0,0,0,0,0,0,0,0,0,0,0,0,0,0,0,1,16,5,16005,306,116,57,37,6,8,2,4,2,37,48,31,0,31,42,43,0,0,12,0,19,6,6,12,6,12,6,6,19,6,6,0,1,3
1448,Idaho,Bannock,BTPO,1,5,514462.0232,0,0,0,0,0,0,4,0,30,0,0,9,0,0,0,0,8,0,9,15,0,24,0,2,100,16,5,16005,312,110,21,35,22,14,13,4,1,25,42,35,7,21,53,35,5,3,7,5,1,8,21,8,0,16,3,14,3,10,5,0,1,3
1449,Idaho,Bannock,BTPO,1,5,132991.1746,0,0,0,0,0,0,0,0,8,0,0,0,0,0,0,0,0,0,0,28,0,310,2,4,377,16,5,16005,97,36,10,10,7,3,3,2,1,8,10,14,5,7,5,25,0,5,0,0,2,0,0,1,0,4,3,5,10,2,2,3,1,3
1450,Idaho,Bannock,BTPO,1,5,293909.8159,0,0,0,0,0,4,0,0,0,0,0,0,0,0,0,0,4,0,0,0,0,0,0,0,12,16,5,16005,324,138,33,45,30,13,11,5,1,40,57,37,5,18,33,88,3,0,6,6,3,11,0,0,0,22,22,15,22,8,10,11,1,3
1451,Idaho,Bannock,BTPO,1,5,158739.0705,0,0,0,0,0,9,0,0,32,0,0,0,0,0,0,0,0,0,0,46,0,0,0,0,91,16,5,16005,314,113,11,32,8,19,23,17,3,23,47,33,9,5,32,75,5,0,0,0,0,4,0,5,5,18,10,23,14,9,14,5,1,3
1452,Idaho,Bannock,BTPO,1,5,91277.18203,0,0,0,0,0,0,0,0,0,0,0,0,0,0,0,0,0,0,0,0,0,0,0,0,0,16,5,16005,254,66,8,38,13,1,1,4,1,14,28,19,5,0,20,46,0,0,0,0,0,5,0,5,0,10,10,11,10,5,10,0,1,3
1453,Idaho,Bannock,BTPO,1,5,271331.7933,0,0,0,0,0,0,0,16,8,22,0,0,0,0,3,0,0,0,2,0,0,2,0,117,176,16,5,16005,9,2,0,2,0,0,0,0,0,1,0,1,0,1,0,1,0,0,0,1,0,0,0,0,0,0,1,0,0,0,0,0,1,3
1454,Idaho,Bannock,BTPO,1,5,230332.3875,0,0,0,0,0,0,0,14,6,20,0,0,0,0,4,0,0,0,2,0,0,3,0,100,478,16,5,16005,6,2,0,2,0,0,0,0,0,1,0,1,0,1,1,0,0,0,1,0,0,0,0,1,0,0,0,0,0,0,0,0,1,3
1455,Idaho,Bannock,BTPO,1,5,212700.1926,0,0,0,0,0,0,2,2,0,0,0,0,0,0,0,0,0,0,0,0,0,0,0,0,83,16,5,16005,5,0,0,0,0,0,0,0,0,0,0,0,0,0,0,0,0,0,0,0,0,0,0,0,0,0,0,0,0,0,0,0,1,3
1456,Idaho,Bannock,BTPO,1,5,599863.074,0,0,0,0,0,0,0,0,0,0,0,0,0,0,0,0,0,0,0,0,0,0,0,0,0,16,5,16005,49,20,6,8,2,1,0,3,0,5,9,5,0,4,4,11,0,0,0,0,4,0,0,0,0,4,0,3,4,0,4,0,1,3
1457,Idaho,Bannock,BTPO,1,5,916821.5868,0,0,0,0,0,0,0,0,0,0,0,0,0,0,0,0,0,0,0,0,0,0,0,2,1,16,5,16005,32,6,0,3,1,1,1,0,0,2,3,1,1,2,0,5,0,1,0,0,1,0,0,0,0,0,1,2,0,1,0,1,1,3
1458,Idaho,Bannock,BTPO,1,5,323263.9645,0,0,0,0,0,0,0,0,0,0,0,0,0,0,0,0,0,0,0,0,0,0,0,0,0,16,5,16005,90,40,6,17,4,4,3,1,5,0,0,0,0,0,0,0,0,0,0,0,0,0,0,0,0,0,0,0,0,0,0,0,1,3
1459,Idaho,Bannock,BTPO,1,5,554066.3049,0,0,0,0,0,0,0,0,0,0,0,0,0,0,2,0,0,0,0,2,0,0,0,0,3,16,5,16005,195,77,19,34,18,4,2,0,0,26,23,20,7,11,27,38,3,1,5,0,2,10,0,1,4,12,8,6,14,5,0,5,1,3
1460,Idaho,Bannock,BTPO,1,5,112775.2557,0,0,0,0,0,0,0,0,0,0,0,0,75,0,33,0,0,0,0,0,0,0,0,0,133,16,5,16005,50,24,2,16,3,2,1,0,0,8,8,4,2,3,9,10,0,1,2,0,0,3,0,0,1,5,3,1,3,2,0,1,1,3
1461,Idaho,Bannock,BTPO,1,5,103580.3959,0,0,0,0,0,0,0,0,0,0,0,0,57,0,28,0,0,0,0,0,0,0,0,0,85,16,5,16005,43,17,1,13,2,1,0,0,0,5,6,5,3,3,7,9,1,0,2,0,0,1,0,1,2,3,1,1,4,2,0,1,1,3
1462,Idaho,Bannock,BTPO,1,5,286872.3587,0,0,0,0,0,2,2,0,0,0,0,0,0,0,0,0,0,0,0,0,0,0,0,0,13,16,5,16005,329,118,28,33,22,28,1,5,1,41,34,29,9,12,40,61,3,0,6,0,3,15,0,0,7,18,15,9,19,9,0,9,1,3
1463,Idaho,Bannock,BTPO,1,5,63432.88234,0,0,0,0,0,0,20,0,0,0,0,0,0,0,0,0,0,0,0,0,0,0,0,0,37,16,5,16005,14,6,0,1,2,0,1,2,0,2,2,2,0,0,4,2,0,0,0,0,0,4,0,0,0,0,1,0,1,0,0,0,1,3
1464,Idaho,Bannock,BTPO,1,5,1522486.569,0,0,0,0,0,0,0,0,0,0,0,2,0,0,0,0,0,0,0,20,0,0,0,0,22,16,5,16005,116,50,22,22,3,3,0,0,0,17,22,11,1,7,29,15,1,3,2,1,0,19,1,4,4,1,6,4,3,1,1,0,1,3
1465,Idaho,Bannock,BTPO,1,5,533469.7272,0,0,0,0,0,0,0,0,0,0,0,0,0,0,0,0,0,0,0,0,0,0,0,0,0,16,5,16005,22,6,2,3,0,1,0,0,0,2,3,1,1,1,1,5,0,1,0,0,0,0,1,0,0,0,1,1,1,0,1,1,1,3
1466,Idaho,Bannock,BTPO,1,5,237374.7061,0,0,0,0,0,0,0,0,0,0,0,0,0,0,0,0,0,0,0,0,0,0,0,0,0,16,5,16005,74,35,7,17,4,4,2,0,1,12,14,9,0,5,20,10,1,2,1,1,0,13,0,3,3,1,4,2,3,0,1,0,1,3
1467,Idaho,Bannock,BTPO,1,5,193076.6505,0,0,0,0,0,0,0,0,2,0,0,0,0,0,0,0,0,0,0,0,0,0,0,0,3,16,5,16005,51,26,9,9,2,3,3,0,0,9,11,6,1,17,5,5,6,3,1,1,6,0,1,0,2,2,2,0,1,1,1,0,1,3
1468,Idaho,Bannock,BTPO,1,5,19417.88717,0,0,0,0,0,0,0,0,18,0,0,0,0,0,0,0,0,0,0,0,0,0,0,0,15,16,5,16005,63,26,3,9,10,3,1,0,0,8,8,8,2,7,12,7,2,2,2,1,0,2,4,2,0,4,3,2,2,0,0,0,1,3
1469,Idaho,Bannock,BTPO,1,5,5908184.799,0,0,0,0,0,6,0,0,0,0,0,0,0,0,0,0,0,0,0,0,0,0,0,0,6,16,5,16005,27,10,0,3,0,4,0,3,0,5,0,5,0,3,0,7,0,0,0,3,0,0,0,0,0,0,4,0,0,0,3,0,1,3
1470,Idaho,Bannock,BTPO,1,5,264704.0726,0,0,0,0,0,0,0,0,0,0,0,0,0,0,0,0,0,0,2,0,0,0,0,0,36,16,5,16005,76,1,1,0,0,0,0,0,0,0,0,0,0,0,0,0,0,0,0,0,0,0,0,0,0,0,0,0,0,0,0,0,1,3
1471,Idaho,Bannock,BTPO,1,5,156876.0796,0,0,0,0,0,0,93,0,0,0,0,0,0,0,0,0,0,0,2,0,0,0,0,0,94,16,5,16005,11,6,2,3,0,1,0,0,0,0,0,0,0,0,0,0,0,0,0,0,0,0,0,0,0,0,0,0,0,0,0,0,1,3
1472,Idaho,Bannock,BTPO,1,5,271348.3268,0,0,0,0,0,12,0,0,0,2,0,2,0,0,0,2,0,0,0,0,0,0,0,0,30,16,5,16005,0,0,0,0,0,0,0,0,0,0,0,0,0,0,0,0,0,0,0,0,0,0,0,0,0,0,0,0,0,0,0,0,1,3
1473,Idaho,Bannock,BTPO,1,5,424061.6459,0,0,0,0,0,0,0,2,0,33,0,0,0,0,0,0,16,0,18,0,0,0,0,0,164,16,5,16005,39,17,1,6,2,4,2,2,0,4,6,4,1,3,3,9,1,0,1,0,1,0,1,0,0,2,1,7,0,1,0,0,1,3
1474,Idaho,Bannock,BTPO,1,5,74294.37869,0,0,0,0,0,0,0,0,0,4,0,0,0,0,0,0,2,0,2,0,0,0,0,0,7,16,5,16005,52,15,2,7,3,1,2,0,0,4,8,4,0,4,3,9,0,2,2,0,0,0,1,0,0,2,2,7,0,0,0,0,1,3
1475,Idaho,Bannock,BTPO,1,5,89664.38017,0,0,0,0,0,0,0,22,0,0,0,0,64,0,12,0,0,0,0,0,0,0,0,0,139,16,5,16005,0,0,0,0,0,0,0,0,0,0,0,0,0,0,0,0,0,0,0,0,0,0,0,0,0,0,0,0,0,0,0,0,1,3
1476,Idaho,Bannock,BTPO,1,5,364933.8657,0,0,0,0,0,0,0,0,0,0,0,0,33,0,0,0,0,0,0,2,0,0,0,0,34,16,5,16005,60,24,3,12,2,3,2,0,2,7,8,7,1,4,3,16,0,1,0,1,2,0,1,1,0,1,2,4,2,3,5,0,1,3
1477,Idaho,Bannock,BTPO,1,5,988224.9829,0,0,2,0,0,0,0,0,0,0,0,0,0,0,0,0,0,0,0,0,0,0,0,0,1,16,5,16005,18,9,2,6,0,0,0,0,1,2,3,2,1,2,1,5,0,1,0,0,1,0,0,0,1,0,1,1,2,0,0,1,1,3
1478,Idaho,Bannock,BTPO,1,5,17882.15408,0,0,0,0,0,0,0,0,58,0,0,27,0,0,0,0,0,0,0,124,82,56,21,0,367,16,5,16005,3,0,0,0,0,0,0,0,0,0,1,0,0,0,1,0,0,0,0,0,0,0,0,0,0,1,0,0,0,0,0,0,1,3
1479,Idaho,Bannock,BTPO,1,5,405160.0826,0,0,0,0,0,18,0,0,0,0,0,0,0,0,0,0,2,0,0,0,0,0,12,0,42,16,5,16005,432,132,13,41,14,30,12,6,16,35,47,42,8,24,19,89,2,5,2,8,7,3,7,4,0,5,12,22,12,16,27,0,1,3
1480,Idaho,Bannock,BTPO,1,5,1339944.182,0,0,0,0,0,0,0,0,0,0,0,0,15,0,0,0,0,0,0,2,0,3,0,0,104,16,5,16005,4,0,0,0,0,0,0,0,0,0,1,1,0,0,1,1,0,0,0,0,0,0,0,0,0,1,0,0,1,0,0,0,1,3
1481,Idaho,Bannock,BTPO,1,5,91314.51492,0,0,0,0,0,0,0,0,4,0,0,0,0,0,0,0,0,0,0,20,0,74,2,3,164,16,5,16005,63,23,6,7,4,2,2,1,1,4,6,9,4,4,3,16,0,3,0,0,1,0,0,0,0,3,3,3,6,1,0,3,1,3
1482,Idaho,Bannock,BTPO,1,5,89975.56165,0,0,0,0,0,0,0,0,2,0,0,0,0,0,0,0,0,0,0,0,0,18,0,0,19,16,5,16005,119,65,23,25,9,5,2,0,1,15,27,19,5,29,33,4,12,0,2,12,3,5,10,3,4,11,4,0,0,0,0,0,1,3
1483,Idaho,Bannock,BTPO,1,5,597335.6325,0,0,0,0,0,0,0,0,0,0,0,0,0,0,0,0,0,0,3,0,0,0,0,0,4,16,5,16005,155,53,17,3,27,1,2,3,0,13,21,17,3,5,14,35,2,0,0,1,2,1,1,3,1,8,6,10,5,4,7,3,1,3
1484,Idaho,Bannock,BTPO,1,5,122392.7813,0,0,0,0,0,0,0,0,0,0,0,2,0,0,0,0,0,0,3,4,0,0,0,0,22,16,5,16005,208,60,20,7,7,22,2,2,0,12,24,18,6,9,15,36,3,0,0,3,3,0,3,3,0,9,6,9,6,6,6,3,1,3
1485,Idaho,Bannock,BTPO,1,5,53797.58297,0,0,0,0,0,9,0,0,0,0,0,0,0,0,0,0,0,0,0,2,0,0,0,0,16,16,5,16005,126,38,2,16,11,7,2,0,0,10,18,10,0,0,14,24,0,0,0,0,0,5,0,5,0,4,5,9,5,0,5,0,1,3
1486,Idaho,Bannock,BTPO,1,5,273624.5766,0,0,0,0,0,0,542,4,38,0,2,44,0,0,410,0,872,69,0,1281,0,925,9,0,4140,16,5,16005,97,44,30,8,6,0,0,0,0,10,14,15,5,15,14,15,0,5,5,0,5,5,4,0,0,5,5,5,0,0,5,0,1,3
1487,Idaho,Bannock,BTPO,1,5,125410.7758,0,0,0,0,0,0,0,0,0,0,0,2,0,0,0,0,6,0,0,75,0,0,0,8,89,16,5,16005,195,52,18,14,10,7,2,0,1,0,0,0,0,0,0,0,0,0,0,0,0,0,0,0,0,0,0,0,0,0,0,0,1,3
1488,Idaho,Bannock,BTPO,1,5,35647.57176,0,0,0,0,0,0,0,0,0,0,0,0,0,0,6,0,0,0,0,0,0,0,0,0,6,16,5,16005,31,9,1,4,1,2,0,1,0,0,0,0,0,0,0,0,0,0,0,0,0,0,0,0,0,0,0,0,0,0,0,0,1,3
1489,Idaho,Bannock,BTPO,1,5,391989.2595,0,0,0,0,0,0,0,0,8,0,0,0,0,0,8,0,0,0,0,8,0,0,8,0,25,16,5,16005,382,104,12,46,11,19,4,8,4,33,48,28,5,0,5,109,0,0,0,0,0,0,0,0,5,0,5,15,30,9,15,35,1,3
1490,Idaho,Bannock,BTPO,1,5,848316.4029,0,0,4,0,0,6,0,0,3,0,0,8,0,0,0,4,7,0,10,4,0,5,0,0,85,16,5,16005,523,146,7,47,15,29,23,16,9,43,59,40,6,0,9,139,0,0,0,0,0,0,0,0,9,0,8,20,34,12,19,46,1,3
1491,Idaho,Bannock,BTPO,1,5,626940.1009,0,0,0,0,0,12,0,0,0,0,0,2,0,0,0,0,0,0,4,0,0,2,0,0,22,16,5,16005,46,12,3,4,2,2,0,0,1,3,5,3,0,0,1,10,0,0,0,0,0,0,0,0,1,0,0,2,2,1,2,3,1,3
1492,Idaho,Bannock,BTPO,1,5,155767.4838,0,0,0,0,0,0,0,0,3,0,0,0,0,0,0,0,0,0,0,0,0,0,0,0,3,16,5,16005,93,41,3,10,5,12,4,4,3,8,17,12,3,2,11,27,2,0,0,0,0,2,0,1,0,8,3,8,3,4,7,2,1,3
1493,Idaho,Bannock,BTPO,1,5,6528673.278,0,0,0,0,0,0,0,0,0,0,0,0,0,0,0,0,0,0,0,0,0,0,0,4,4,16,5,16005,57,28,4,13,2,5,2,2,0,9,9,8,2,6,9,13,3,1,1,1,0,3,2,1,1,2,3,4,2,1,2,1,1,3
1494,Idaho,Bannock,BTPO,1,5,547556.8371,0,0,0,0,0,0,0,0,0,0,0,0,0,0,0,0,0,0,0,2,0,0,3,36,40,16,5,16005,166,67,18,21,14,3,7,1,3,22,22,18,4,14,17,35,7,0,3,0,4,3,4,3,4,3,11,7,7,3,4,3,1,3
1495,Idaho,Bannock,BTPO,1,5,479571.1415,0,0,0,0,0,2,0,0,0,0,0,0,0,0,0,6,0,0,0,0,0,0,0,0,15,16,5,16005,720,317,94,102,44,39,25,7,6,106,105,83,23,139,115,63,25,0,26,50,38,26,25,13,38,13,38,12,13,0,0,0,1,3
1496,Idaho,Bannock,BTPO,1,5,89594.66465,0,0,0,0,0,0,0,3,3,0,0,0,0,0,0,2,0,0,0,0,0,0,0,0,7,16,5,16005,73,61,38,9,4,1,1,3,5,24,26,9,3,38,5,19,3,8,16,8,3,0,0,2,3,0,3,13,0,3,0,0,1,3
1497,Idaho,Bannock,BTPO,1,5,76446.97231,0,0,0,0,0,0,0,0,0,0,0,0,0,0,0,0,0,0,0,0,0,0,0,0,0,16,5,16005,74,24,0,14,2,0,7,1,0,6,10,8,2,5,5,16,0,0,2,1,2,0,1,2,0,2,3,5,3,2,1,2,1,3
1498,Idaho,Bannock,BTPO,1,5,247720.5739,0,0,0,0,0,0,0,0,0,0,0,0,0,0,0,0,0,0,0,0,0,0,0,0,3,16,5,16005,38,5,4,1,0,0,0,0,0,1,2,2,0,0,2,3,0,0,0,0,0,0,1,0,0,1,0,1,1,0,1,0,1,3
1499,Idaho,Bannock,BTPO,1,5,4351794.131,0,0,0,0,0,20,0,0,0,0,0,0,0,0,0,3,58,0,44,0,0,0,2,0,553,16,5,16005,199,21,8,6,1,3,0,2,1,6,8,6,1,9,7,5,2,0,2,3,2,2,1,1,2,1,3,1,1,0,0,0,1,3
1500,Idaho,Bannock,BTPO,1,5,56780.08483,0,0,0,0,0,0,0,0,0,0,0,0,0,0,0,0,0,0,0,0,0,0,0,0,0,16,5,16005,215,93,22,30,14,15,8,2,2,0,0,0,0,0,0,0,0,0,0,0,0,0,0,0,0,0,0,0,0,0,0,0,1,3
1501,Idaho,Bannock,BTPO,1,5,201663.0936,0,0,0,0,0,0,0,0,0,0,0,0,0,0,0,8,0,0,0,0,0,0,0,0,19,16,5,16005,429,189,73,51,27,21,8,7,2,51,69,51,17,81,67,40,13,14,13,27,14,13,13,14,27,0,13,0,14,13,0,0,1,3
1502,Idaho,Bannock,BTPO,1,5,127424.9601,0,0,0,0,0,0,0,6,8,0,0,0,0,0,0,3,0,0,0,0,0,0,0,0,43,16,5,16005,92,54,22,21,5,4,1,0,1,21,23,8,2,33,9,12,6,6,13,6,2,2,2,2,2,1,0,12,0,0,0,0,1,3
1503,Idaho,Bannock,BTPO,1,5,298610.0432,0,0,0,0,0,0,0,0,0,2,0,0,0,0,0,0,0,0,0,0,0,0,0,4,151,16,5,16005,25,13,3,9,0,0,0,1,0,4,4,4,1,5,5,3,2,0,0,2,1,1,1,1,1,1,1,1,1,0,0,0,1,3
1504,Idaho,Bannock,BTPO,1,5,241564.5304,0,0,0,0,0,0,0,0,0,0,0,0,0,0,0,0,0,0,0,0,0,0,0,0,0,16,5,16005,25,6,1,2,1,2,0,0,0,2,2,2,0,3,2,1,0,0,1,1,1,0,0,1,0,1,1,0,0,0,0,0,1,3
1505,Idaho,Bannock,BTPO,1,5,494945.7165,0,0,0,0,0,0,0,246,2,0,0,0,158,0,96,0,0,0,0,0,0,0,0,0,715,16,5,16005,0,0,0,0,0,0,0,0,0,0,0,0,0,0,0,0,0,0,0,0,0,0,0,0,0,0,0,0,0,0,0,0,1,3
1506,Idaho,Bannock,BTPO,1,5,299584.4873,0,0,0,0,0,0,0,0,0,0,0,0,0,0,0,0,0,0,0,0,0,0,0,12,12,16,5,16005,58,23,5,2,8,3,5,0,0,0,0,0,0,0,0,0,0,0,0,0,0,0,0,0,0,0,0,0,0,0,0,0,1,3
1507,Idaho,Bannock,BTPO,1,5,1770593.827,0,0,0,0,0,0,0,0,0,6,0,0,0,0,0,0,0,0,0,2,0,0,0,0,7,16,5,16005,161,57,9,25,6,7,5,3,2,19,22,11,4,11,23,22,0,0,4,0,7,4,4,3,0,12,3,12,7,0,0,0,1,3
1508,Idaho,Bannock,BTPO,1,5,1237000.33,0,0,0,0,0,0,0,0,0,4,0,0,0,0,0,0,0,0,0,2,0,0,0,0,6,16,5,16005,85,31,6,16,3,2,1,2,1,11,10,8,3,5,8,19,0,0,0,0,5,0,3,0,0,5,0,8,6,2,3,0,1,3
1509,Idaho,Bannock,BTPO,1,5,353567.9668,0,0,0,0,0,3,0,0,0,0,0,0,0,0,0,0,0,0,0,0,0,0,0,0,6,16,5,16005,207,80,5,22,15,22,8,6,2,28,25,20,8,12,10,59,3,6,3,0,0,0,4,0,0,6,9,9,16,6,7,12,1,3
1510,Idaho,Bannock,BTPO,1,5,17620.48073,0,0,0,0,0,0,0,0,2,0,0,0,0,0,0,0,0,0,0,2,0,0,0,0,9,16,5,16005,20,7,1,3,1,1,1,0,0,0,0,0,0,0,0,0,0,0,0,0,0,0,0,0,0,0,0,0,0,0,0,0,1,3
1511,Idaho,Bannock,BTPO,1,5,107836.5458,0,0,0,0,0,0,0,0,4,0,0,0,0,0,0,0,0,0,0,10,0,0,0,0,15,16,5,16005,119,46,7,18,7,7,5,2,0,0,0,0,0,0,0,0,0,0,0,0,0,0,0,0,0,0,0,0,0,0,0,0,1,3
1512,Idaho,Bannock,BTPO,1,5,191683.4924,0,0,0,0,0,0,0,2,0,0,0,0,0,0,0,2,6,0,0,0,0,0,0,0,13,16,5,16005,116,48,4,33,6,3,0,2,0,18,15,12,3,8,11,29,3,2,0,3,0,3,2,3,0,3,2,6,8,2,6,5,1,3
1513,Idaho,Bannock,BTPO,1,5,623302.1514,0,0,0,0,0,0,0,0,0,0,0,0,0,0,0,0,0,0,0,0,74,72,0,0,145,16,5,16005,116,67,17,36,6,3,1,1,3,23,19,17,6,10,22,33,2,2,4,0,2,7,0,1,4,10,7,5,11,5,0,5,1,3
1514,Idaho,Bannock,BTPO,1,5,327517.4216,0,0,0,0,0,0,0,0,0,0,0,0,0,0,0,0,0,0,0,0,0,0,0,0,0,16,5,16005,104,45,3,5,17,11,5,3,1,14,14,10,4,4,15,23,1,0,3,0,0,5,0,1,2,7,4,4,8,4,0,3,1,3
1515,Idaho,Bannock,BTPO,1,5,141879.5049,0,0,0,0,0,0,0,0,0,0,0,99,0,0,0,0,0,0,0,45,0,24,8,0,177,16,5,16005,177,11,0,6,3,2,0,0,0,12,22,17,5,3,14,39,3,0,0,0,0,3,0,2,0,9,5,12,5,6,8,3,1,3
1516,Idaho,Bannock,BTPO,1,5,129339.691,0,0,0,0,0,0,0,0,2,0,0,0,0,0,0,2,1,0,2,2,0,0,2,0,9,16,5,16005,101,40,8,18,6,5,2,1,0,12,11,12,4,8,8,23,0,4,4,0,0,0,0,0,4,4,4,3,4,0,4,8,1,3
1517,Idaho,Bannock,BTPO,1,5,142179.9376,0,0,0,0,0,0,0,0,0,0,0,0,0,0,0,0,2,0,0,0,0,0,0,0,1,16,5,16005,203,60,5,25,15,3,6,5,1,20,21,15,5,6,11,44,6,0,0,0,0,0,5,0,0,6,5,11,11,6,5,6,1,3
1518,Idaho,Bannock,BTPO,1,5,200600.4517,0,0,0,0,0,0,0,0,2,0,0,0,0,0,1,2,7,0,15,2,0,0,3,0,30,16,5,16005,157,61,12,28,9,8,3,1,0,22,17,15,7,8,7,46,0,4,4,0,0,0,0,0,0,7,8,7,12,4,4,11,1,3
1519,Idaho,Bannock,BTPO,1,5,1227591.459,0,0,0,0,0,2,0,0,0,0,0,0,0,0,0,0,0,0,0,0,0,0,0,0,4,16,5,16005,63,12,1,4,2,2,1,1,1,4,4,4,0,0,1,11,0,0,0,0,0,0,0,0,1,0,0,2,3,1,1,4,1,3
1520,Idaho,Bannock,BTPO,1,5,217009.4375,0,0,0,0,0,0,0,0,0,0,0,0,0,0,0,0,0,0,0,0,0,0,0,0,0,16,5,16005,160,75,17,35,4,7,8,4,0,25,25,25,0,31,31,13,6,0,6,13,6,7,6,6,6,6,13,0,0,0,0,0,1,3
1521,Idaho,Bannock,BTPO,1,5,1852442.645,0,0,0,0,0,3,0,0,0,0,0,0,0,0,0,0,9,0,9,0,0,0,8,0,34,16,5,16005,79,22,14,3,1,3,1,0,0,6,8,5,2,9,7,5,2,0,2,3,2,2,1,1,2,1,3,1,1,0,0,0,1,3
1522,Idaho,Bannock,BTPO,1,5,2289536.288,0,0,0,0,0,9,0,0,0,0,0,0,12,0,0,2,0,0,0,0,0,0,2,0,24,16,5,16005,103,8,2,3,0,1,0,1,1,3,3,2,1,4,3,2,1,0,1,1,1,1,0,1,1,0,1,0,1,0,0,0,1,3
1523,Idaho,Bannock,BTPO,1,5,594882.0798,0,0,0,0,0,4,0,0,0,0,0,0,172,0,0,0,0,0,0,0,0,0,0,0,180,16,5,16005,81,36,8,8,2,10,3,3,2,9,17,9,0,0,18,17,0,0,0,0,0,0,0,9,0,9,8,9,0,0,0,0,1,3
1524,Idaho,Bannock,BTPO,1,5,5080078.96,0,0,0,0,0,0,0,0,0,8,0,0,0,0,0,0,0,0,0,3,0,0,0,0,12,16,5,16005,302,108,24,48,20,5,4,5,2,36,38,26,7,18,32,57,0,2,3,0,13,2,5,5,2,18,7,20,14,7,4,5,1,3
1525,Idaho,Bannock,BTPO,1,5,7353142.101,0,0,0,0,0,0,0,0,0,6,0,0,0,0,0,0,0,0,2,0,0,0,0,0,19,16,5,16005,211,71,2,28,11,18,9,1,2,24,22,17,7,12,12,46,3,5,2,2,0,1,3,1,1,6,6,9,12,3,6,10,1,3
1526,Idaho,Bannock,BTPO,1,5,277413.0553,0,0,0,0,0,0,0,0,0,0,0,0,0,0,0,0,0,0,0,3,0,0,0,0,3,16,5,16005,332,100,6,28,21,15,27,0,3,35,30,26,9,13,17,70,4,5,4,0,0,0,4,5,0,8,9,13,18,4,9,17,1,3
1527,Idaho,Bannock,BTPO,1,5,99574.74867,0,0,0,0,0,6,0,0,0,0,0,0,0,0,0,0,0,0,0,8,0,0,0,0,21,16,5,16005,231,81,22,48,3,5,3,0,0,29,23,23,6,17,29,35,0,6,6,0,5,12,0,0,6,11,6,6,11,6,0,6,1,3
1528,Idaho,Bannock,BTPO,1,5,132096.4467,0,0,0,0,0,0,0,0,0,0,0,0,0,0,0,0,0,0,0,0,0,0,0,0,0,16,5,16005,153,41,0,13,16,9,1,0,2,7,11,17,7,0,14,28,0,0,0,0,0,0,4,3,0,7,7,7,10,4,0,0,1,3
1529,Idaho,Bannock,BTPO,1,5,165769.4417,0,0,0,0,0,0,0,0,0,0,0,0,0,0,0,0,0,0,0,0,0,0,0,0,0,16,5,16005,56,21,0,12,0,4,2,0,3,4,6,6,3,1,9,9,1,0,0,0,0,1,0,1,5,2,2,3,3,1,0,0,1,3
1530,Idaho,Bannock,BTPO,1,5,176972.5809,0,0,0,0,0,0,0,0,3,0,0,0,50,0,0,0,0,0,0,0,0,46,0,0,98,16,5,16005,236,134,47,50,19,10,5,1,2,30,55,39,9,58,68,7,23,0,3,25,7,14,18,5,11,20,7,0,0,0,0,0,1,3
1531,Idaho,Bannock,BTPO,1,5,81928.51961,0,0,0,0,0,0,0,0,0,0,0,0,32,0,0,0,0,0,0,2,0,0,0,0,34,16,5,16005,208,47,0,15,0,11,18,1,2,10,15,20,7,2,8,42,0,0,2,0,0,0,0,8,0,0,5,15,7,10,3,2,1,3
1532,Idaho,Bannock,BTPO,1,5,118568.1086,0,0,0,0,0,0,0,0,2,0,0,0,0,0,0,0,0,0,0,2,0,0,0,0,3,16,5,16005,103,17,1,5,3,4,1,2,1,6,8,11,4,0,4,25,0,0,0,0,0,0,0,4,0,0,3,10,5,6,1,0,1,3
1533,Idaho,Bannock,BTPO,1,5,910567.9651,0,0,0,0,0,2,0,0,3,0,0,0,0,0,0,0,0,0,0,3,0,0,0,0,9,16,5,16005,120,42,2,13,6,10,3,6,2,7,10,12,5,1,4,29,0,0,1,0,0,0,0,4,0,0,3,10,6,7,1,2,1,3
1534,Idaho,Bannock,BTPO,1,5,148485.3214,0,0,0,0,0,0,0,0,2,0,0,0,0,0,0,0,0,0,0,2,0,0,0,0,3,16,5,16005,28,21,1,7,3,5,1,3,1,1,3,3,1,0,1,7,0,0,0,0,0,0,0,1,0,0,1,3,1,2,0,0,1,3
1535,Idaho,Bannock,BTPO,1,5,683905.3049,0,0,0,0,0,0,0,2,0,0,0,0,0,0,0,0,0,0,0,0,0,2,0,0,3,16,5,16005,126,42,14,15,4,5,1,2,1,15,12,11,4,7,7,28,2,3,1,1,0,1,1,0,1,4,4,5,7,3,4,5,1,3
1536,Idaho,Bannock,BTPO,1,5,547667.9321,0,0,0,0,0,0,0,2,0,0,0,0,0,0,0,0,0,0,0,0,0,2,0,0,4,16,5,16005,173,59,19,21,6,7,1,3,2,20,18,14,6,10,9,39,3,3,3,1,0,2,2,0,1,4,7,8,9,2,5,8,1,3
1537,Idaho,Bannock,BTPO,1,5,623047.2319,0,0,0,0,0,0,0,2,0,0,0,0,0,0,0,0,0,0,0,0,0,2,0,0,6,16,5,16005,281,94,21,38,17,9,3,4,2,32,29,24,8,13,16,64,4,5,2,2,0,2,3,2,0,9,7,11,17,5,9,15,1,3
1538,Idaho,Bannock,BTPO,1,5,210110.0706,0,0,0,0,0,0,0,2,0,0,0,0,0,0,0,2,12,0,0,0,0,0,0,0,18,16,5,16005,167,64,6,40,7,5,2,3,1,23,19,15,8,17,14,34,3,7,4,3,0,4,0,3,3,4,7,6,7,4,3,7,1,3
1539,Idaho,Bannock,BTPO,1,5,127377.4548,0,0,0,0,0,0,0,0,2,0,0,0,0,0,2,0,4,0,10,2,0,0,2,0,22,16,5,16005,100,39,8,18,5,5,2,1,0,14,11,10,4,4,9,26,0,0,4,0,0,0,5,0,0,4,4,5,8,0,5,4,1,3
1540,Idaho,Bannock,BTPO,1,5,49061.54185,0,0,0,0,0,0,0,0,0,0,0,4,0,0,0,0,0,0,0,0,0,0,0,0,4,16,5,16005,74,26,2,10,5,4,3,2,0,9,8,5,4,5,11,10,5,0,0,0,0,5,0,0,0,6,5,0,5,0,0,0,1,3
1541,Idaho,Bannock,BTPO,1,5,23602.42565,0,0,0,0,0,0,0,0,0,0,0,0,0,0,0,0,0,0,0,0,3,0,0,0,3,16,5,16005,6,2,1,1,0,0,0,0,0,0,0,0,0,0,0,0,0,0,0,0,0,0,0,0,0,0,0,0,0,0,0,0,1,3
1542,Idaho,Bannock,BTPO,1,5,85484.19503,0,0,0,0,0,0,0,0,0,0,0,0,0,0,0,0,0,0,0,0,3,0,0,0,3,16,5,16005,17,6,2,2,1,0,1,0,0,2,2,1,1,1,2,3,0,0,1,0,0,0,0,0,1,1,0,1,1,0,0,1,1,3
1543,Idaho,Bannock,BTPO,1,5,2143997.133,0,0,0,0,0,0,0,0,0,0,0,0,0,0,0,0,0,0,0,0,0,0,0,0,598,16,5,16005,39,0,0,0,0,0,0,0,0,0,0,0,0,0,0,0,0,0,0,0,0,0,0,0,0,0,0,0,0,0,0,0,1,3
1544,Idaho,Bannock,BTPO,1,5,234415.0109,0,0,0,0,0,6,0,40,0,48,0,0,0,0,0,0,8,0,0,0,0,0,0,0,216,16,5,16005,3,2,1,0,0,1,0,0,0,0,1,0,0,0,0,1,0,0,0,0,0,0,0,0,0,0,0,1,0,0,0,0,1,3
1545,Idaho,Bannock,BTPO,1,5,62102.20363,0,0,0,0,0,4,0,28,0,34,0,0,0,0,0,0,4,0,0,0,0,0,0,0,133,16,5,16005,2,0,0,0,0,0,0,0,0,0,1,0,0,0,0,1,0,0,0,0,0,0,0,0,0,0,1,0,0,0,0,0,1,3
1546,Idaho,Bannock,BTPO,1,5,294283.4177,0.19,0.05,0,0,0,14,0,0,0,2,0,2,0,0,0,2,0,0,0,0,0,0,0,0,107,16,5,16005,0,0,0,0,0,0,0,0,0,0,0,0,0,0,0,0,0,0,0,0,0,0,0,0,0,0,0,0,0,0,0,0,1,3
1547,Idaho,Bannock,BTPO,1,5,4650949.269,0,0,6,0,0,0,2,6,0,0,0,0,0,0,0,0,0,0,0,0,0,0,0,0,19,16,5,16005,4,3,0,1,1,1,0,0,0,0,0,0,0,0,0,0,0,0,0,0,0,0,0,0,0,0,0,0,0,0,0,0,1,3
1548,Idaho,Bannock,BTPO,1,5,1686295.397,0,0,0,0,0,122,28,0,0,0,0,0,0,0,0,0,0,0,0,0,0,0,0,0,319,16,5,16005,1,2,1,1,0,0,0,0,0,0,1,1,0,0,1,1,0,0,0,0,0,0,1,0,0,0,0,1,0,0,0,0,1,3
1549,Idaho,Bannock,BTPO,1,5,1666173.335,0,0,2,0,0,42,88,0,0,182,0,0,75,0,8,0,0,0,4,0,0,0,0,32,714,16,5,16005,138,0,0,0,0,0,0,0,0,0,0,0,0,0,0,0,0,0,0,0,0,0,0,0,0,0,0,0,0,0,0,0,1,3
1550,Idaho,Bannock,BTPO,1,5,939892.3759,0,0,0,0,0,0,0,0,0,0,0,0,0,0,0,0,0,0,0,3,0,0,0,0,4,16,5,16005,67,22,7,9,1,4,0,1,0,5,8,7,4,1,6,17,0,0,1,0,0,0,1,1,0,4,4,4,5,2,1,1,1,3
1551,Idaho,Bannock,BTPO,1,5,545421.0802,0,0,0,0,0,10,0,0,0,0,0,0,0,0,18,2,2,0,4,2,0,0,4,0,57,16,5,16005,1138,442,139,131,76,38,37,15,6,107,203,107,25,108,228,106,34,15,18,16,25,32,31,30,95,40,50,56,0,0,0,0,1,3
1552,Idaho,Bannock,BTPO,1,5,209509.1438,0,0,0,0,0,0,0,0,0,0,0,0,0,0,0,0,0,0,0,0,0,0,0,0,1,16,5,16005,127,47,7,18,12,5,2,1,2,11,21,12,2,2,15,29,0,0,2,0,0,4,3,0,3,5,8,9,7,5,0,0,1,3
1553,Idaho,Bannock,BTPO,1,5,369756.8256,0,0,0,0,0,20,0,0,9,0,0,0,0,0,0,0,0,0,0,0,0,10,21,0,60,16,5,16005,298,117,15,52,12,17,13,5,3,27,54,30,6,24,24,69,6,6,9,0,3,0,6,0,0,18,15,48,0,6,0,0,1,3
1554,Idaho,Bannock,BTPO,1,5,210160.8683,0,0,0,0,0,0,0,0,24,0,0,0,0,0,0,0,28,0,0,0,0,0,0,0,86,16,5,16005,341,141,49,39,25,11,12,4,1,37,61,31,12,25,30,86,6,6,6,0,7,0,12,0,0,18,12,62,6,6,0,0,1,3
1555,Idaho,Bannock,BTPO,1,5,145306.2557,0,0,0,0,0,34,0,22,0,2,0,0,0,0,0,0,0,0,0,0,0,0,2,0,162,16,5,16005,124,41,14,11,3,10,3,0,0,14,23,14,0,13,6,32,3,3,4,0,3,0,0,0,0,6,7,22,0,3,0,0,1,3
1556,Idaho,Bannock,BTPO,1,5,60977.66633,0,0,0,0,0,0,0,0,0,4,0,0,0,0,0,0,6,0,6,0,0,0,0,0,64,16,5,16005,6,2,0,1,0,1,0,0,0,0,1,1,0,0,1,1,0,0,0,0,0,0,1,0,0,0,0,1,0,0,0,0,1,3
1557,Idaho,Bannock,BTPO,1,5,212907.9378,0,0,0,0,0,3,0,0,0,0,0,0,0,0,0,0,2,0,0,4,0,0,0,0,21,16,5,16005,269,86,8,26,11,9,18,11,3,16,25,29,12,4,26,52,0,0,4,0,0,0,3,4,4,15,11,15,15,7,4,0,1,3
1558,Idaho,Bannock,BTPO,1,5,190450.0329,0,0,0,0,0,0,0,0,0,0,0,0,0,0,0,0,0,0,0,0,0,0,0,0,0,16,5,16005,253,85,20,22,24,9,4,4,2,21,39,20,5,4,26,55,0,0,4,0,0,7,4,0,7,8,16,14,15,10,0,0,1,3
1559,Idaho,Bannock,BTPO,1,5,326624.9465,0,0,0,0,0,0,0,0,0,0,0,0,0,0,0,0,0,0,12,0,0,0,0,0,22,16,5,16005,231,94,29,26,11,11,15,1,1,23,43,23,5,5,28,61,0,0,5,0,0,8,5,0,7,8,18,17,15,11,0,0,1,3
1560,Idaho,Bannock,BTPO,1,5,70546.80562,0.8,0.23,0,0,0,14,0,0,0,0,0,0,0,0,0,0,0,0,0,0,0,0,0,0,27,16,5,16005,80,33,11,8,9,2,3,0,0,8,15,8,2,2,16,15,0,0,0,0,2,0,6,0,5,5,5,5,5,0,0,0,1,3
1561,Idaho,Bannock,BTPO,1,5,108003.86,0,0,0,0,0,0,3,0,0,0,0,0,0,0,20,0,0,0,0,2,0,0,0,0,24,16,5,16005,125,51,24,16,4,3,2,1,1,12,25,12,2,4,26,21,0,0,0,0,4,0,7,2,8,9,2,0,8,7,4,0,1,3
1562,Idaho,Bannock,BTPO,1,5,35367.70439,0,0,0,0,0,8,621,4,0,15,0,0,0,0,0,0,0,0,0,0,0,0,6,0,674,16,5,16005,22,9,3,2,1,2,1,0,0,2,5,2,0,0,3,6,0,0,0,0,0,0,0,0,0,3,0,6,0,0,0,0,1,3
1563,Idaho,Bannock,BTPO,1,5,270868.9978,0,0,0,0,0,0,0,0,0,0,0,0,0,0,0,0,46,0,0,34,0,0,3,0,88,16,5,16005,446,181,55,58,23,30,10,3,2,66,65,52,0,20,101,62,0,0,0,20,0,0,38,18,26,19,16,22,11,7,0,6,1,3
1564,Idaho,Bannock,BTPO,1,5,74616.33175,0,0,0,0,0,0,0,0,0,0,0,0,0,0,2,0,0,0,0,0,0,0,3,0,4,16,5,16005,147,48,8,19,12,3,4,2,0,17,18,13,0,5,26,17,0,0,0,5,0,0,11,4,6,5,5,5,4,1,0,2,1,3
1565,Idaho,Bannock,BTPO,1,5,371256.659,0,0,0,0,0,2,0,0,0,0,0,0,0,0,0,0,0,0,6,9,0,0,0,0,25,16,5,16005,902,292,54,110,42,46,23,14,3,62,88,95,47,32,65,195,1,7,19,0,5,8,18,15,7,17,60,63,8,8,56,0,1,3
1566,Idaho,Bannock,BTPO,1,5,316803.5964,0,0,0,0,0,0,0,0,0,0,0,0,0,0,0,0,0,0,2,0,0,0,0,0,1,16,5,16005,348,114,25,33,12,19,18,3,4,24,34,38,18,12,26,76,1,2,7,0,2,4,7,6,2,7,23,25,3,3,22,0,1,3
1567,Idaho,Bannock,BTPO,1,5,188785.7306,0,0,0,0,0,15,0,0,0,0,0,0,0,0,0,0,2,0,0,4,0,0,0,0,30,16,5,16005,343,103,6,27,11,11,20,26,2,22,28,32,17,0,31,68,0,0,0,0,0,0,5,11,0,15,16,16,20,6,5,5,1,3
1568,Idaho,Bannock,BTPO,1,5,231781.7836,0,0,0,0,0,3,0,0,0,0,0,0,0,0,0,0,4,0,0,3,0,0,0,0,13,16,5,16005,267,79,7,27,12,7,15,9,2,14,26,25,14,4,20,55,0,0,4,0,0,0,4,4,0,12,16,11,16,8,4,0,1,3
1569,Idaho,Bannock,BTPO,1,5,104260.2423,0,0,0,0,0,2,0,0,0,0,0,0,0,0,0,0,0,0,3,0,0,0,0,0,6,16,5,16005,235,77,2,20,23,16,5,8,3,18,35,20,4,4,25,48,0,0,4,0,0,8,3,0,6,8,15,14,11,8,0,0,1,3
1570,Idaho,Bannock,BTPO,1,5,129919.5503,0,0,0,0,0,0,0,0,0,0,0,0,0,0,0,0,2,0,0,0,0,0,0,0,4,16,5,16005,122,51,7,23,11,5,2,3,0,13,23,12,3,2,15,34,0,0,2,0,0,5,2,0,4,4,10,9,8,7,0,0,1,3
1571,Idaho,Bannock,BTPO,1,5,132050.8218,0,0,0,0,0,0,0,0,0,0,0,0,0,0,0,0,0,0,114,128,0,0,0,0,244,16,5,16005,229,90,10,45,8,13,9,2,3,21,42,22,5,7,42,41,0,0,0,0,7,0,16,0,13,13,15,14,12,0,0,0,1,3
1572,Idaho,Bannock,BTPO,1,5,116557.4026,0,0,0,0,0,15,2,0,0,0,0,0,82,0,3,0,0,0,0,2,0,0,3,0,119,16,5,16005,227,79,12,33,15,11,6,0,2,22,34,19,6,6,43,32,0,0,0,0,6,0,11,3,15,14,3,0,15,8,6,0,1,3
1573,Idaho,Bannock,BTPO,1,5,224673.3803,0,0,0,0,0,0,8,0,0,0,0,0,58,0,3,0,0,0,0,3,0,0,0,0,82,16,5,16005,215,86,20,39,11,8,5,1,2,21,40,21,3,5,44,36,0,0,0,0,5,0,11,2,16,15,3,0,15,11,7,0,1,3
1574,Idaho,Bannock,BTPO,1,5,154893.6768,0,0,0,0,0,51,0,26,0,0,0,2,98,0,12,0,6,0,0,3,0,0,3,0,198,16,5,16005,96,42,12,17,7,3,2,0,1,10,20,10,2,4,20,18,0,0,0,0,4,0,5,1,8,6,3,0,7,4,4,0,1,3
1575,Idaho,Bannock,BTPO,1,5,2476714.915,0,0,0,0,0,62,21,6,0,60,0,0,110,0,0,0,0,0,0,0,0,0,0,0,533,16,5,16005,142,30,8,5,3,7,1,1,5,6,9,10,5,1,8,21,0,0,1,0,0,0,1,2,0,5,5,5,6,3,1,1,1,3
1576,Idaho,Bannock,BTPO,1,5,620056.7764,0,0,0,0,0,0,0,0,0,0,0,0,0,0,0,0,0,0,0,0,0,0,0,0,0,16,5,16005,164,69,14,31,11,6,4,3,0,16,25,26,12,3,22,54,0,0,3,0,0,0,2,5,2,13,13,13,15,7,3,3,1,3
1577,Idaho,Bannock,BTPO,1,5,206590.7022,0,0,0,0,0,15,0,0,0,0,0,0,0,0,92,0,0,0,0,51,0,0,2,0,170,16,5,16005,298,99,27,46,10,11,4,1,0,24,46,23,6,25,51,23,8,3,4,4,6,7,7,7,21,9,10,13,0,0,0,0,1,3
1578,Idaho,Bannock,BTPO,1,5,258541.3445,0,0,0,0,0,0,0,0,9,0,0,0,0,0,0,3,0,0,18,0,0,0,0,0,34,16,5,16005,574,190,19,77,16,41,22,12,3,46,89,47,10,13,92,87,0,0,0,0,13,0,32,1,29,30,29,28,26,3,1,0,1,3
1579,Idaho,Bannock,BTPO,1,5,597807.7057,0,0,0,0,0,345,426,3,21,0,0,0,0,0,0,2,6,0,0,0,0,11,18,0,1064,16,5,16005,5,1,1,0,0,0,0,0,0,0,1,0,0,0,1,0,0,0,0,0,0,0,0,1,0,0,0,0,0,0,0,0,1,3
1580,Idaho,Bannock,BTPO,1,5,103026.2616,0,0,0,0,0,33,0,16,0,0,0,2,0,0,42,0,24,0,0,3,0,0,2,0,164,16,5,16005,163,28,8,11,5,2,1,0,1,19,33,16,3,3,37,31,0,0,0,0,3,0,9,3,13,12,3,0,13,9,6,0,1,3
1581,Idaho,Bannock,BTPO,1,5,4204892.939,0.81,0.23,0,0,0,2,0,0,0,0,0,0,0,0,0,0,0,0,0,4,0,0,0,0,6,16,5,16005,92,40,19,6,4,5,3,2,1,18,13,9,0,11,18,11,6,5,0,0,0,6,6,0,0,6,5,6,0,0,0,0,1,3
1582,Idaho,Bannock,BTPO,1,5,2262623.549,0,0,0,0,0,15,0,36,0,0,0,0,0,0,0,0,0,0,3,2,0,0,0,0,115,16,5,16005,148,51,6,13,13,11,6,2,0,14,20,14,3,10,10,31,2,1,0,3,4,1,3,0,2,4,3,11,8,3,3,3,1,3
1583,Idaho,Bannock,BTPO,1,5,780773.8366,0,0,0,0,0,15,2,0,4,0,0,0,0,0,0,0,0,0,0,0,0,0,0,0,28,16,5,16005,65,24,5,11,5,3,0,0,0,5,7,7,4,1,6,16,0,0,1,0,0,0,1,1,0,4,4,3,5,2,2,0,1,3
1584,Idaho,Bannock,BTPO,1,5,431210.5088,0,0,0,0,0,16,0,0,0,0,0,0,60,0,1,2,0,0,0,2,0,0,6,0,119,16,5,16005,931,348,130,108,49,22,25,11,3,84,161,84,19,84,180,84,26,12,14,13,19,25,25,24,75,31,40,44,0,0,0,0,1,3
1585,Idaho,Bannock,BTPO,1,5,168042.9996,0,0,0,0,0,0,4,0,111,0,24,4,46,0,0,10,0,12,25,64,32,65,0,0,419,16,5,16005,655,134,78,34,8,8,3,1,2,47,47,38,0,51,39,42,19,6,0,17,9,16,5,14,0,4,14,14,2,0,12,0,1,3
1586,Idaho,Bannock,BTPO,1,5,83020.35987,0,0,0,0,0,122,150,2,0,0,0,0,0,0,0,2,2,0,0,0,0,0,4,0,1059,16,5,16005,2,1,1,0,0,0,0,0,0,0,1,0,0,0,1,0,0,0,0,0,0,0,0,1,0,0,0,0,0,0,0,0,1,3
1587,Idaho,Bannock,BTPO,1,5,196754.5134,0,0,0,0,0,0,0,0,318,0,0,15,0,0,0,0,4,0,52,12,0,301,20,0,924,16,5,16005,0,0,0,0,0,0,0,0,0,0,0,0,0,0,0,0,0,0,0,0,0,0,0,0,0,0,0,0,0,0,0,0,1,3
1588,Idaho,Bannock,BTPO,1,5,111587.4818,0,0,0,0,0,0,0,0,220,0,0,0,0,0,0,0,0,0,11,0,0,56,0,0,581,16,5,16005,0,0,0,0,0,0,0,0,0,0,0,0,0,0,0,0,0,0,0,0,0,0,0,0,0,0,0,0,0,0,0,0,1,3
1589,Idaho,Bannock,BTPO,1,5,207384.6931,0,0,0,0,0,0,0,0,18,0,0,0,0,0,0,0,0,0,0,0,0,12,8,0,37,16,5,16005,0,0,0,0,0,0,0,0,0,0,0,0,0,0,0,0,0,0,0,0,0,0,0,0,0,0,0,0,0,0,0,0,1,3
1590,Idaho,Bannock,BTPO,1,5,74606.48206,0,0,0,0,0,14,0,0,4,0,0,0,0,0,0,0,0,0,0,0,0,0,0,0,31,16,5,16005,94,47,24,10,12,1,0,0,0,16,18,10,3,15,20,12,0,0,6,0,9,3,3,5,3,6,3,0,6,0,3,0,1,3
1591,Idaho,Bannock,BTPO,1,5,2573110.908,0,0,0,0,0,0,0,0,0,0,0,0,0,0,0,0,0,0,0,0,0,0,0,0,0,16,5,16005,70,28,4,11,3,5,1,4,0,8,11,7,2,5,5,18,1,0,0,2,2,0,2,0,1,2,2,7,4,2,1,2,1,3
1592,Idaho,Bannock,BTPO,1,5,1993863.794,0,0,0,0,0,0,0,0,0,0,0,0,0,0,0,0,0,0,4,4,0,0,0,0,24,16,5,16005,232,81,0,44,9,9,15,0,4,23,31,21,6,15,16,50,1,3,0,6,5,2,4,0,4,6,5,18,13,6,4,4,1,3
1593,Idaho,Bannock,BTPO,1,5,535482.8171,0,0,0,0,0,4,0,0,2,0,0,0,0,0,0,0,0,0,3,0,0,0,0,0,12,16,5,16005,77,29,2,6,5,6,4,4,2,6,9,10,5,1,9,20,0,0,1,0,0,0,1,2,1,5,5,5,6,2,1,1,1,3
1594,Idaho,Bannock,BTPO,1,5,253765.5027,0,0,0,0,0,2,0,0,0,0,0,0,0,0,0,0,63,0,0,34,0,0,0,0,101,16,5,16005,415,107,8,26,11,39,16,5,2,23,31,37,18,5,27,77,0,0,5,0,0,0,4,5,0,18,18,18,23,9,4,5,1,3
1595,Idaho,Bannock,BTPO,1,5,647227.4201,0,0,0,0,0,0,0,0,0,0,0,0,0,0,0,0,0,0,0,0,0,0,0,0,0,16,5,16005,18,5,0,2,1,2,0,0,0,1,2,2,1,0,2,4,0,0,0,0,0,0,0,1,0,1,1,1,1,1,0,0,1,3
1596,Idaho,Bannock,BTPO,1,5,264373.3725,0,0,0,0,0,0,0,0,0,0,0,0,0,0,0,0,0,0,0,4,0,0,0,0,4,16,5,16005,284,72,8,21,12,15,9,3,4,20,27,27,14,4,24,60,0,0,4,0,0,0,3,4,3,14,14,14,18,7,3,4,1,3
1597,Idaho,Bannock,BTPO,1,5,116351.7629,0,0,0,0,0,0,0,0,0,0,0,0,0,0,0,0,0,0,0,8,0,0,0,0,7,16,5,16005,143,58,11,14,13,14,4,2,0,7,12,15,7,0,11,30,0,0,0,0,0,0,0,4,0,7,8,7,8,3,4,0,1,3
1598,Idaho,Bannock,BTPO,1,5,64658.71937,0,0,0,0,0,0,0,0,0,0,0,0,8,0,3,0,0,0,0,0,0,0,3,0,13,16,5,16005,96,31,0,15,7,2,5,1,1,11,11,9,0,3,18,10,0,0,0,3,0,0,7,3,4,4,2,4,2,1,0,1,1,3
1599,Idaho,Bannock,BTPO,1,5,499096.512,0,0,0,0,0,22,0,0,0,0,0,0,76,0,33,0,14,0,0,14,0,0,0,0,179,16,5,16005,911,328,54,95,72,70,21,14,2,70,99,107,52,35,73,220,1,6,21,0,7,10,20,17,7,19,68,71,8,11,62,0,1,3
1600,Idaho,Bannock,BTPO,1,5,153040.1444,0,0,0,0,0,0,0,0,168,0,0,3,51,0,0,0,0,0,1182,0,0,0,0,0,2334,16,5,16005,9,5,4,1,0,0,0,0,0,3,2,2,0,3,2,2,1,0,0,1,1,1,0,1,0,0,1,0,0,0,1,0,1,3
1601,Idaho,Bannock,BTPO,1,5,199357.0587,0,0,0,0,0,0,6,0,130,0,28,6,60,0,0,12,0,15,49,76,39,123,0,0,562,16,5,16005,310,158,92,40,9,9,4,1,3,56,56,45,0,61,44,52,21,9,0,19,12,16,5,16,0,7,17,19,2,0,14,0,1,3
1602,Idaho,Bannock,BTPO,1,5,39025.80971,0,0,0,0,0,0,2,0,26,0,6,2,0,0,0,3,0,3,60,15,8,145,0,0,504,16,5,16005,61,32,18,8,2,2,1,0,1,12,12,7,0,13,10,8,5,3,0,2,3,5,3,2,0,0,3,2,0,0,3,0,1,3
1603,Idaho,Bannock,BTPO,1,5,17846.90928,0,0,0,0,0,0,0,0,51,0,0,3,0,0,0,0,0,0,0,38,0,0,24,0,82,16,5,16005,0,0,0,0,0,0,0,0,0,0,0,0,0,0,0,0,0,0,0,0,0,0,0,0,0,0,0,0,0,0,0,0,1,3
1604,Idaho,Bannock,BTPO,1,5,89090.38476,0,0,0,0,0,0,0,0,116,0,0,0,0,0,0,0,0,0,0,0,0,159,2,0,386,16,5,16005,0,0,0,0,0,0,0,0,0,0,0,0,0,0,0,0,0,0,0,0,0,0,0,0,0,0,0,0,0,0,0,0,1,3
1605,Idaho,Bannock,BTPO,1,5,449504.3558,0,0,0,0,0,0,927,0,105,0,0,0,0,0,0,0,0,0,0,0,0,0,4,0,2569,16,5,16005,22,1,0,0,1,0,0,0,0,0,1,0,0,0,0,1,0,0,0,0,0,0,0,0,0,0,1,0,0,0,0,0,1,3
1606,Idaho,Bannock,BTPO,1,5,2606909.465,0,0,0,0,0,12,0,0,0,0,0,0,0,0,0,0,0,0,0,0,0,0,0,0,27,16,5,16005,101,30,5,15,6,3,0,1,0,9,11,8,2,6,6,18,1,1,0,2,2,0,3,0,1,2,2,6,5,2,1,2,1,3
1607,Idaho,Bannock,BTPO,1,5,316395.9713,0,0,0,0,0,0,0,52,0,0,0,0,0,0,0,0,0,0,4,2,0,0,4,0,109,16,5,16005,152,42,3,28,1,5,3,2,0,12,18,12,0,5,0,37,0,0,0,5,0,0,0,0,0,0,5,11,11,5,5,0,1,3
1608,Idaho,Bannock,BTPO,1,5,614390.1234,0,0,0,0,0,0,0,0,0,0,0,0,0,0,0,14,0,0,0,0,0,0,0,0,25,16,5,16005,16,5,0,2,1,2,0,0,0,1,2,1,1,1,1,3,0,0,0,0,1,0,0,0,0,1,0,1,1,0,0,1,1,3
1609,Idaho,Bannock,BTPO,1,5,2600277.245,0,0,0,0,0,0,0,0,0,0,0,0,0,0,0,0,0,0,0,0,0,0,0,0,0,16,5,16005,42,10,0,1,2,5,1,1,0,3,4,2,1,2,2,6,0,1,0,0,1,0,1,0,0,1,1,2,1,1,0,1,1,3
1610,Idaho,Bannock,BTPO,1,5,101572.4845,0,0,0,0,0,0,0,0,0,0,0,0,0,0,0,0,0,0,0,456,0,0,3,0,456,16,5,16005,141,79,46,6,3,15,4,3,2,29,28,22,0,29,17,33,4,0,14,6,5,4,4,9,0,0,16,8,9,0,0,0,1,3
1611,Idaho,Bannock,BTPO,1,5,122485.8138,0,0,0,0,0,3,0,0,0,0,0,0,0,0,8,0,0,0,2,0,0,0,2,0,13,16,5,16005,226,90,31,29,13,6,7,3,1,21,41,21,5,21,46,21,7,3,4,2,5,7,7,6,18,8,9,12,0,0,0,0,1,3
1612,Idaho,Bannock,BTPO,1,5,154379.5547,0,0,0,0,0,0,0,0,0,0,0,0,0,0,0,0,0,0,0,2,0,32,0,0,33,16,5,16005,1,0,0,0,0,0,0,0,0,0,0,0,0,0,0,0,0,0,0,0,0,0,0,0,0,0,0,0,0,0,0,0,1,3
1613,Idaho,Bannock,BTPO,1,5,92834.20633,0,0,0,0,0,0,0,0,0,0,0,2,0,0,0,2,0,0,0,36,0,237,0,0,277,16,5,16005,13,5,1,1,2,1,0,0,0,2,2,1,0,2,1,2,1,0,0,1,0,0,1,0,0,0,1,0,0,0,1,0,1,3
1614,Idaho,Bannock,BTPO,1,5,72846.55822,0,0,0,0,0,0,0,0,52,0,0,0,0,0,0,4,12,0,0,0,0,0,0,0,107,16,5,16005,176,134,91,20,11,6,2,3,1,48,48,37,0,53,43,37,21,6,0,16,10,16,5,16,0,6,16,10,0,0,11,0,1,3
1615,Idaho,Bannock,BTPO,1,5,15578.43367,0,0,0,0,0,0,0,0,10,0,2,0,0,0,0,2,0,2,15,6,3,36,0,0,125,16,5,16005,24,12,7,3,1,1,0,0,0,0,0,0,0,0,0,0,0,0,0,0,0,0,0,0,0,0,0,0,0,0,0,0,1,3
1616,Idaho,Bannock,BTPO,1,5,32616.30315,0,0,0,0,0,0,0,0,9,0,0,0,0,0,0,3,0,0,21,0,0,0,0,0,66,16,5,16005,32,12,2,7,0,1,1,0,1,2,5,3,0,0,5,5,0,0,0,0,0,0,2,0,2,1,2,2,1,0,0,0,1,3
1617,Idaho,Bannock,BTPO,1,5,259309.9045,0,0,0,0,0,0,0,0,0,0,0,0,0,0,0,0,0,0,0,2,0,0,0,0,1,16,5,16005,47,17,2,8,2,2,2,0,1,5,6,5,1,3,2,12,0,1,0,0,2,0,1,0,1,0,2,3,2,2,3,0,1,3
1618,Idaho,Bannock,BTPO,1,5,10413243.65,0,0,0,0,0,4,0,0,0,0,0,0,0,0,0,0,0,0,0,0,3,0,0,0,7,16,5,16005,452,148,38,42,24,12,16,4,12,70,43,35,0,47,61,40,7,20,7,6,7,14,13,13,7,14,6,7,14,6,7,0,1,3
1619,Idaho,Bannock,BTPO,1,5,2595736.455,0,0,0,0,0,0,0,0,0,0,0,0,0,0,0,0,0,0,0,3,0,0,0,0,3,16,5,16005,66,16,3,7,2,4,0,0,0,5,6,4,1,3,3,10,0,1,0,1,1,0,1,0,1,1,1,4,2,1,1,1,1,3
1620,Idaho,Bannock,BTPO,1,5,284389.4201,0,0,0,0,0,0,0,0,0,0,0,0,0,0,0,0,0,0,0,0,0,0,0,0,0,16,5,16005,24,12,1,9,2,0,0,0,0,3,5,4,0,3,2,7,1,0,0,1,1,0,0,1,0,1,1,2,1,1,1,1,1,3
1621,Idaho,Bannock,BTPO,1,5,157121.4115,0,0,0,0,0,0,0,0,0,0,0,0,0,0,0,2,0,0,14,0,0,0,0,0,37,16,5,16005,98,62,4,23,20,7,3,4,1,9,12,10,2,4,10,19,0,0,0,3,1,0,3,3,0,4,8,8,3,0,0,0,1,3
1622,Idaho,Bannock,BTPO,1,5,56853.36342,0,0,0,0,0,0,0,0,0,0,0,0,0,0,0,0,4,0,0,3,0,0,0,0,7,16,5,16005,160,40,1,4,4,21,7,3,0,9,11,14,6,0,6,34,0,0,0,0,0,0,0,6,0,0,3,16,6,6,3,0,1,3
1623,Idaho,Bannock,BTPO,1,5,110266.9439,0,0,0,0,0,0,0,0,0,0,0,6,0,0,0,0,0,0,0,16,0,0,0,0,58,16,5,16005,149,25,4,12,2,3,2,1,1,16,16,14,0,17,14,15,6,2,0,7,2,6,1,5,0,2,5,5,1,0,4,0,1,3
1624,Idaho,Bannock,BTPO,1,5,123223.3274,0,0,0,0,0,0,0,0,0,0,0,0,0,0,0,0,0,0,0,0,0,0,0,0,1,16,5,16005,231,87,29,20,5,5,15,11,2,18,27,28,14,9,20,58,0,2,6,0,1,2,6,4,2,6,18,19,2,2,17,0,1,3
1625,Idaho,Bannock,BTPO,1,5,190665.7308,0,0,0,0,0,4,0,0,3,0,0,0,0,0,0,0,1,0,5,8,0,0,0,0,42,16,5,16005,352,103,8,20,16,22,10,13,14,22,32,34,16,6,46,52,4,0,1,0,1,1,4,5,28,8,11,17,18,5,1,0,1,3
1626,Idaho,Bannock,BTPO,1,5,53468.11253,1.62,0.46,0,0,0,0,0,0,248,0,0,0,82,0,0,0,0,0,0,2,0,272,2,0,367,16,5,16005,0,0,0,0,0,0,0,0,0,0,0,0,0,0,0,0,0,0,0,0,0,0,0,0,0,0,0,0,0,0,0,0,1,3
1627,Idaho,Bannock,BTPO,1,5,5194168.605,0,0,0,0,0,0,0,4,0,0,0,0,0,0,0,0,0,0,0,0,0,0,0,0,4,16,5,16005,317,104,17,35,16,14,11,6,5,39,26,26,13,52,17,35,0,17,18,17,0,0,17,0,0,0,18,0,0,17,0,0,1,3
1628,Idaho,Bannock,BTPO,1,5,1300921.62,0,0,0,0,36,0,0,2,6,0,0,0,0,0,0,0,0,0,0,0,0,0,9,0,91,16,5,16005,178,67,12,10,12,12,7,12,2,20,25,17,5,12,14,41,2,2,0,4,4,2,4,0,4,4,4,15,12,4,2,4,1,3
1629,Idaho,Bannock,BTPO,1,5,375460.6383,0,0,0,0,0,2,0,0,0,0,0,0,0,0,0,0,0,0,3,3,0,0,0,0,10,16,5,16005,875,249,53,92,42,30,18,5,9,77,102,86,13,37,80,161,0,0,0,24,13,0,28,22,0,30,68,65,28,0,0,0,1,3
1630,Idaho,Bannock,BTPO,1,5,57051.94608,0,0,0,0,0,0,0,0,0,0,0,0,0,0,0,0,0,0,0,52,0,70,0,0,122,16,5,16005,79,21,1,17,0,1,0,2,0,7,7,6,0,8,4,8,1,0,4,1,2,0,1,3,0,0,4,2,2,0,0,0,1,3
1631,Idaho,Bannock,BTPO,1,5,119793.7467,0,0,0,0,0,0,0,0,0,0,0,0,0,0,0,0,0,0,0,0,0,0,0,0,0,16,5,16005,454,174,41,48,33,28,14,9,1,64,62,49,0,19,96,60,0,0,0,19,0,0,37,17,24,18,15,21,11,7,0,6,1,3
1632,Idaho,Bannock,BTPO,1,5,215045.8225,0,0,0,0,0,28,27,8,9,0,2,0,0,0,0,0,1,0,0,8,15,0,4,94,438,16,5,16005,116,52,13,6,14,11,3,3,2,14,14,12,0,15,8,17,1,0,8,3,3,1,2,5,0,0,9,4,4,0,0,0,1,3
1633,Idaho,Bannock,BTPO,1,5,133339.5253,0,0,0,0,0,0,0,0,4,0,0,4,0,0,0,0,0,0,6,0,0,0,0,0,30,16,5,16005,366,114,20,37,25,15,10,5,2,42,39,32,0,43,23,47,6,0,21,8,8,4,6,13,0,0,24,11,12,0,0,0,1,3
1634,Idaho,Bannock,BTPO,1,5,44832.16182,0,0,0,0,0,0,0,0,0,0,26,0,0,0,0,0,0,0,0,0,9,0,0,0,61,16,5,16005,60,21,8,4,4,3,2,0,0,8,7,6,0,2,12,7,0,0,0,2,0,0,5,2,3,2,2,3,1,0,0,1,1,3
1635,Idaho,Bannock,BTPO,1,5,110493.0728,0,0,0,0,0,0,0,0,9,0,0,0,0,0,0,0,2,0,3,2,0,0,0,0,15,16,5,16005,251,93,19,29,20,11,8,3,3,30,30,23,0,32,17,34,4,0,15,7,6,2,5,10,0,0,18,7,9,0,0,0,1,3
1636,Idaho,Bannock,BTPO,1,5,122048.2332,0,0,0,0,0,0,0,0,12,0,0,0,99,0,0,0,16,0,50,2,0,0,0,0,331,16,5,16005,122,98,27,31,12,11,7,5,5,20,19,16,0,19,12,24,2,0,10,4,3,2,3,7,0,0,12,6,6,0,0,0,1,3
1637,Idaho,Bannock,BTPO,1,5,50365.5976,0,0,0,0,0,0,0,0,4,0,0,0,0,0,0,0,0,0,2,0,0,0,0,0,16,16,5,16005,128,41,11,13,5,5,3,2,2,21,21,16,0,23,12,23,0,0,13,5,5,2,3,7,0,0,13,5,5,0,0,0,1,3
1638,Idaho,Bannock,BTPO,1,5,45524.11222,0,0,0,0,0,0,0,0,0,0,0,3,0,0,0,0,0,0,0,0,0,0,0,0,3,16,5,16005,26,7,0,6,1,0,0,0,0,3,3,2,0,3,2,3,1,1,0,1,0,1,0,1,0,0,1,1,0,0,1,0,1,3
1639,Idaho,Bannock,BTPO,1,5,93111.74978,0,0,0,0,0,0,0,0,22,0,0,0,0,0,0,0,0,27,0,0,0,99,0,0,1688,16,5,16005,0,0,0,0,0,0,0,0,0,0,0,0,0,0,0,0,0,0,0,0,0,0,0,0,0,0,0,0,0,0,0,0,1,3
1640,Idaho,Bannock,BTPO,1,5,62401.09648,0,0,0,0,0,0,0,0,291,0,0,2,0,0,0,0,0,0,0,2,0,168,2,0,848,16,5,16005,0,0,0,0,0,0,0,0,0,0,0,0,0,0,0,0,0,0,0,0,0,0,0,0,0,0,0,0,0,0,0,0,1,3
1641,Idaho,Bannock,BTPO,1,5,8830590.643,0,0,4,0,0,0,0,0,0,0,0,0,0,0,0,0,4,0,0,0,0,0,0,0,19,16,5,16005,236,68,27,6,14,5,7,6,3,31,18,19,0,18,27,23,5,4,0,5,4,9,5,0,0,13,5,9,4,5,0,0,1,3
1642,Idaho,Bannock,BTPO,1,5,956191.9687,0,0,0,0,0,74,26,22,0,0,0,0,0,0,0,0,0,0,0,0,0,0,0,0,231,16,5,16005,135,59,10,26,5,2,6,7,3,16,25,16,2,12,10,37,0,2,0,5,5,0,3,0,2,5,5,12,10,3,2,5,1,3
1643,Idaho,Bannock,BTPO,1,5,431761.099,0,0,0,0,0,0,0,0,6,0,0,0,76,0,66,0,0,0,0,0,0,0,0,0,148,16,5,16005,24,7,0,2,0,1,1,3,0,2,2,3,0,1,2,4,0,0,0,1,0,0,1,0,0,1,2,1,1,0,0,0,1,3
1644,Idaho,Bannock,BTPO,1,5,283658.5824,0,0,0,0,0,78,88,28,50,12,0,0,56,0,15,0,0,0,0,0,0,0,15,0,481,16,5,16005,0,0,0,0,0,0,0,0,0,0,0,0,0,0,0,0,0,0,0,0,0,0,0,0,0,0,0,0,0,0,0,0,1,3
1645,Idaho,Bannock,BTPO,1,5,55577.00264,0,0,0,0,0,0,0,0,0,0,0,0,0,0,0,0,0,0,0,0,0,0,3,0,3,16,5,16005,88,30,12,10,2,1,1,1,3,8,11,9,2,5,8,17,0,0,0,3,2,0,3,1,0,4,8,6,3,0,0,0,1,3
1646,Idaho,Bannock,BTPO,1,5,917899.8491,6.82,1.93,0,0,0,0,0,0,0,0,0,0,0,0,0,0,0,0,0,0,0,0,0,0,0,16,5,16005,1,0,0,0,0,0,0,0,0,0,0,0,0,0,0,0,0,0,0,0,0,0,0,0,0,0,0,0,0,0,0,0,1,3
1647,Idaho,Bannock,BTPO,1,5,108656.7212,0,0,0,0,0,16,0,2,14,0,16,0,0,0,0,14,148,6,99,296,58,99,0,0,809,16,5,16005,20,5,0,0,0,3,1,1,0,2,2,1,0,2,1,2,0,0,1,1,0,0,0,1,0,0,1,0,1,0,0,0,1,3
1648,Idaho,Bannock,BTPO,1,5,37058.3543,0,0,0,0,0,0,0,0,212,0,0,8,0,0,0,0,0,0,0,14,0,0,0,0,237,16,5,16005,0,0,0,0,0,0,0,0,0,0,0,0,0,0,0,0,0,0,0,0,0,0,0,0,0,0,0,0,0,0,0,0,1,3
1649,Idaho,Bannock,BTPO,1,5,40133.91379,0,0,0,0,0,0,0,0,4,0,0,0,0,0,0,0,0,0,2,0,0,0,0,0,6,16,5,16005,153,33,9,10,4,4,2,2,2,27,23,19,0,22,18,29,4,0,11,3,4,3,4,11,0,0,14,8,7,0,0,0,1,3
1650,Idaho,Bannock,BTPO,1,5,74262.55468,0,0,0,0,0,0,0,32,0,0,0,0,0,0,0,0,0,0,0,60,0,0,50,0,140,16,5,16005,44,14,7,2,0,5,0,0,0,5,5,4,0,5,4,5,2,1,0,1,1,1,1,2,0,0,2,1,0,0,2,0,1,3
1651,Idaho,Bannock,BTPO,1,5,1934056.775,0,0,0,0,0,0,0,0,0,0,0,0,12,0,0,0,0,0,0,0,0,0,0,0,12,16,5,16005,0,1,1,0,0,0,0,0,0,0,1,0,0,0,0,1,0,0,0,0,0,0,0,0,0,0,0,0,0,0,1,0,1,3
1652,Idaho,Bannock,BTPO,1,5,931903.6229,0,0,0,0,0,16,0,0,0,2,0,0,0,0,0,14,0,0,0,116,0,0,0,0,162,16,5,16005,174,47,5,23,8,4,3,0,4,14,17,13,3,7,10,30,2,0,0,1,4,2,3,0,2,3,4,10,7,4,3,2,1,3
1653,Idaho,Bannock,BTPO,1,5,472862.0857,0,0,0,0,0,0,0,0,0,0,0,0,0,0,0,0,2,0,0,0,0,0,0,0,10,16,5,16005,78,21,0,10,4,4,0,0,3,5,8,6,2,4,4,13,0,1,0,2,1,0,2,0,1,1,2,4,4,2,0,1,1,3
1654,Idaho,Bannock,BTPO,1,5,290959.1911,0,0,0,0,0,2,0,0,0,4,0,0,0,0,0,0,0,0,0,0,0,0,0,0,22,16,5,16005,70,19,4,11,3,1,0,0,0,7,6,5,2,5,0,15,2,0,0,3,0,0,0,0,0,0,3,4,3,0,3,2,1,3
1655,Idaho,Bannock,BTPO,1,5,245201.7793,0,0,0,0,0,0,0,0,2,0,0,0,0,0,0,0,0,0,0,0,0,0,0,0,1,16,5,16005,7,2,0,1,0,1,0,0,0,1,0,1,0,1,0,1,0,0,0,1,0,0,0,0,0,0,1,0,0,0,0,0,1,3
1656,Idaho,Bannock,BTPO,1,5,89628.04286,0,0,0,0,0,0,0,0,0,0,0,0,0,0,0,0,0,0,2,0,0,0,0,0,3,16,5,16005,111,31,0,26,2,2,0,1,0,8,15,8,0,0,4,27,0,0,0,0,0,0,0,0,4,0,5,4,5,0,4,9,1,3
1657,Idaho,Bannock,BTPO,1,5,145657.7109,0,0,0,0,0,3,0,0,0,0,0,3,0,0,0,0,0,0,0,4,0,0,0,0,15,16,5,16005,270,88,15,48,9,6,7,2,1,25,36,25,3,11,20,58,3,0,2,5,1,5,0,0,0,15,14,10,13,6,7,8,1,3
1658,Idaho,Bannock,BTPO,1,5,172595.8768,0,0,0,0,0,16,0,0,32,0,0,0,3,0,3,15,126,0,0,39,2,0,3,0,285,16,5,16005,44,4,0,2,0,0,1,1,0,1,2,1,0,2,1,1,1,0,0,0,1,0,0,1,0,0,0,1,0,0,0,0,1,3
1659,Idaho,Bannock,BTPO,1,5,192649.8634,0,0,0,0,0,16,0,0,0,15,0,34,0,0,0,4,0,0,0,62,0,112,0,0,316,16,5,16005,130,56,6,23,12,7,2,1,5,17,17,13,0,19,14,14,7,2,0,6,4,5,2,5,0,2,4,5,1,0,4,0,1,3
1660,Idaho,Bannock,BTPO,1,5,117836.0129,0,0,0,0,0,6,0,0,9,0,0,0,0,0,0,0,5,1785,0,0,0,1,0,0,1794,16,5,16005,9,3,0,2,0,0,0,1,0,1,1,1,0,1,1,1,0,1,0,0,0,1,0,0,0,0,0,1,0,0,0,0,1,3
1661,Idaho,Bannock,BTPO,1,5,236065.6962,0,0,18,0,0,78,0,68,51,0,10,0,0,0,0,0,0,0,0,2,0,0,0,0,437,16,5,16005,720,287,90,89,38,34,19,9,8,87,115,96,17,153,107,55,37,36,52,28,0,10,3,4,14,76,34,21,0,0,0,0,1,3
1662,Idaho,Bannock,BTPO,1,5,61333.70515,0,0,0,0,0,0,0,0,0,0,0,0,0,0,0,0,0,0,0,22,0,0,0,0,22,16,5,16005,65,32,16,6,5,2,1,1,1,12,14,6,0,0,24,8,0,0,0,0,0,16,0,4,4,0,4,0,0,4,0,0,1,3
1663,Idaho,Bannock,BTPO,1,5,153004.7575,0,0,0,0,0,0,0,0,0,0,0,0,0,0,0,0,0,0,0,51,0,0,0,0,51,16,5,16005,167,91,40,21,16,8,3,2,1,30,38,19,4,14,49,28,4,3,3,4,0,28,4,6,8,3,11,6,8,0,3,0,1,3
1664,Idaho,Bannock,BTPO,1,5,114843.6407,0,0,0,0,0,0,0,0,2,0,0,0,8,0,2,0,7,0,16,2,0,0,2,0,40,16,5,16005,90,36,7,16,5,5,2,1,0,0,0,0,0,0,0,0,0,0,0,0,0,0,0,0,0,0,0,0,0,0,0,0,1,3
1665,Idaho,Bannock,BTPO,1,5,97671.6972,0,0,0,0,0,0,0,0,8,0,0,0,0,0,12,0,3,0,0,8,0,0,0,0,33,16,5,16005,84,31,5,10,10,3,1,0,2,10,12,8,0,4,17,9,0,2,2,0,0,13,0,2,2,0,5,2,2,0,0,0,1,3
1666,Idaho,Bannock,BTPO,1,5,26265.86345,0,0,0,0,0,0,0,0,2,0,0,0,0,0,34,0,0,0,0,2,0,0,0,0,37,16,5,16005,21,7,1,2,3,1,0,0,0,0,0,0,0,0,0,0,0,0,0,0,0,0,0,0,0,0,0,0,0,0,0,0,1,3
1667,Idaho,Bannock,BTPO,1,5,34313.97842,0,0,0,0,0,0,0,0,2,0,0,0,0,0,42,0,10,0,0,8,0,0,0,0,61,16,5,16005,36,13,5,5,2,1,0,0,0,0,0,0,0,0,0,0,0,0,0,0,0,0,0,0,0,0,0,0,0,0,0,0,1,3
1668,Idaho,Bannock,BTPO,1,5,145394.3439,0,0,0,0,0,0,0,0,2,0,0,0,0,0,0,2,1,0,2,2,0,0,2,0,9,16,5,16005,114,44,9,20,6,6,2,1,0,15,14,11,4,7,4,33,4,3,0,0,0,0,0,0,0,4,4,7,7,4,4,7,1,3
1669,Idaho,Bannock,BTPO,1,5,46939.36556,0,0,0,0,0,0,0,0,0,0,0,0,0,0,0,0,0,0,1,0,0,0,0,0,1,16,5,16005,34,11,2,7,1,1,0,0,0,0,0,0,0,0,0,0,0,0,0,0,0,0,0,0,0,0,0,0,0,0,0,0,1,3
1670,Idaho,Bannock,BTPO,1,5,53763.00077,0,0,0,0,0,0,0,0,0,0,0,0,0,0,0,2,0,0,0,0,0,0,4,0,3,16,5,16005,103,31,0,1,14,2,5,7,2,0,0,0,0,0,0,0,0,0,0,0,0,0,0,0,0,0,0,0,0,0,0,0,1,3
1671,Idaho,Bannock,BTPO,1,5,105418.2374,0,0,0,0,0,0,0,0,0,0,0,0,0,0,0,3,16,0,0,10,0,0,0,0,31,16,5,16005,169,52,13,16,7,6,5,0,5,15,22,14,1,7,12,33,1,0,2,3,1,4,0,0,0,8,8,5,9,2,5,4,1,3
1672,Idaho,Bannock,BTPO,1,5,118814.633,0,0,0,0,0,0,0,0,0,0,0,0,0,0,0,0,0,0,0,2,0,0,0,0,3,16,5,16005,285,83,1,46,10,12,1,7,6,17,23,31,12,2,13,68,2,0,0,0,0,0,0,5,0,8,11,22,24,2,3,6,1,3
1673,Idaho,Bannock,BTPO,1,5,205409.053,0,0,0,0,0,2,0,0,0,0,0,0,2,0,2,2,0,0,2,2,0,0,0,0,24,16,5,16005,469,153,27,66,25,23,4,5,3,30,44,57,22,5,25,123,5,0,0,0,0,0,0,8,2,15,21,40,42,5,5,10,1,3
1674,Idaho,Bannock,BTPO,1,5,95802.18763,0,0,3,0,0,2,0,0,0,0,0,2,0,0,0,0,0,0,0,0,0,0,0,0,7,16,5,16005,217,64,12,24,2,12,2,8,4,14,17,25,8,3,8,53,0,0,3,0,0,0,0,8,0,0,5,19,10,14,2,3,1,3
1675,Idaho,Bannock,BTPO,1,5,4926691.514,0,0,0,0,0,0,0,0,0,0,0,0,0,0,0,0,0,0,0,0,0,0,0,0,0,16,5,16005,3,0,0,0,0,0,0,0,0,0,1,0,0,0,0,1,0,0,0,0,0,0,0,0,0,0,0,1,0,0,0,0,1,3
1676,Idaho,Bannock,BTPO,1,5,1527809.134,0,0,0,0,0,4,0,0,0,0,0,0,0,0,0,0,0,0,12,0,0,0,0,0,28,16,5,16005,137,55,1,38,10,4,1,1,0,16,21,14,4,11,12,32,1,1,0,4,5,1,4,0,2,5,3,11,8,4,2,4,1,3
1677,Idaho,Bannock,BTPO,1,5,248887.5085,0,0,0,0,0,15,0,0,0,0,0,0,0,0,0,0,0,0,3,0,0,0,0,0,33,16,5,16005,131,42,8,17,2,3,8,2,2,12,18,12,0,0,0,42,0,0,0,0,0,0,0,0,0,0,0,28,14,0,0,0,1,3
1678,Idaho,Bannock,BTPO,1,5,878796.9719,0,0,0,0,0,0,0,0,0,0,0,0,0,0,0,0,0,0,0,0,0,0,0,0,0,16,5,16005,0,0,0,0,0,0,0,0,0,0,0,0,0,0,0,0,0,0,0,0,0,0,0,0,0,0,0,0,0,0,0,0,1,3
1679,Idaho,Bannock,BTPO,1,5,24099.86913,0,0,0,0,0,0,0,0,30,0,0,57,0,0,0,0,138,0,0,32,0,0,2,0,258,16,5,16005,1,0,0,0,0,0,0,0,0,0,0,0,0,0,0,0,0,0,0,0,0,0,0,0,0,0,0,0,0,0,0,0,1,3
1680,Idaho,Bannock,BTPO,1,5,12370.3342,0,0,0,0,0,0,0,0,20,0,0,16,0,0,0,0,24,0,4,0,0,11,26,0,103,16,5,16005,18,17,16,0,1,0,0,0,0,6,6,3,2,6,6,5,1,1,3,0,1,1,1,3,0,1,3,0,1,0,0,1,1,3
1681,Idaho,Bannock,BTPO,1,5,346769.9581,0,0,0,0,0,0,0,0,0,0,0,0,0,0,0,0,0,0,0,0,0,0,0,0,0,16,5,16005,22,7,1,3,1,1,1,0,0,2,3,3,0,2,0,6,0,0,0,1,1,0,0,0,0,0,1,2,0,1,2,0,1,3
1682,Idaho,Bannock,BTPO,1,5,273788.208,0,0,0,0,0,0,0,0,0,0,0,0,0,0,0,0,0,0,0,0,0,0,0,0,0,16,5,16005,0,0,0,0,0,0,0,0,0,0,0,0,0,0,0,0,0,0,0,0,0,0,0,0,0,0,0,0,0,0,0,0,1,3
1683,Idaho,Bannock,BTPO,1,5,158309.8054,0,0,0,0,0,0,0,0,0,0,0,0,0,0,0,0,0,0,0,0,0,0,0,0,0,16,5,16005,0,0,0,0,0,0,0,0,0,0,0,0,0,0,0,0,0,0,0,0,0,0,0,0,0,0,0,0,0,0,0,0,1,3
1684,Idaho,Bannock,BTPO,1,5,168842.9671,0,0,0,0,0,0,0,0,0,0,0,0,0,0,0,0,0,0,0,0,0,0,0,0,0,16,5,16005,0,0,0,0,0,0,0,0,0,0,0,0,0,0,0,0,0,0,0,0,0,0,0,0,0,0,0,0,0,0,0,0,1,3
1685,Idaho,Bannock,BTPO,1,5,68294.97618,0,0,0,0,0,0,0,0,0,0,0,0,0,0,0,0,0,0,0,9,0,0,0,0,9,16,5,16005,112,48,14,15,6,8,3,1,1,16,17,13,0,5,26,15,0,0,0,5,0,0,9,5,7,5,4,5,3,1,0,2,1,3
1686,Idaho,Bannock,BTPO,1,5,39376.45002,0,0,0,0,0,0,0,0,2,0,0,0,0,0,0,0,0,0,0,0,0,0,0,0,22,16,5,16005,120,25,11,4,2,0,2,6,0,0,0,0,0,0,0,0,0,0,0,0,0,0,0,0,0,0,0,0,0,0,0,0,1,3
1687,Idaho,Bannock,BTPO,1,5,183139.7804,0,0,2,0,0,0,0,0,0,0,0,0,0,0,0,0,0,0,0,0,0,0,0,0,4,16,5,16005,64,33,0,9,10,5,8,0,1,6,8,6,1,4,3,14,0,1,0,1,2,0,1,1,0,1,2,3,2,3,4,0,1,3
1688,Idaho,Bannock,BTPO,1,5,141496.1047,0,0,0,0,0,24,0,0,0,0,0,0,0,0,0,0,2,0,0,2,0,0,0,0,36,16,5,16005,303,75,17,21,7,8,7,15,0,21,26,24,3,13,11,50,0,3,0,5,5,3,2,0,3,3,8,13,8,8,13,0,1,3
1689,Idaho,Bannock,BTPO,1,5,182573.8996,0,0,2,0,0,0,0,0,0,0,0,0,0,0,0,0,0,0,0,0,0,0,0,0,1,16,5,16005,51,33,0,9,10,5,8,0,1,5,6,5,1,2,2,13,0,1,0,0,1,0,1,0,0,1,2,2,2,2,5,0,1,3
1690,Idaho,Bannock,BTPO,1,5,307913.0993,0,0,0,0,0,0,0,0,0,0,0,0,0,0,0,0,0,0,0,0,0,0,0,0,0,16,5,16005,0,0,0,0,0,0,0,0,0,0,0,0,0,0,0,0,0,0,0,0,0,0,0,0,0,0,0,0,0,0,0,0,1,3
1691,Idaho,Bannock,BTPO,1,5,276949.982,0,0,0,0,0,0,0,0,0,0,0,0,0,0,0,0,0,0,0,0,0,0,0,0,0,16,5,16005,0,0,0,0,0,0,0,0,0,0,0,0,0,0,0,0,0,0,0,0,0,0,0,0,0,0,0,0,0,0,0,0,1,3
1692,Idaho,Bannock,BTPO,1,5,167106.1187,0,0,0,0,0,0,0,0,6,0,0,0,0,0,3,3,8,0,0,2,0,0,0,0,25,16,5,16005,236,68,2,7,8,15,25,5,6,13,19,25,10,2,8,57,0,0,2,0,0,0,0,8,0,0,7,22,10,15,1,2,1,3
1693,Idaho,Bannock,BTPO,1,5,63482.93872,0,0,0,0,0,0,0,0,0,0,0,0,0,0,0,0,0,0,0,0,0,0,0,0,1,16,5,16005,187,52,9,23,8,3,5,3,1,10,14,21,7,3,6,43,0,0,3,0,0,0,0,6,0,0,6,16,9,9,3,0,1,3
1694,Idaho,Bannock,BTPO,1,5,112517.1495,0,0,0,0,0,2,0,0,3,0,0,0,0,0,0,0,0,0,0,0,0,0,0,0,4,16,5,16005,239,106,25,38,22,13,3,3,2,21,30,39,16,3,16,87,3,0,0,0,0,0,0,5,1,10,14,29,29,2,5,8,1,3
1695,Idaho,Bannock,BTPO,1,5,22445.04394,0,0,0,0,0,0,0,0,0,0,0,0,0,0,0,0,0,0,0,111,0,0,0,0,110,16,5,16005,0,0,0,0,0,0,0,0,0,0,0,0,0,0,0,0,0,0,0,0,0,0,0,0,0,0,0,0,0,0,0,0,1,3
1696,Idaho,Bannock,BTPO,1,5,104583.2106,0,0,0,0,0,0,0,0,0,0,0,0,0,0,0,0,0,0,0,0,0,0,0,0,0,16,5,16005,49,60,35,19,1,1,2,1,1,7,10,9,1,4,4,19,0,1,0,2,1,1,2,0,0,1,3,4,3,4,5,0,1,3
1697,Idaho,Bannock,BTPO,1,5,46315.44979,0,0,0,0,0,0,0,0,0,0,0,0,0,0,0,0,0,0,0,0,0,0,0,0,0,16,5,16005,109,27,15,8,1,1,1,1,0,0,0,0,0,0,0,0,0,0,0,0,0,0,0,0,0,0,0,0,0,0,0,0,1,3
1698,Idaho,Bannock,BTPO,1,5,177580.3869,0,0,0,0,0,0,0,0,0,0,0,0,0,0,0,0,0,0,0,6,0,0,0,0,6,16,5,16005,464,202,70,53,28,20,15,11,5,56,74,61,11,99,68,35,24,22,34,19,0,5,2,3,10,48,22,13,0,0,0,0,1,3
1699,Idaho,Bannock,BTPO,1,5,86063.14098,0,0,0,0,0,6,6,2,33,0,0,0,0,0,4,0,6,0,0,2,3,4,2,22,89,16,5,16005,242,54,29,4,9,4,6,1,1,32,32,24,0,31,19,38,2,0,19,5,5,5,4,10,0,0,19,9,10,0,0,0,1,3
1700,Idaho,Bannock,BTPO,1,5,458598.007,0,0,0,0,0,0,0,0,0,0,9,0,0,0,0,3,8,0,0,2,0,0,0,0,25,16,5,16005,483,131,12,49,13,25,10,13,9,47,62,53,8,29,20,121,0,6,0,10,13,4,6,2,2,6,17,28,17,22,37,0,1,3
1701,Idaho,Bannock,BTPO,1,5,203681.2025,0,0,0,0,0,3,0,0,0,0,0,2,0,0,0,0,0,0,0,0,0,0,9,0,6,16,5,16005,299,96,5,24,26,21,7,4,9,26,36,28,5,13,15,67,0,3,0,5,5,0,5,3,2,5,11,17,8,13,18,0,1,3
1702,Idaho,Bannock,BTPO,1,5,60782.09229,0,0,3,0,0,0,0,0,42,0,0,0,0,0,0,0,0,0,0,0,0,0,0,0,61,16,5,16005,45,47,12,12,11,7,2,2,1,5,7,6,1,9,7,3,2,2,3,2,0,1,0,0,1,5,2,1,0,0,0,0,1,3
1703,Idaho,Bannock,BTPO,1,5,93156.59028,0,0,0,0,0,0,0,0,0,0,0,0,0,0,0,2,0,0,0,2,0,2,0,0,6,16,5,16005,264,74,3,32,21,15,3,0,0,16,19,26,13,0,10,64,0,0,0,0,0,0,0,10,0,0,6,23,12,17,3,3,1,3
1704,Idaho,Bannock,BTPO,1,5,83875.87418,0,0,0,0,0,0,0,0,0,0,0,0,0,0,0,0,0,0,2,0,0,0,0,0,3,16,5,16005,203,68,6,21,16,12,2,5,6,13,19,26,10,4,10,54,0,0,4,0,0,0,0,10,0,0,7,22,11,14,0,0,1,3
1705,Idaho,Bannock,BTPO,1,5,126008.6025,0,0,0,0,0,2,0,0,0,0,0,0,0,0,0,0,0,0,0,8,0,0,9,0,18,16,5,16005,206,79,14,26,13,14,8,2,2,21,31,25,3,14,10,56,0,3,0,4,7,3,4,0,0,3,7,14,7,11,17,0,1,3
1706,Idaho,Bannock,BTPO,1,5,389054.7212,0,0,0,0,0,0,0,0,0,0,0,0,0,0,0,0,0,0,0,2,0,0,0,0,1,16,5,16005,1,21,3,10,2,3,2,0,1,6,8,7,1,4,3,15,0,1,0,1,2,0,1,1,0,1,2,3,3,2,5,0,1,3
1707,Idaho,Bannock,BTPO,1,5,112825.7894,0,0,0,0,0,0,0,0,0,0,0,0,0,0,0,0,0,0,0,0,0,0,0,0,0,16,5,16005,277,94,19,28,7,12,17,11,0,27,36,27,5,15,10,70,0,5,0,5,5,0,5,0,0,5,10,15,10,15,20,0,1,3
1708,Idaho,Bannock,BTPO,1,5,95271.06134,0,0,0,0,0,0,0,0,0,0,0,0,82,0,1,0,0,0,0,2,0,0,0,0,95,16,5,16005,53,17,4,12,0,0,1,0,0,3,5,7,2,1,2,14,0,0,1,0,0,0,0,2,0,0,1,6,2,4,0,1,1,3
1709,Idaho,Bannock,BTPO,1,5,104910.4635,0,0,0,0,0,12,0,0,0,0,0,0,48,0,0,0,2,0,0,0,0,0,0,0,67,16,5,16005,257,69,12,20,5,8,13,11,0,14,19,26,10,2,10,57,2,0,0,0,0,0,0,3,1,6,10,19,19,2,3,4,1,3
1710,Idaho,Bannock,BTPO,1,5,208043.4857,0,0,0,2,0,0,0,0,4,0,0,0,0,8,5,3,49,0,0,22,0,0,6,0,94,16,5,16005,424,112,13,43,7,18,14,12,5,24,31,42,16,2,16,95,0,0,2,0,0,0,0,16,0,0,11,35,18,24,5,2,1,3
1711,Idaho,Bannock,BTPO,1,5,70646.50935,0,0,0,0,0,0,0,0,0,0,0,0,0,0,0,0,0,0,0,0,0,0,0,0,0,16,5,16005,196,54,9,8,11,12,10,0,4,9,15,21,9,0,7,47,0,0,0,0,0,0,0,7,0,0,3,17,10,10,4,3,1,3
1712,Idaho,Bannock,BTPO,1,5,496791.2665,0,0,0,0,0,2,0,0,0,0,0,0,0,0,18,2,0,0,0,8,9,6,0,0,45,16,5,16005,397,175,60,53,27,22,9,3,1,50,71,47,6,23,41,110,6,0,6,8,3,13,0,0,0,28,27,19,27,10,13,14,1,3
1713,Idaho,Bannock,BTPO,1,5,1005982.557,0,0,0,0,0,0,0,0,0,0,0,0,0,0,0,0,0,0,0,0,0,0,0,0,0,16,5,16005,0,0,0,0,0,0,0,0,0,0,0,0,0,0,0,0,0,0,0,0,0,0,0,0,0,0,0,0,0,0,0,0,1,3
1714,Idaho,Bannock,BTPO,1,5,64880.75696,0,0,0,0,0,0,0,0,0,0,0,2,0,0,0,0,0,0,0,0,0,0,0,0,1,16,5,16005,104,36,5,17,4,3,5,1,1,10,14,11,1,5,9,22,0,0,1,3,1,2,0,0,0,7,6,4,5,1,2,4,1,3
1715,Idaho,Bannock,BTPO,1,5,278484.0576,0,0,0,0,0,0,0,0,0,0,0,0,0,0,62,0,0,0,0,4,6,21,0,0,95,16,5,16005,207,97,29,31,16,13,5,2,1,28,39,26,3,12,23,61,3,0,3,4,2,7,0,0,0,16,15,11,15,5,7,8,1,3
1716,Idaho,Bannock,BTPO,1,5,88040.69073,0,0,0,0,0,0,0,0,0,0,0,0,0,0,20,0,0,0,0,2,2,8,0,0,31,16,5,16005,66,30,9,10,5,4,2,0,0,8,13,7,2,4,7,19,1,0,1,2,0,2,0,0,0,5,4,3,5,2,3,2,1,3
1717,Idaho,Bannock,BTPO,1,5,63659.86229,0,0,0,0,0,0,0,0,21,0,0,0,0,0,0,0,0,0,0,3,0,0,0,0,247,16,5,16005,10,0,0,0,0,0,0,0,0,0,0,0,0,0,0,0,0,0,0,0,0,0,0,0,0,0,0,0,0,0,0,0,1,3
1718,Idaho,Bannock,BTPO,1,5,106610.3631,0,0,0,0,0,0,0,0,15,0,0,10,0,0,27,0,0,0,0,0,0,0,0,0,52,16,5,16005,181,73,19,27,18,5,2,1,1,18,27,22,7,0,30,44,0,0,0,0,0,0,5,0,5,20,19,18,7,0,0,0,1,3
1719,Idaho,Bannock,BTPO,1,5,16359.05021,0,0,0,0,0,0,0,0,6,0,0,0,0,0,0,0,0,0,0,2,0,0,0,0,24,16,5,16005,2,0,0,0,0,0,0,0,0,0,0,0,0,0,0,0,0,0,0,0,0,0,0,0,0,0,0,0,0,0,0,0,1,3
1720,Idaho,Bannock,BTPO,1,5,21520.64747,0,0,0,0,0,0,0,0,4,0,0,0,0,0,12,0,0,0,0,0,0,0,0,0,104,16,5,16005,30,13,4,6,2,1,0,0,0,3,5,6,0,0,6,8,0,0,0,0,0,0,3,0,0,3,2,6,0,0,0,0,1,3
1721,Idaho,Bannock,BTPO,1,5,17807.85782,0,0,0,0,0,0,0,0,0,0,0,9,0,0,0,0,0,0,0,0,0,0,0,0,66,16,5,16005,18,7,0,3,2,1,0,1,0,1,2,2,1,0,2,4,0,0,0,0,0,0,0,0,1,1,1,1,1,1,0,0,1,3
1722,Idaho,Bannock,BTPO,1,5,2895638.463,0,0,0,0,0,0,0,0,0,0,0,0,0,0,0,0,0,0,0,0,0,0,0,0,0,16,5,16005,1,0,0,0,0,0,0,0,0,0,1,0,0,0,0,1,0,0,0,0,0,0,0,0,0,0,0,1,0,0,0,0,1,3
1723,Idaho,Bannock,BTPO,1,5,60620.17298,0,0,0,0,0,0,0,0,0,0,0,9,0,0,0,0,0,0,0,14,0,0,0,0,22,16,5,16005,149,42,4,12,12,4,3,4,3,10,9,17,6,4,4,34,0,4,0,0,0,0,0,0,0,4,5,8,13,4,0,4,1,3
1724,Idaho,Bannock,BTPO,1,5,147820.5176,0,0,0,0,0,0,0,0,0,0,0,15,0,0,0,0,0,0,0,0,0,0,0,2,16,16,5,16005,371,101,18,32,6,18,14,6,7,19,28,38,16,22,14,65,0,14,0,0,8,0,0,3,0,11,7,15,25,4,3,11,1,3
1725,Idaho,Bannock,BTPO,1,5,15496.609,0,0,0,0,0,0,0,0,58,0,0,0,0,0,0,0,0,0,0,0,0,0,0,0,77,16,5,16005,17,5,0,1,1,1,1,1,0,1,3,1,0,0,2,3,0,0,0,0,0,0,0,0,0,2,2,1,0,0,0,0,1,3
1726,Idaho,Bannock,BTPO,1,5,121652.015,0,0,0,0,0,0,0,30,160,0,0,2,0,0,0,0,3,0,0,2,0,2,3,0,234,16,5,16005,93,39,21,9,5,4,0,0,0,12,16,10,2,15,15,10,3,7,4,0,1,4,6,0,2,3,4,3,2,1,0,0,1,3
1727,Idaho,Bannock,BTPO,1,5,143881.9123,0,0,0,0,0,0,0,99,321,0,0,18,0,0,0,0,148,0,0,16,0,93,10,0,861,16,5,16005,40,13,6,6,1,0,0,0,0,4,5,3,1,5,5,3,1,2,1,0,1,1,2,0,1,1,1,1,1,0,0,0,1,3
1728,Idaho,Bannock,BTPO,1,5,407117.4266,0,0,0,0,0,2,0,0,18,0,0,0,86,0,0,0,1,0,8,123,0,110,3,10,380,16,5,16005,479,173,39,57,32,22,8,9,6,33,51,64,24,31,23,118,0,21,0,0,10,0,0,4,0,19,14,26,45,9,8,16,1,3
1729,Idaho,Bannock,BTPO,1,5,103180.2015,0,0,0,0,0,6,0,12,100,8,0,0,4,0,5,0,8,0,3,3,0,122,34,0,314,16,5,16005,66,24,1,14,0,1,7,1,0,7,9,7,1,8,10,6,2,4,1,0,1,3,3,1,1,2,2,2,1,1,0,0,1,3
1730,Idaho,Bannock,BTPO,1,5,34698.7088,0,0,0,0,0,0,0,3,12,0,0,0,0,0,0,0,3,0,0,0,0,2,0,0,19,16,5,16005,120,37,16,4,2,11,4,0,0,10,15,10,2,14,16,7,5,7,2,0,0,4,5,0,2,5,2,3,2,0,0,0,1,3
1731,Idaho,Bannock,BTPO,1,5,70829.63774,0,0,0,0,0,9,0,36,0,0,3,0,0,0,0,0,0,0,8,2,0,0,2,0,170,16,5,16005,103,49,20,9,7,3,6,3,1,14,20,11,3,18,18,12,4,7,3,2,2,4,7,1,1,5,4,3,3,2,0,0,1,3
1732,Idaho,Bannock,BTPO,1,5,55461.42299,0,0,0,0,0,0,0,0,0,0,0,0,0,0,0,0,0,0,0,0,0,0,0,0,0,16,5,16005,95,41,1,26,7,5,2,0,0,11,15,11,4,11,19,11,0,0,4,0,7,4,4,3,4,4,4,0,3,0,4,0,1,3
1733,Idaho,Bannock,BTPO,1,5,54634.82467,0,0,0,0,0,6,0,28,0,0,3,0,0,0,0,0,0,0,9,2,0,0,2,0,49,16,5,16005,80,36,15,7,6,2,4,2,0,11,14,11,1,14,15,8,3,8,3,0,0,4,7,0,1,3,3,3,2,0,0,0,1,3
1734,Idaho,Bannock,BTPO,1,5,48533.13727,0,0,0,0,0,0,0,0,39,0,0,15,0,0,0,0,0,2,15,0,0,184,15,0,294,16,5,16005,9,1,1,0,0,0,0,0,0,0,1,0,0,0,1,0,0,0,0,0,0,0,1,0,0,0,0,0,0,0,0,0,1,3
1735,Idaho,Bannock,BTPO,1,5,9294.116772,0,0,0,0,0,2,0,4,0,0,0,0,0,0,0,0,0,0,22,0,0,0,0,0,86,16,5,16005,14,6,3,1,1,0,1,0,0,0,0,0,0,0,0,0,0,0,0,0,0,0,0,0,0,0,0,0,0,0,0,0,1,3
1736,Idaho,Bannock,BTPO,1,5,78346.6949,0,0,0,0,0,4,0,0,100,0,0,44,0,0,0,8,0,4,3,15,0,144,0,0,493,16,5,16005,117,57,15,18,5,7,8,3,1,13,22,18,4,16,21,20,2,0,2,1,11,4,11,4,0,2,4,12,4,0,0,0,1,3
1737,Idaho,Bannock,BTPO,1,5,80280.0604,0,0,0,0,0,0,0,0,8,0,0,0,0,0,0,0,0,0,0,12,0,99,3,0,201,16,5,16005,45,6,0,0,0,5,1,0,0,2,2,2,0,2,2,2,1,0,0,1,0,1,0,1,0,0,1,1,0,0,0,0,1,3
1738,Idaho,Bannock,BTPO,1,5,39023.9761,0,0,0,0,0,0,0,0,0,0,0,0,216,0,9,0,0,0,0,0,2,3,0,0,228,16,5,16005,29,13,4,4,2,2,1,0,0,4,5,4,0,1,4,8,0,0,0,1,0,2,0,0,0,2,2,1,2,1,1,1,1,3
1739,Idaho,Bannock,BTPO,1,5,41931.75044,0,0,0,0,0,0,0,0,0,0,0,8,228,0,0,0,0,0,0,0,0,0,0,0,234,16,5,16005,72,24,3,8,1,4,2,2,4,6,6,9,3,3,4,17,0,3,0,0,0,0,0,0,0,4,3,4,7,0,0,3,1,3
1740,Idaho,Bannock,BTPO,1,5,45088.56874,0,0,0,0,0,0,0,0,20,4,0,3,0,0,0,0,0,0,0,66,0,0,14,0,98,16,5,16005,41,13,3,5,3,2,0,0,0,5,4,4,0,5,3,5,1,0,2,1,1,0,1,2,0,0,2,2,1,0,0,0,1,3
1741,Idaho,Bannock,BTPO,1,5,159637.6033,0,0,0,0,0,0,0,0,0,0,0,0,0,0,0,0,0,0,0,0,0,0,0,0,0,16,5,16005,15,7,2,1,3,1,0,0,0,0,0,0,0,0,0,0,0,0,0,0,0,0,0,0,0,0,0,0,0,0,0,0,1,3
1742,Idaho,Bannock,BTPO,1,5,69021.2837,0,0,0,0,0,0,0,0,18,0,0,2,62,0,33,0,0,0,0,0,0,0,0,0,113,16,5,16005,110,49,16,20,8,4,0,1,0,12,18,16,5,0,19,32,0,0,0,0,0,0,3,0,5,11,13,14,5,0,0,0,1,3
1743,Idaho,Bannock,BTPO,1,5,51339.76394,0,0,0,0,0,0,0,0,0,0,0,0,45,0,0,0,0,0,0,0,0,0,0,0,45,16,5,16005,165,48,9,14,9,6,7,3,0,12,18,15,3,0,19,29,0,0,0,0,0,0,3,0,3,13,13,10,6,0,0,0,1,3
1744,Idaho,Bannock,BTPO,1,5,105731.8055,0,0,0,0,0,0,0,0,0,0,0,0,0,0,0,0,0,0,0,20,0,0,0,0,19,16,5,16005,212,80,24,24,7,4,14,6,1,18,32,24,5,0,31,48,0,0,0,0,0,0,5,0,7,19,19,19,8,2,0,0,1,3
1745,Idaho,Bannock,BTPO,1,5,48485.81781,0,0,0,0,0,0,0,0,26,0,15,15,0,0,0,0,4,0,0,48,0,169,12,24,419,16,5,16005,30,7,2,3,2,0,0,0,0,2,2,2,1,0,2,5,0,0,0,0,0,0,0,0,1,1,2,2,1,0,0,0,1,3
1746,Idaho,Bannock,BTPO,1,5,191652.3805,0,0,0,0,0,0,0,0,0,0,0,0,0,0,0,0,0,0,0,0,0,0,0,0,4,16,5,16005,27,9,5,3,0,1,0,0,0,0,0,0,0,0,0,0,0,0,0,0,0,0,0,0,0,0,0,0,0,0,0,0,1,3
1747,Idaho,Bannock,BTPO,1,5,46899.44431,0,0,0,0,0,0,0,0,0,0,0,0,0,0,0,0,0,0,0,0,0,0,0,0,0,16,5,16005,31,8,2,2,0,2,1,0,1,0,0,0,0,0,0,0,0,0,0,0,0,0,0,0,0,0,0,0,0,0,0,0,1,3
1748,Idaho,Bannock,BTPO,1,5,43262.93253,0,0,0,0,0,0,0,0,0,0,0,0,0,0,3,0,0,0,0,0,0,2,0,0,4,16,5,16005,76,35,3,17,7,8,0,0,0,9,14,9,2,5,8,21,2,0,2,1,0,2,0,0,0,6,5,3,6,2,1,4,1,3
1749,Idaho,Bannock,BTPO,1,5,116052.7566,0,0,0,0,0,15,14,3,4,0,0,0,16,0,24,0,32,0,4,3,8,20,3,51,265,16,5,16005,19,28,7,3,7,6,2,2,1,3,2,2,0,3,1,3,0,0,2,0,1,0,0,1,0,0,2,0,1,0,0,0,1,3
1750,Idaho,Bannock,BTPO,1,5,47661.16884,0,0,0,0,0,0,0,0,28,0,0,16,0,0,0,12,0,0,10,39,0,254,3,0,419,16,5,16005,19,1,1,0,0,0,0,0,0,1,0,1,0,1,1,0,0,0,1,0,0,0,0,0,0,1,0,0,0,0,0,0,1,3
1751,Idaho,Bannock,BTPO,1,5,178992.5272,0,0,6,0,0,0,9,0,0,0,12,0,0,0,0,0,9,0,0,10,0,0,2,0,69,16,5,16005,305,121,25,38,32,11,9,5,1,48,50,18,4,24,31,65,14,4,0,2,4,7,0,4,8,12,26,4,17,6,6,6,1,3
1752,Idaho,Bannock,BTPO,1,5,16822.29593,0,0,0,0,0,14,0,0,0,0,0,0,0,0,0,0,0,0,0,0,0,0,0,0,24,16,5,16005,47,17,0,12,2,1,1,1,0,4,7,5,1,1,8,8,0,0,0,0,1,0,3,0,3,2,3,2,3,0,0,0,1,3
1753,Idaho,Bannock,BTPO,1,5,25788.47116,0,0,0,0,0,0,0,0,0,0,0,0,0,0,0,0,2,0,2,0,0,0,0,0,79,16,5,16005,20,8,2,4,1,1,0,0,0,0,0,0,0,0,0,0,0,0,0,0,0,0,0,0,0,0,0,0,0,0,0,0,1,3
1754,Idaho,Bannock,BTPO,1,5,73436.4694,0,0,0,0,0,0,0,0,0,0,0,0,0,0,0,0,0,0,0,0,0,0,0,0,0,16,5,16005,207,65,26,20,3,12,2,2,0,15,27,19,4,11,24,30,5,2,0,1,3,3,5,5,3,8,7,9,7,6,1,0,1,3
1755,Idaho,Bannock,BTPO,1,5,43570.59384,0,0,0,0,0,0,0,0,18,0,0,0,0,0,0,14,0,0,0,0,0,0,0,9,80,16,5,16005,44,26,0,4,8,9,0,3,2,7,10,6,2,8,10,7,2,3,2,0,1,2,4,1,1,2,2,2,2,1,0,0,1,3
1756,Idaho,Bannock,BTPO,1,5,56743.04349,0,0,0,0,0,0,0,0,0,30,0,15,0,0,0,0,0,0,0,4,0,0,0,0,49,16,5,16005,90,35,6,5,11,2,6,1,4,8,16,8,3,3,17,15,0,0,0,0,3,0,6,0,6,5,3,0,6,3,3,0,1,3
1757,Idaho,Bannock,BTPO,1,5,11729.00878,0,0,0,0,0,0,0,0,9,0,0,3,0,0,0,0,0,0,11,0,0,166,3,0,244,16,5,16005,2,0,0,0,0,0,0,0,0,0,0,0,0,0,0,0,0,0,0,0,0,0,0,0,0,0,0,0,0,0,0,0,1,3
1758,Idaho,Bannock,BTPO,1,5,24551.76913,0,0,0,0,0,0,0,0,0,0,0,0,0,0,0,0,0,0,0,0,0,0,0,0,0,16,5,16005,57,18,11,4,2,0,0,0,1,8,7,4,0,11,6,2,3,3,4,0,1,1,0,4,0,1,2,0,0,0,0,0,1,3
1759,Idaho,Bannock,BTPO,1,5,19042.59917,0,0,0,0,0,0,0,0,0,0,15,9,0,0,0,0,0,0,0,0,0,0,0,0,24,16,5,16005,84,53,16,21,6,5,4,1,0,16,22,16,0,24,18,12,6,12,6,0,0,6,6,0,0,6,6,6,0,0,0,0,1,3
1760,Idaho,Bannock,BTPO,1,5,11903.6326,0,0,0,0,0,3,0,0,12,0,0,0,0,0,0,0,0,0,0,92,0,177,15,2,298,16,5,16005,0,0,0,0,0,0,0,0,0,0,0,0,0,0,0,0,0,0,0,0,0,0,0,0,0,0,0,0,0,0,0,0,1,3
1761,Idaho,Adams,Adams,0,3,19860764.55,0,0,16,0,0,18,26,0,102,9,6,12,0,0,94,0,14,0,10,104,0,16,6,123,553,16,3,16003,1246,542,170,230,61,32,21,16,12,302,176,54,11,276,141,126,90,57,8,46,75,1,55,28,27,30,42,46,32,6,0,0,1,2
1762,Idaho,Adams,Adams,0,3,2323737933,0,0,22,0,0,22,0,3,3,6,12,0,51,0,0,6,9,0,4,0,8,10,2,0,158,16,3,16003,1484,651,158,355,41,44,29,14,10,254,242,129,25,97,280,273,11,25,16,42,3,41,60,41,37,101,67,66,31,11,11,87,1,2
1763,Idaho,Adams,Adams,0,3,25879192.23,0,0,45,0,14,34,8,2,84,8,10,4,0,0,60,0,0,0,12,0,0,56,8,16,358,16,3,16003,795,352,103,143,45,30,18,7,6,96,145,80,32,96,129,128,16,16,16,32,16,32,16,16,33,32,16,64,0,0,0,48,1,2
1764,Idaho,Adams,Adams,0,3,1177692096,0,0,2,0,0,9,153,0,0,2,2,0,27,0,0,0,0,0,4,0,314,10,0,111,629,16,3,16003,854,382,100,177,38,28,25,7,7,166,137,64,14,104,94,183,39,20,9,11,25,9,9,4,27,45,26,98,15,16,4,24,1,2
1765,Idaho,Bannock,Bannock,0,5,580162067.5,0,0,0,0,0,87,12,9,15,3,0,8,0,0,0,0,8,0,0,30,74,16,4,2,265,16,5,16005,2798,953,161,373,125,140,79,40,35,317,331,241,63,171,183,598,40,24,15,57,35,30,42,29,24,58,105,152,87,81,110,63,1,3
1766,Idaho,Bannock,Bannock,0,5,602203442.6,0,0,38,0,0,54,2,0,16,15,2,0,28,0,0,2,15,0,0,6,0,4,2,15,197,16,5,16005,1346,446,53,194,45,53,61,28,12,161,147,108,31,68,155,224,3,16,6,15,28,25,22,57,9,42,49,87,40,20,19,9,1,3
1767,Idaho,Bannock,Bannock,0,5,475821608.8,0,0,3,0,16,58,4,0,96,51,0,3,104,0,328,9,0,0,12,39,0,236,21,126,1100,16,5,16005,2534,992,233,416,105,96,58,41,43,328,318,259,87,187,268,537,55,18,33,30,51,19,67,21,92,69,51,164,117,32,82,91,1,3
1768,Idaho,Bannock,Bannock,0,5,843962594.1,0,0,21,0,0,51,16,15,50,3,32,9,40,0,2,0,0,0,10,27,24,10,0,0,308,16,5,16005,1224,472,119,158,69,56,22,31,17,156,152,122,42,134,143,195,16,28,23,50,17,12,59,13,29,30,43,56,56,22,18,0,1,3
1769,Idaho,Bannock,Bannock,0,5,147062014.2,0,0,0,0,0,6,0,0,0,0,0,0,14,0,0,0,0,0,0,0,0,0,0,0,19,16,5,16005,269,69,13,26,7,12,7,1,3,32,20,16,1,22,26,21,5,9,3,2,3,6,8,4,2,6,6,5,4,3,3,0,1,3
1770,Idaho,Bear Lake,Bear Lake,0,5,401089823.1,0,0,0,0,8,14,45,38,290,6,24,50,0,0,220,3,26,0,9,476,4,152,10,64,1428,16,7,16007,2639,1014,314,332,129,105,67,46,21,315,327,336,35,258,319,436,73,23,114,13,35,127,57,36,9,90,142,143,55,47,12,37,1,4
1771,Idaho,Bear Lake,Bear Lake,0,5,269335306.1,0,0,0,0,0,0,34,0,0,0,0,0,122,0,0,0,0,0,0,2,0,0,10,0,167,16,7,16007,210,79,26,25,6,6,9,2,5,25,25,27,3,17,29,34,4,4,2,1,6,0,4,17,1,7,9,12,6,5,1,1,1,4
1772,Idaho,Bear Lake,Bear Lake,0,5,961925099.5,0,0,0,2,6,10,0,0,18,0,0,0,0,0,75,2,2,0,0,0,0,16,6,3,139,16,7,16007,696,271,62,146,14,25,8,10,6,97,80,82,12,55,72,144,9,5,9,16,16,2,4,33,7,26,36,42,20,25,8,13,1,4
1773,Idaho,Bear Lake,Bear Lake,0,5,655161758,0,0,6,0,0,8,15,0,8,2,0,0,0,0,33,0,15,0,15,15,9,20,14,3,159,16,7,16007,1111,424,82,155,59,65,19,26,18,151,126,129,19,123,114,188,24,45,17,21,16,9,20,30,30,25,32,83,31,18,14,10,1,4
1774,Idaho,Bear Lake,Bear Lake,0,5,47318979,0,0,0,0,0,0,0,0,0,2,0,0,0,0,0,0,0,0,0,0,0,0,0,14,15,16,7,16007,555,199,31,72,28,26,16,11,15,78,57,57,7,48,34,117,7,20,7,14,0,7,7,7,6,7,14,48,21,13,14,7,1,4
1775,Idaho,Bear Lake,Bear Lake,0,5,3980128.407,0,0,0,0,0,0,0,0,0,0,0,0,10,0,0,0,0,0,0,6,0,14,0,87,116,16,7,16007,286,95,18,30,10,4,13,11,9,0,0,0,0,0,0,0,0,0,0,0,0,0,0,0,0,0,0,0,0,0,0,0,1,4
1776,Idaho,Bear Lake,Bear Lake,0,5,2335604.049,0,0,0,0,0,15,6,6,0,0,0,0,0,0,0,0,0,0,0,3,0,0,0,12,42,16,7,16007,196,74,8,30,8,11,4,6,7,0,0,0,0,0,0,0,0,0,0,0,0,0,0,0,0,0,0,0,0,0,0,0,1,4
1777,Idaho,Benewah,Benewah,0,1,319270113.8,0,0,16,0,0,12,0,0,106,0,24,6,0,0,154,0,0,0,2,254,0,40,28,488,1124,16,9,16009,1229,477,154,149,65,47,31,16,15,163,170,122,22,128,182,167,26,23,26,24,29,31,30,24,42,55,35,56,7,24,32,13,1,5
1778,Idaho,Benewah,Benewah,0,1,2132832.821,0,0,0,0,0,9,108,0,6,0,0,0,0,0,0,24,0,0,0,0,0,30,0,8,183,16,9,16009,611,193,28,71,35,25,17,13,4,0,0,0,0,0,0,0,0,0,0,0,0,0,0,0,0,0,0,0,0,0,0,0,1,5
1779,Idaho,Benewah,Benewah,0,1,921441033.6,0,0,76,0,0,27,62,3,6,14,10,3,0,0,0,0,2,2,18,206,0,15,14,0,453,16,9,16009,3299,1376,318,565,196,140,93,43,21,515,486,318,58,321,422,634,96,52,38,78,57,72,86,67,93,104,180,207,91,47,59,50,1,5
1780,Idaho,Benewah,Benewah,0,1,2344846.268,0,0,38,0,9,36,562,28,333,322,26,45,0,0,112,16,34,44,15,358,0,178,69,304,2515,16,9,16009,1689,742,229,241,114,84,46,18,10,308,257,146,30,289,257,195,29,46,98,85,31,52,27,55,39,84,60,109,24,0,0,2,1,5
1781,Idaho,Benewah,Benewah,0,1,785620543.4,0,0,126,12,27,46,166,0,52,27,0,2,76,0,82,0,6,0,8,3,0,12,28,10,681,16,9,16009,2702,1087,272,536,86,103,41,25,24,442,378,222,45,345,440,302,50,14,6,30,245,34,49,74,95,188,65,89,24,42,34,48,1,5
1782,Idaho,Bingham,Bingham,0,5,7469393.793,0,0,28,0,6,60,38,24,260,2,0,196,62,0,200,15,74,0,10,330,60,222,76,0,1651,16,11,16011,3323,1274,387,364,201,137,110,39,36,338,539,322,75,545,347,382,130,62,205,69,79,87,108,88,9,55,167,141,54,17,0,3,1,6
1783,Idaho,Bingham,Bingham,0,5,3464052.48,0,0,26,0,0,82,380,22,260,10,26,18,48,0,412,8,21,0,2,93,6,120,52,108,1682,16,11,16011,3829,1271,272,342,179,180,150,91,57,302,457,415,94,219,415,634,0,79,56,28,56,79,117,33,28,158,112,149,280,4,56,33,1,6
1784,Idaho,Bingham,Bingham,0,5,1634359923,0,0,471,0,0,18,6,338,0,24,0,0,147,0,3,0,8,6,4,0,0,0,8,0,1025,16,11,16011,2494,819,159,279,111,96,81,55,38,213,306,224,76,212,238,369,22,58,73,27,32,91,13,36,19,79,103,113,86,34,29,4,1,6
1785,Idaho,Bingham,Bingham,0,5,10604816.47,0,0,320,0,38,3,20,70,86,45,14,14,0,0,224,0,0,0,0,45,0,0,22,63,955,16,11,16011,1870,628,144,178,100,91,58,39,18,172,237,166,53,143,314,171,0,9,43,78,13,45,71,6,125,67,47,30,56,17,21,0,1,6
1786,Idaho,Bingham,Bingham,0,5,5189716.213,0,0,10,0,0,102,9,64,18,70,2,0,123,0,504,2,62,3,57,102,3,138,122,0,1381,16,11,16011,4966,1798,495,545,239,258,121,78,62,548,491,698,62,500,545,754,121,117,96,56,110,220,185,28,55,57,257,216,92,89,77,23,1,6
1787,Idaho,Bingham,Bingham,0,5,3930262.528,0,0,34,0,0,238,92,21,784,4,36,158,296,0,96,48,84,0,99,1792,44,484,94,612,4984,16,11,16011,3047,1059,292,348,151,121,70,54,23,249,456,304,49,256,356,446,6,46,105,41,58,47,59,161,0,89,86,160,93,79,22,6,1,6
1788,Idaho,Bingham,Bingham,0,5,81882693.05,0,0,9,0,0,64,0,0,14,24,0,0,0,0,154,3,2,0,0,20,0,12,2,0,301,16,11,16011,2444,790,137,276,134,110,62,57,14,241,211,309,28,116,242,431,0,50,46,8,12,43,17,39,9,134,74,179,133,3,35,7,1,6
1789,Idaho,Bingham,Bingham,0,5,737337451,0,0,0,0,0,0,0,0,0,0,0,0,114,0,0,0,0,0,0,0,504,0,0,0,614,16,11,16011,684,208,43,47,33,46,20,15,4,74,85,44,5,57,60,91,42,4,8,0,3,0,21,2,18,19,16,53,10,6,6,0,1,6
1790,Idaho,Bingham,Bingham,0,5,457118252.5,0,0,100,0,0,44,591,45,242,42,0,0,0,0,30,39,8,0,3,0,0,0,6,1142,2275,16,11,16011,3771,1179,232,347,195,139,111,76,79,336,464,304,75,412,344,423,118,55,92,86,61,38,59,43,99,105,130,149,48,66,11,19,1,6
1791,Idaho,Bingham,Bingham,0,5,79497662.7,0,0,122,0,0,52,15,2,24,12,0,18,0,0,166,9,9,0,32,3,0,27,9,0,496,16,11,16011,3509,1107,172,401,147,146,94,95,52,188,350,427,142,134,279,694,3,11,11,43,66,53,85,18,69,54,139,179,181,114,29,52,1,6
1792,Idaho,Bingham,Bingham,0,5,31681377.74,0,0,182,0,0,267,1678,495,86,118,4,3,63,0,165,0,10,0,51,33,14,0,44,0,3192,16,11,16011,2703,820,130,265,116,108,87,66,48,221,261,250,88,134,252,434,66,7,29,17,15,13,32,49,18,140,115,114,86,18,57,44,1,6
1793,Idaho,Bingham,Bingham,0,5,60357549.94,0,0,68,0,0,207,0,9,54,160,0,0,254,0,51,0,28,0,24,30,0,0,42,0,921,16,11,16011,3388,1132,210,388,163,151,90,71,59,379,368,286,99,159,381,592,2,23,84,35,15,11,22,94,27,227,91,204,169,49,51,28,1,6
1794,Idaho,Blaine,Blaine,0,4,2348181928,0,0,3,0,2,70,0,10,0,0,2,0,27,0,40,6,0,0,0,0,0,0,4,34,198,16,13,16013,430,132,23,40,20,23,9,13,4,28,65,32,7,25,56,51,11,1,9,4,0,2,38,9,3,4,23,13,6,2,3,4,1,7
1795,Idaho,Blaine,Blaine,0,4,914987.6492,0,0,0,0,0,58,0,0,24,0,3,0,56,0,56,6,33,0,10,10,0,46,4,54,359,16,13,16013,1546,545,131,168,89,77,51,17,12,103,168,239,35,70,197,278,8,26,27,0,9,14,0,79,55,49,153,38,55,20,6,6,1,7
1796,Idaho,Blaine,Blaine,0,4,2041178.457,0,0,0,0,0,254,4,9,24,4,0,3,32,0,32,51,315,0,84,9,33,0,45,63,955,16,13,16013,4368,1549,358,470,265,265,103,58,30,357,553,590,49,357,574,618,12,0,28,317,0,95,0,18,431,30,265,79,170,0,18,86,1,7
1797,Idaho,Blaine,Blaine,0,4,6378711.582,0,0,8,0,8,400,238,39,214,118,6,20,0,0,186,22,68,0,130,130,0,96,90,46,1809,16,13,16013,1470,580,138,207,87,87,35,16,10,135,225,148,72,122,29,429,8,0,89,4,21,0,4,0,0,25,147,89,67,21,80,25,1,7
1798,Idaho,Blaine,Blaine,0,4,4017230.744,0,0,0,4,10,368,0,20,276,18,4,50,0,0,414,94,84,0,39,102,24,368,34,291,2186,16,13,16013,2630,986,249,367,153,150,43,16,8,229,359,344,55,384,115,488,88,33,167,53,43,3,0,25,46,41,109,95,118,69,66,31,1,7
1799,Idaho,Blaine,Blaine,0,4,5562463.149,0,0,18,0,0,42,4,0,152,0,82,40,344,0,0,15,45,0,15,52,20,122,30,96,1070,16,13,16013,1050,531,203,198,55,35,29,7,4,122,190,202,17,333,17,181,92,35,126,44,36,0,0,11,6,0,23,24,45,66,12,11,1,7
1800,Idaho,Blaine,Blaine,0,4,1036657186,0,0,0,0,0,66,0,2,4,10,6,3,0,0,0,3,6,4,9,0,0,10,24,0,148,16,13,16013,923,426,118,199,52,33,11,8,5,115,165,143,3,73,69,284,33,27,1,0,12,2,0,26,29,12,63,118,25,21,18,39,1,7
1801,Idaho,Blaine,Blaine,0,4,260514655.9,0,0,0,0,0,46,2,20,3,2,0,0,0,0,2,9,98,0,4,2,4,44,22,0,255,16,13,16013,1536,636,163,266,65,83,33,20,6,211,253,142,32,108,191,339,25,0,56,16,11,67,11,46,28,39,75,56,66,41,10,91,1,7
1802,Idaho,Blaine,Blaine,0,4,8094404.34,0,0,0,0,12,4,0,0,39,0,0,3,0,0,0,18,26,4,45,12,0,10,28,0,201,16,13,16013,695,343,110,156,35,28,11,3,0,58,156,75,53,54,91,197,15,0,33,6,0,10,12,32,10,27,53,81,34,16,5,8,1,7
1803,Idaho,Blaine,Blaine,0,4,3253336.848,0,0,9,0,0,308,18,36,186,58,88,105,0,0,224,162,136,45,135,174,52,512,74,76,2383,16,13,16013,2093,1120,474,451,106,65,10,8,6,232,548,289,51,184,330,606,87,28,0,0,69,47,156,34,0,93,34,289,148,81,53,1,1,7
1804,Idaho,Blaine,Blaine,0,4,14528780.6,0,0,0,0,0,76,0,0,15,0,0,9,99,0,165,45,33,0,21,0,0,20,69,0,548,16,13,16013,993,533,196,253,40,28,7,9,0,89,246,116,82,64,131,338,23,0,38,0,3,6,32,54,14,25,79,148,82,11,0,18,1,7
1805,Idaho,Blaine,Blaine,0,4,830316382,0,0,21,0,2,0,16,8,28,2,0,3,0,0,0,0,3,0,0,0,0,0,8,0,89,16,13,16013,318,127,43,35,16,13,15,5,0,29,60,31,7,25,54,48,10,1,7,5,2,2,30,8,6,8,21,10,7,3,2,5,1,7
1806,Idaho,Blaine,Blaine,0,4,433449036.3,0,0,0,0,0,117,74,10,654,3,51,120,0,0,2,27,88,15,63,20,340,1334,69,219,3184,16,13,16013,785,407,164,162,41,25,10,5,0,78,198,101,30,23,91,293,3,0,5,4,11,6,22,17,2,44,13,94,77,34,9,66,1,7
1807,Idaho,Blaine,Blaine,0,4,2755565.22,0,0,0,0,0,322,98,82,182,0,3,4,0,0,16,90,92,0,76,72,40,70,104,0,1244,16,13,16013,961,512,240,156,51,51,10,3,1,136,198,170,7,82,75,354,41,14,0,0,27,0,0,47,0,28,75,163,34,21,41,20,1,7
1808,Idaho,Blaine,Blaine,0,4,353510790.1,0,0,64,0,0,26,39,0,15,0,0,0,0,0,0,0,0,0,20,10,0,0,12,0,185,16,13,16013,447,157,28,58,26,21,11,8,5,32,78,39,8,42,52,63,9,7,20,1,5,8,0,18,0,26,11,6,31,6,9,0,1,7
1809,Idaho,Blaine,Blaine,0,4,109953817.6,0,0,0,0,6,14,0,0,0,0,0,0,0,0,0,0,0,0,0,0,0,0,0,0,19,16,13,16013,135,90,35,31,12,9,1,2,0,19,41,24,6,23,21,46,6,3,8,4,2,3,1,6,0,11,9,10,17,4,5,1,1,7
1810,Idaho,Blaine,Blaine,0,4,123327589.8,0,0,38,0,0,38,0,2,28,0,0,0,0,0,0,3,0,0,60,0,0,0,0,0,167,16,13,16013,564,228,43,99,36,35,7,6,2,53,88,59,28,37,104,87,1,1,10,9,16,8,3,2,61,30,48,7,18,2,1,11,1,7
1811,Idaho,Blaine,Blaine,0,4,55048792.74,0,0,6,0,0,122,8,0,45,0,0,0,0,0,0,0,8,0,3,21,0,0,27,0,237,16,13,16013,429,162,28,82,26,15,9,0,2,38,63,42,19,27,76,59,0,0,7,8,12,5,3,0,46,22,34,3,12,3,0,7,1,7
1812,Idaho,Blaine,Blaine,0,4,482108882.6,0,0,2,34,0,183,108,0,147,0,0,2,0,0,0,0,9,0,106,32,0,52,64,0,735,16,13,16013,797,331,98,127,31,40,18,13,4,77,126,88,40,70,29,232,36,0,1,27,6,0,20,1,5,3,61,84,37,20,18,12,1,7
1813,Idaho,Blaine,Blaine,0,4,684323857.9,0,0,9,0,0,54,12,6,3,4,0,0,0,0,202,0,44,0,9,123,0,0,9,0,472,16,13,16013,703,241,29,94,41,36,26,7,8,48,75,103,14,22,66,152,0,6,5,11,0,6,6,15,22,17,24,19,29,17,37,26,1,7
1814,Idaho,Blaine,Blaine,0,4,121156415,0,0,0,0,0,39,0,0,0,54,3,3,82,0,0,12,18,4,21,0,90,0,21,0,346,16,13,16013,1399,589,115,277,94,74,22,5,2,132,205,230,22,61,204,324,1,1,8,51,0,15,1,28,113,47,55,63,93,13,58,42,1,7
1815,Idaho,Boise,Boise,0,3,13257316.4,0,0,10,0,0,9,9,4,0,0,9,0,0,0,0,0,0,0,0,0,0,75,0,255,370,16,15,16015,695,314,97,121,45,13,18,13,7,126,125,63,0,78,197,39,39,0,39,0,0,79,0,39,40,39,0,0,39,0,0,0,1,8
1816,Idaho,Bonner,Bonner,0,1,1576128338,0,0,39,0,30,140,108,2,366,44,9,8,56,0,93,20,58,0,32,50,15,312,28,52,1450,16,17,16017,4209,1833,491,860,200,152,64,43,23,892,506,404,30,531,571,730,90,88,194,64,95,195,108,100,87,81,213,167,116,56,106,72,1,9
1817,Idaho,Bonner,Bonner,0,1,4583640.471,0,0,32,0,4,34,387,57,842,14,9,39,66,0,2,38,166,0,10,214,2,207,88,56,2252,16,17,16017,1369,619,212,234,69,53,29,18,4,163,242,179,35,138,253,228,32,8,40,45,13,16,37,59,93,48,63,77,43,40,2,3,1,9
1818,Idaho,Bonner,Bonner,0,1,2856324.643,0,0,3,0,0,15,18,0,27,12,218,22,0,0,117,3,8,0,0,45,0,66,33,8,590,16,17,16017,1217,508,126,202,60,64,31,13,12,271,165,61,12,179,150,180,12,19,17,19,112,6,3,38,57,46,83,28,36,12,0,21,1,9
1819,Idaho,Bonner,Bonner,0,1,21944566.66,0,0,22,0,8,48,0,58,12,0,0,2,46,0,38,0,18,0,10,0,0,88,9,0,358,16,17,16017,1237,514,164,206,57,45,17,14,11,296,139,51,28,240,173,101,66,13,42,93,26,42,14,30,36,51,48,44,9,0,0,0,1,9
1820,Idaho,Bonner,Bonner,0,1,75069978.17,0,0,18,0,0,12,0,8,21,36,0,0,0,0,0,70,10,0,4,8,6,0,3,0,195,16,17,16017,1712,705,152,334,90,65,35,21,8,398,194,72,41,264,228,213,49,34,87,46,48,22,100,95,8,3,76,56,16,0,35,30,1,9
1821,Idaho,Bonner,Bonner,0,1,269555747.1,0,0,4,8,0,68,200,6,26,0,0,0,0,0,0,4,10,0,2,21,0,3,0,0,349,16,17,16017,2965,1125,233,473,182,97,76,36,28,615,317,127,65,332,427,365,60,98,40,105,29,76,61,116,52,122,97,160,88,5,9,6,1,9
1822,Idaho,Bonner,Bonner,0,1,369763730.1,0,0,4,0,12,108,21,15,36,28,8,44,0,0,8,24,147,3,39,168,22,291,54,30,1055,16,17,16017,6426,2712,701,1263,285,267,105,53,38,948,792,799,174,501,866,1346,144,43,99,152,63,206,93,218,56,293,350,353,193,135,169,146,1,9
1823,Idaho,Bonner,Bonner,0,1,2199104.629,0,0,21,0,0,33,0,0,32,2,0,0,52,0,0,0,0,0,3,0,0,22,24,21,209,16,17,16017,697,291,77,102,42,34,25,9,2,95,91,87,18,32,144,115,0,0,14,14,4,23,5,79,4,33,36,47,14,4,0,14,1,9
1824,Idaho,Bonner,Bonner,0,1,1123105242,0,0,21,60,116,252,358,26,154,20,14,24,0,0,78,34,20,0,66,116,3,51,20,0,1422,16,17,16017,6745,2889,606,1410,372,300,104,52,45,1086,882,710,211,667,639,1583,190,169,156,101,51,75,72,121,122,249,251,399,435,156,129,213,1,9
1825,Idaho,Bonner,Bonner,0,1,949632329.3,0,0,34,94,28,158,160,63,36,10,0,22,0,0,69,18,82,0,60,42,8,70,94,12,1056,16,17,16017,5429,2157,486,1002,247,211,127,41,43,916,646,558,35,503,504,1148,126,70,35,210,62,60,52,87,180,125,449,281,214,72,101,31,1,9
1826,Idaho,Boundary,Boundary,0,1,1729913846,0,0,141,0,0,48,62,8,8,0,0,0,0,0,4,2,4,0,0,78,0,2,0,16,370,16,21,16021,974,379,87,165,59,34,15,10,9,159,130,88,1,210,82,86,193,0,16,0,1,12,2,45,0,23,22,32,31,0,0,1,1,11
1827,Idaho,Boundary,Boundary,0,1,732219045.3,0,0,24,4,0,106,45,10,39,4,18,0,0,0,27,14,38,0,3,10,0,10,2,165,517,16,21,16021,2425,905,202,373,98,109,55,44,24,347,315,198,45,195,235,475,8,56,47,46,38,73,32,43,9,78,156,143,75,52,15,34,1,11
1828,Idaho,Boundary,Boundary,0,1,12466863.47,0,0,4,0,0,4,15,2,74,0,2,3,0,0,2,14,15,0,96,64,0,268,9,2,569,16,21,16021,914,397,128,145,51,32,25,12,4,166,135,92,2,132,129,134,38,27,25,17,25,6,25,59,18,21,13,98,21,0,2,0,1,11
1829,Idaho,Boundary,Boundary,0,1,490783671.6,0,0,152,0,2,18,10,10,0,0,2,0,0,0,34,0,2,0,18,36,0,10,0,10,302,16,21,16021,1557,586,154,244,69,33,44,24,18,247,202,136,1,143,263,180,36,16,22,14,55,55,41,45,85,37,15,90,16,0,17,42,1,11
1830,Idaho,Butte,Butte,0,6,2484218264,0,0,27,0,0,0,0,0,2,2,0,0,0,0,0,0,10,0,0,4,0,0,0,0,45,16,23,16023,513,218,41,97,17,26,20,11,6,88,80,47,4,101,38,80,21,23,24,19,14,5,5,7,5,16,18,24,8,7,18,5,1,12
1831,Idaho,Butte,Butte,0,6,677941401.6,0,0,6,0,0,0,0,0,8,0,0,0,0,0,0,3,0,0,0,4,0,0,3,2,25,16,23,16023,914,333,78,121,35,41,33,16,9,132,121,71,8,144,79,109,15,22,5,41,61,12,18,5,11,33,16,17,22,24,14,16,1,12
1832,Idaho,Butte,Butte,0,6,1577215340,0,0,0,0,0,0,0,0,6,0,0,0,0,0,0,0,0,0,0,0,22,0,0,0,28,16,23,16023,164,85,24,31,14,3,8,2,3,35,31,18,1,37,15,33,9,10,2,2,14,2,3,3,0,7,8,12,5,5,1,2,1,12
1833,Idaho,Butte,Butte,0,6,6945872.916,0,0,9,0,0,6,0,12,116,0,16,12,0,0,144,3,21,0,22,156,0,62,15,112,702,16,23,16023,977,421,167,128,45,33,29,12,7,168,168,84,0,210,0,210,0,0,210,0,0,0,0,0,0,0,0,0,0,0,210,0,1,12
1834,Idaho,Butte,Butte,0,6,1034887707,0,0,2,0,0,0,0,0,0,0,0,0,78,0,0,0,0,0,0,0,0,0,0,0,79,16,23,16023,5,4,1,3,0,0,0,0,0,2,1,1,0,2,0,2,0,1,0,0,1,0,0,0,0,0,1,0,1,0,0,0,1,12
1835,Idaho,Camas,Camas,0,4,379608769.5,0,0,0,0,0,0,0,0,0,0,0,0,0,0,0,0,0,0,0,0,0,0,0,0,0,16,25,16025,107,52,18,24,1,6,1,0,2,13,23,14,2,16,15,21,1,2,3,2,8,8,4,1,0,2,4,5,3,3,0,6,1,13
1836,Idaho,Camas,Camas,0,4,480803699.6,0,0,33,0,0,0,3,50,2,0,0,0,0,0,0,0,6,0,3,0,0,0,0,0,95,16,25,16025,139,49,8,21,4,6,7,0,3,13,21,13,2,15,16,18,1,3,2,2,7,8,4,2,0,2,4,4,3,2,0,5,1,13
1837,Idaho,Camas,Camas,0,4,1292510008,0,0,6,0,0,0,0,0,0,0,0,0,0,0,0,0,0,0,0,0,0,0,0,0,6,16,25,16025,65,42,20,8,6,6,1,1,0,11,19,11,1,13,13,16,1,2,2,2,6,6,4,1,0,2,2,5,2,2,1,4,1,13
1838,Idaho,Camas,Camas,0,4,132571926.6,0,0,6,0,3,18,0,0,14,3,6,4,0,0,62,0,0,0,0,12,6,18,3,74,226,16,25,16025,582,263,69,98,29,25,20,7,15,69,114,80,0,72,95,96,0,12,12,12,36,48,23,12,0,12,24,24,12,12,0,24,1,13
1839,Idaho,Camas,Camas,0,4,507005600.1,0,0,0,0,0,21,3,0,0,0,0,0,22,0,0,0,0,0,0,0,0,0,0,0,46,16,25,16025,184,80,23,34,9,11,0,2,1,21,35,21,3,25,24,31,2,4,4,3,12,13,6,3,0,2,6,8,4,4,1,8,1,13
1840,Idaho,Caribou,Caribou,0,5,359008594.9,0,0,39,0,0,20,0,0,0,0,0,0,0,0,0,0,0,0,0,0,0,0,0,0,58,16,29,16029,553,208,47,77,29,23,17,11,4,49,68,78,13,83,53,72,11,7,8,28,29,0,26,7,4,16,22,14,11,8,7,10,1,15
1841,Idaho,Caribou,Caribou,0,5,14705668.9,0,0,72,0,30,2,2,34,52,8,4,9,0,0,135,0,14,0,8,9,0,15,26,8,423,16,29,16029,1056,382,86,130,54,43,34,27,8,76,115,153,38,90,112,180,22,0,0,45,23,0,45,22,0,45,45,45,68,0,22,0,1,15
1842,Idaho,Caribou,Caribou,0,5,303027977.6,0,0,44,0,14,6,4,3,9,2,2,2,96,0,69,0,30,0,15,394,3,42,14,0,742,16,29,16029,1238,403,60,137,57,58,45,25,21,94,132,151,25,106,84,212,6,17,18,47,18,18,26,15,4,21,42,49,54,26,31,10,1,15
1843,Idaho,Caribou,Caribou,0,5,5403718.364,0,0,18,20,4,404,3,15,285,21,9,48,42,0,180,6,8,0,33,123,0,168,32,304,1711,16,29,16029,2657,1097,344,361,140,115,67,45,25,219,438,438,0,313,156,626,0,0,0,156,157,0,156,0,0,0,157,156,0,157,156,0,1,15
1844,Idaho,Caribou,Caribou,0,5,2137620941,0,0,0,734,0,48,400,6,21,3,0,0,94,0,0,0,6,0,10,0,0,0,0,0,1314,16,29,16029,488,167,36,74,16,15,8,11,7,48,58,55,7,42,48,78,4,2,13,5,18,16,3,4,2,23,18,21,18,15,4,2,1,15
1845,Idaho,Caribou,Caribou,0,5,1839120147,0,0,44,0,0,8,22,93,0,4,0,0,0,0,76,8,15,0,34,8,0,0,3,4,317,16,29,16029,1033,372,73,147,33,44,45,12,18,93,124,135,21,46,131,196,7,3,11,8,17,28,17,40,7,39,37,71,51,16,18,3,1,15
1846,Idaho,Cassia,Cassia,0,4,4801602.977,0,0,78,0,0,150,123,51,648,88,3,120,21,0,510,18,204,8,434,1814,70,270,120,447,5142,16,31,16031,7330,2582,731,784,313,352,207,125,70,725,941,726,190,805,808,969,335,142,60,121,147,143,58,256,178,173,315,332,208,79,33,2,1,16
1847,Idaho,Cassia,Cassia,0,4,59639863.79,0,0,10,0,0,32,0,30,0,30,0,3,188,0,0,0,0,0,0,0,0,0,0,0,291,16,31,16031,734,245,55,66,38,27,31,16,12,51,83,80,31,74,64,107,4,5,33,10,22,5,15,22,2,20,22,26,9,19,16,15,1,16
1848,Idaho,Cassia,Cassia,0,4,33390834.63,0,0,406,8,0,142,26,246,45,448,0,4,0,0,86,3,4,15,62,28,0,24,3,0,1541,16,31,16031,1575,490,62,180,69,69,53,38,19,107,171,148,64,94,77,319,30,3,27,14,20,16,3,13,21,24,63,50,21,57,80,48,1,16
1849,Idaho,Cassia,Cassia,0,4,973433026.8,0,0,154,15,0,0,0,0,0,8,0,0,48,0,0,0,0,0,0,3,34,3,4,0,268,16,31,16031,673,218,33,79,40,20,27,9,10,52,75,72,19,32,104,82,2,6,8,10,6,8,26,22,10,38,24,22,9,17,3,7,1,16
1850,Idaho,Cassia,Cassia,0,4,10350593.43,0,0,14,78,6,14,8,0,12,0,0,0,0,0,51,0,0,0,0,0,0,3,0,6,189,16,31,16031,675,231,50,70,33,32,26,15,5,0,0,0,0,0,0,0,0,0,0,0,0,0,0,0,0,0,0,0,0,0,0,0,1,16
1851,Idaho,Cassia,Cassia,0,4,1658159110,0,0,699,0,0,12,0,0,2,0,0,0,60,0,0,0,4,0,0,0,0,0,3,0,775,16,31,16031,670,197,26,59,27,30,22,16,17,40,61,71,25,29,84,84,2,5,13,4,5,9,9,26,14,26,16,30,11,17,1,9,1,16
1852,Idaho,Cassia,Cassia,0,4,10718576.83,0,0,15,0,2,165,1455,273,1228,418,21,198,0,0,8,46,12,15,3,136,0,502,75,45,4588,16,31,16031,2593,887,222,231,135,136,92,53,18,227,434,157,69,360,268,259,71,110,37,105,37,23,41,45,104,55,136,75,20,11,9,8,1,16
1853,Idaho,Cassia,Cassia,0,4,5972897.35,0,0,21,0,44,26,24,22,42,0,0,2,0,0,0,2,0,0,3,36,0,0,38,38,294,16,31,16031,759,276,74,88,47,34,14,10,9,85,107,70,13,78,98,99,4,32,15,20,7,10,17,3,10,58,32,27,33,2,3,2,1,16
1854,Idaho,Cassia,Cassia,0,4,301360570.8,0,0,582,0,0,162,54,38,45,44,3,16,0,0,39,6,46,0,64,27,0,81,9,39,1247,16,31,16031,4014,1314,198,500,186,131,151,86,62,368,431,460,55,234,429,651,21,100,21,57,35,19,147,22,50,191,120,145,243,35,57,51,1,16
1855,Idaho,Cassia,Cassia,0,4,13022754.25,0,0,39,0,8,106,0,2,0,2,0,0,6,0,0,3,6,0,3,4,18,0,0,0,195,16,31,16031,644,197,45,51,26,30,20,19,6,36,65,85,12,12,77,109,2,0,3,0,7,0,31,3,24,19,29,27,29,10,7,7,1,16
1856,Idaho,Cassia,Cassia,0,4,2110171297,0,0,278,0,62,32,0,2,68,10,36,8,0,0,105,0,0,0,0,15,0,4,6,32,651,16,31,16031,2066,675,108,219,85,93,77,59,34,153,238,237,47,181,234,260,6,28,70,55,22,10,68,34,45,77,74,62,56,20,25,23,1,16
1857,Idaho,Cassia,Cassia,0,4,1290073377,0,0,600,16,0,38,0,0,12,21,4,0,130,0,0,0,0,0,10,4,0,9,0,0,840,16,31,16031,1204,378,39,142,59,59,39,20,20,78,130,146,24,20,186,172,6,2,3,1,8,7,44,4,39,92,50,62,26,12,13,9,1,16
1858,Idaho,Cassia,Cassia,0,4,139004796,0,0,172,0,0,4,156,8,8,36,0,0,0,0,0,3,16,0,0,0,0,0,6,0,407,16,31,16031,640,192,29,52,24,35,22,20,10,42,64,62,24,59,47,86,4,3,27,8,17,2,11,18,1,15,18,21,7,15,13,12,1,16
1859,Idaho,Cassia,Cassia,0,4,6853181.809,0,0,30,0,0,87,324,57,84,288,0,0,0,0,172,0,6,0,0,51,0,8,99,0,1198,16,31,16031,1077,334,82,110,52,41,21,16,12,80,141,79,34,127,83,124,10,23,25,31,38,10,8,32,7,26,36,13,22,19,17,17,1,16
1860,Idaho,Clark,Clark,0,6,4570032869,0,0,48,0,4,8,8,15,39,0,21,0,164,0,74,0,2,0,0,0,0,3,2,96,478,16,33,16033,790,316,81,87,51,45,21,9,22,123,140,45,8,123,125,68,2,8,5,15,93,31,18,6,19,51,13,28,15,2,10,0,1,17
1861,Idaho,Clearwater,Clearwater,0,2,4872067282,0,0,20,0,0,38,136,0,46,0,4,0,12,0,58,3,0,0,8,16,3,22,24,24,413,16,35,16035,2183,966,293,441,69,63,44,36,20,500,332,127,7,343,261,362,65,38,62,86,92,67,40,21,16,117,101,144,32,41,9,35,1,18
1862,Idaho,Clearwater,Clearwater,0,2,83470249.36,0,0,15,0,9,15,322,3,132,52,0,0,21,0,0,8,12,0,0,200,15,2,15,45,860,16,35,16035,1781,824,278,348,92,54,23,16,13,330,280,199,15,286,248,290,30,77,62,52,65,51,66,66,29,36,86,87,50,36,18,13,1,18
1863,Idaho,Clearwater,Clearwater,0,2,40723979.97,0,0,40,15,0,96,69,9,174,2,22,39,0,0,146,12,52,0,9,438,2,194,20,404,1730,16,35,16035,2041,863,263,362,106,76,27,16,13,346,292,209,15,213,405,244,34,24,48,50,57,40,236,33,18,78,75,102,22,17,25,3,1,18
1864,Idaho,Custer,Custer,0,6,10058199.74,0,0,0,0,40,27,0,8,94,6,3,2,44,0,84,0,10,0,4,52,6,33,3,172,586,16,37,16037,563,267,109,100,13,20,15,6,4,0,0,0,0,0,0,0,0,0,0,0,0,0,0,0,0,0,0,0,0,0,0,0,1,19
1865,Idaho,Custer,Custer,0,6,26481763.56,0,0,14,2,0,36,8,2,76,12,46,16,38,0,0,6,16,0,20,20,20,51,4,56,438,16,37,16037,1031,480,181,180,46,31,21,13,8,0,0,0,0,0,0,0,0,0,0,0,0,0,0,0,0,0,0,0,0,0,0,0,1,19
1866,Idaho,Custer,Custer,0,6,4077708148,0,0,28,78,21,9,16,26,56,2,3,4,0,0,90,2,15,0,0,70,21,69,30,2,538,16,37,16037,863,421,144,206,26,20,16,5,4,186,141,86,7,136,94,190,21,43,32,26,14,5,8,21,35,25,99,28,38,22,3,0,1,19
1867,Idaho,Custer,Custer,0,6,588552672.4,0,0,0,3,0,15,4,0,0,0,15,2,50,0,10,0,6,0,0,12,15,51,6,0,188,16,37,16037,290,132,50,53,10,3,7,5,4,58,43,27,4,0,8,124,0,0,0,0,0,4,0,4,0,0,74,11,23,16,0,0,1,19
1868,Idaho,Custer,Custer,0,6,5060630801,0,0,44,0,0,8,3,0,0,9,0,0,4,0,0,0,0,0,3,8,0,18,3,3,101,16,37,16037,753,342,85,166,36,25,20,7,3,153,114,69,6,110,96,136,19,31,31,9,20,9,9,10,38,30,47,40,19,15,12,3,1,19
1869,Idaho,Custer,Custer,0,6,3014615302,0,0,18,0,0,30,0,0,3,3,0,0,0,0,2,0,21,0,8,3,34,8,2,2,131,16,37,16037,776,306,67,153,25,30,22,4,5,137,102,62,5,184,58,64,29,37,45,53,20,1,15,27,11,4,12,20,15,8,9,0,1,19
1870,Idaho,Elmore,Elmore,0,3,690740485.1,0,0,78,0,0,9,0,12,4,18,0,0,0,0,0,3,0,0,0,2,2,0,0,0,127,16,39,16039,697,266,70,108,36,21,14,10,7,120,83,47,16,128,77,61,24,34,11,43,16,15,14,14,21,13,10,22,13,8,8,0,1,20
1871,Idaho,Elmore,Elmore,0,3,11400284.22,0,0,50,0,8,24,32,69,75,6,75,12,0,0,134,0,6,0,15,57,0,48,18,57,679,16,39,16039,1314,553,174,188,74,45,30,20,22,246,175,97,35,289,173,91,58,82,33,83,33,33,33,25,49,33,17,33,33,0,8,0,1,20
1872,Idaho,Elmore,Elmore,0,3,962939473.8,0,0,0,0,0,0,0,0,2,2,0,3,30,0,0,0,0,0,0,0,0,14,0,0,49,16,39,16039,55,18,6,10,0,1,0,0,1,7,6,4,1,6,5,7,0,2,1,1,2,2,0,2,0,1,2,1,1,1,1,1,1,20
1873,Idaho,Elmore,Elmore,0,3,27759097.71,0,0,0,0,0,33,2,14,12,6,0,34,0,0,64,42,45,0,62,3,0,78,30,0,422,16,39,16039,3209,805,63,261,153,196,74,36,22,48,534,223,0,179,314,312,33,10,21,88,27,52,28,32,148,54,98,134,39,17,0,24,1,20
1874,Idaho,Elmore,Elmore,0,3,4357138.05,0,0,36,0,2,24,0,14,228,100,15,74,32,0,260,10,63,0,32,372,2,162,39,26,1478,16,39,16039,5577,2258,688,747,317,263,136,49,58,667,1065,453,67,761,643,848,80,171,55,104,351,182,89,87,92,193,312,162,263,35,65,11,1,20
1875,Idaho,Elmore,Elmore,0,3,260676752.3,0,0,334,0,0,66,0,0,0,14,0,2,0,0,0,0,0,0,21,16,0,0,0,0,450,16,39,16039,655,229,17,109,39,28,18,11,7,43,110,66,10,64,42,123,43,2,2,15,2,3,9,6,6,18,25,47,17,17,15,2,1,20
1876,Idaho,Franklin,Franklin,0,5,796162695.4,0,0,256,0,4,195,6,14,40,10,3,0,0,0,2,0,21,0,0,21,0,33,16,10,629,16,41,16041,2329,762,119,256,114,96,71,63,43,186,252,238,85,109,309,343,5,22,13,55,14,58,35,44,65,107,75,61,54,33,66,54,1,21
1877,Idaho,Franklin,Franklin,0,5,84437030.75,0,0,34,0,63,8,8,0,14,14,0,0,0,0,0,0,0,2,0,14,0,0,0,9,162,16,41,16041,595,187,22,58,35,23,14,19,16,35,63,53,36,12,68,107,4,0,1,4,3,6,18,6,13,25,39,21,15,20,10,2,1,21
1878,Idaho,Franklin,Franklin,0,5,128895086.6,0,0,82,0,10,39,51,6,12,28,0,4,0,0,0,9,8,0,9,3,0,0,10,2,273,16,41,16041,2078,635,86,216,84,100,86,33,30,165,208,203,58,142,239,253,26,76,18,6,16,7,22,38,13,159,53,67,71,14,23,25,1,21
1879,Idaho,Franklin,Franklin,0,5,2609079.96,0,0,0,0,4,16,20,24,72,76,20,66,0,0,584,3,20,0,0,92,0,114,3,2,1107,16,41,16041,1443,468,80,141,77,57,49,37,27,130,151,156,31,47,276,145,2,0,24,2,19,19,46,102,52,57,27,23,2,23,6,64,1,21
1880,Idaho,Franklin,Franklin,0,5,8167878.181,0,0,0,0,0,20,102,2,320,16,12,2,236,0,0,3,36,0,2,70,0,39,16,156,1024,16,41,16041,1502,539,97,205,85,59,46,29,18,153,176,178,34,93,162,286,25,24,0,0,44,20,5,4,15,118,66,125,49,0,44,2,1,21
1881,Idaho,Franklin,Franklin,0,5,2769547.947,0,0,2,0,4,8,0,0,98,2,0,10,94,0,0,0,56,0,3,507,0,106,0,44,927,16,41,16041,1116,410,106,146,60,44,27,12,15,80,138,117,75,151,65,194,0,65,32,54,0,0,11,11,10,33,38,48,5,65,6,32,1,21
1882,Idaho,Franklin,Franklin,0,5,2606199.028,0,0,0,0,0,2,3,106,88,0,0,20,0,0,0,0,3,3,14,0,20,12,14,42,323,16,41,16041,685,249,50,75,58,28,15,18,5,50,83,66,50,89,71,89,53,0,18,0,18,0,18,35,18,0,18,35,18,18,0,0,1,21
1883,Idaho,Franklin,Franklin,0,5,319658459.1,0,0,18,42,0,24,22,0,58,9,0,0,0,0,12,3,2,0,0,0,15,24,46,4,279,16,41,16041,1324,427,70,190,57,31,38,30,11,81,144,121,81,137,103,187,31,30,32,29,15,1,20,33,30,19,26,53,23,47,20,18,1,21
1884,Idaho,Franklin,Franklin,0,5,72082118.52,0,0,3,20,0,39,0,0,0,38,0,0,8,0,0,6,0,0,0,8,0,56,0,0,174,16,41,16041,1434,424,37,150,82,39,51,38,27,120,138,139,27,62,95,267,5,7,0,40,10,0,6,32,15,42,41,65,34,44,70,13,1,21
1885,Idaho,Franklin,Franklin,0,5,306011426.2,0,0,42,0,0,36,302,64,74,4,68,3,0,0,216,0,2,0,2,9,0,0,6,14,834,16,41,16041,1688,500,67,182,76,44,40,52,39,95,168,143,94,92,115,293,25,3,13,27,24,18,23,20,18,36,67,77,72,24,50,3,1,21
1886,Idaho,Fremont,Fremont,0,6,192669243.2,0,0,135,4,0,399,93,46,54,32,0,6,74,0,27,15,18,0,33,3,0,24,9,4,970,16,43,16043,3830,1290,219,486,175,166,107,79,58,351,398,437,102,350,336,602,32,39,68,155,56,31,73,49,19,164,203,150,97,68,76,8,1,22
1887,Idaho,Fremont,Fremont,0,6,2498229062,0,0,0,0,2,42,0,50,39,14,2,0,0,0,0,12,0,0,21,98,4,159,2,3,443,16,43,16043,1862,737,150,371,63,67,42,29,15,290,252,158,37,100,166,471,21,2,25,21,31,63,33,20,34,16,107,136,115,34,45,34,1,22
1888,Idaho,Fremont,Fremont,0,6,2136659085,0,0,92,0,0,40,12,6,30,9,0,9,0,0,39,8,0,0,0,38,2,52,39,21,393,16,43,16043,1364,558,134,223,67,51,47,24,12,175,193,164,26,79,189,290,13,6,17,29,14,59,35,16,26,53,63,83,76,39,11,18,1,22
1889,Idaho,Fremont,Fremont,0,6,68273652.33,0,0,42,0,0,99,34,9,234,98,15,20,45,0,393,46,12,0,58,142,10,122,45,748,2159,16,43,16043,5225,1668,374,519,277,183,157,91,67,467,598,485,118,441,579,648,142,90,71,68,70,173,123,81,50,152,287,185,77,44,27,28,1,22
1890,Idaho,Fremont,Fremont,0,6,14985883.42,0,0,12,0,72,54,18,22,70,2,32,10,256,0,45,0,9,0,9,126,0,51,26,57,866,16,43,16043,1099,434,127,155,49,48,26,21,8,98,164,147,25,113,192,129,24,0,48,32,9,0,64,32,24,72,41,64,24,0,0,0,1,22
1891,Idaho,Gem,Gem,0,3,819689857.1,0,0,39,0,0,40,20,0,22,4,0,4,33,0,6,3,2,0,24,60,9,0,6,0,271,16,45,16045,1041,415,72,204,50,54,15,7,13,125,142,125,23,52,177,186,13,16,0,13,10,13,12,18,54,80,79,48,27,7,14,11,1,23
1892,Idaho,Gem,Gem,0,3,290379224.2,0,0,82,24,0,93,54,76,0,40,0,9,8,0,64,0,27,0,12,166,8,0,6,0,666,16,45,16045,3030,1065,189,479,149,106,74,30,38,341,348,313,62,145,357,562,19,61,8,27,30,42,89,48,31,147,153,172,77,53,76,31,1,23
1893,Idaho,Gem,Gem,0,3,6608171.042,0,0,3,0,0,33,111,36,50,0,0,0,0,0,4,4,14,0,20,39,0,20,39,0,370,16,45,16045,1179,458,108,183,71,48,28,16,4,166,132,127,31,171,179,106,17,48,46,46,14,20,34,14,58,53,32,29,36,8,1,0,1,23
1894,Idaho,Gooding,Gooding,0,4,942891075.6,0,0,138,0,2,39,0,0,0,0,0,0,0,0,0,0,0,0,0,0,0,0,0,0,177,16,47,16047,680,232,30,83,32,37,23,11,16,71,54,87,20,60,71,101,8,6,14,13,19,20,2,19,12,18,38,11,6,13,8,25,1,24
1895,Idaho,Gooding,Gooding,0,4,7046986.684,0,0,429,0,0,156,100,30,141,60,0,30,0,0,201,8,2,0,0,48,0,62,48,27,1332,16,47,16047,2481,858,216,252,113,129,83,35,30,267,316,245,29,295,316,246,111,86,58,33,7,121,20,53,54,68,56,124,50,3,13,0,1,24
1896,Idaho,Gooding,Gooding,0,4,66860592.13,0,0,322,0,0,30,22,0,0,0,0,0,177,0,0,0,3,0,0,0,0,0,0,0,551,16,47,16047,532,192,51,63,32,20,13,7,6,54,68,60,10,47,65,80,10,4,6,11,16,12,18,13,12,10,37,28,7,3,4,1,1,24
1897,Idaho,Gooding,Gooding,0,4,75678269.8,0,0,586,0,0,56,39,39,24,0,0,0,0,0,0,0,2,0,0,2,6,0,69,15,831,16,47,16047,773,229,34,90,36,32,21,10,6,53,71,86,19,16,25,188,0,0,3,10,3,0,0,0,20,5,79,6,18,34,51,0,1,24
1898,Idaho,Gooding,Gooding,0,4,73096593.33,0,0,444,0,4,8,0,0,0,14,0,0,0,0,0,0,0,0,0,0,28,3,6,34,538,16,47,16047,598,199,27,70,32,36,19,10,5,47,61,74,17,30,29,140,1,0,6,10,13,9,0,9,6,5,54,30,15,12,29,0,1,24
1899,Idaho,Gooding,Gooding,0,4,45513028.04,0,0,386,0,0,10,40,26,0,0,0,0,0,0,0,0,0,0,0,0,0,0,12,0,471,16,47,16047,543,175,28,56,38,17,16,16,4,42,53,65,15,31,33,111,0,0,4,11,16,15,0,13,0,5,39,41,13,0,18,0,1,24
1900,Idaho,Gooding,Gooding,0,4,800777.498,0,0,0,0,4,8,0,0,16,6,0,0,0,0,30,4,0,0,0,40,9,30,0,0,148,16,47,16047,611,280,108,103,33,13,8,10,5,93,92,70,23,76,50,152,25,0,26,25,0,0,0,0,25,25,26,75,0,26,0,25,1,24
1901,Idaho,Gooding,Gooding,0,4,2749544.773,0,0,20,0,16,0,0,0,80,90,0,0,38,0,176,0,4,0,0,122,0,6,0,0,547,16,47,16047,630,263,72,80,31,29,20,16,15,93,87,72,12,123,88,53,24,8,10,35,46,23,37,14,1,13,10,9,12,6,7,9,1,24
1902,Idaho,Gooding,Gooding,0,4,3099369.358,0,0,8,0,0,8,110,22,164,2,20,40,170,0,195,0,34,4,34,270,8,62,20,276,1435,16,47,16047,3122,1147,356,328,159,147,81,43,33,405,383,312,49,475,274,400,71,92,55,127,130,59,103,28,54,30,213,80,54,12,14,27,1,24
1903,Idaho,Gooding,Gooding,0,4,34040971.02,0,0,14,0,0,36,657,0,42,36,0,2,27,0,136,0,4,0,2,32,0,45,18,0,1043,16,47,16047,737,269,58,87,39,37,29,10,9,93,85,75,12,92,42,131,4,14,7,59,8,3,18,6,13,2,39,61,17,5,6,3,1,24
1904,Idaho,Gooding,Gooding,0,4,196110941.3,0,0,9,0,0,18,16,36,4,12,0,0,0,0,0,0,0,0,2,3,0,0,12,0,112,16,47,16047,531,180,15,85,30,26,15,4,5,54,41,70,16,15,62,104,2,1,6,3,3,1,1,31,15,14,23,34,2,25,9,11,1,24
1905,Idaho,Gooding,Gooding,0,4,22482813.58,0,0,40,0,0,0,12,8,0,0,0,0,0,0,0,0,8,0,0,6,0,0,0,0,73,16,47,16047,371,126,21,61,20,8,10,3,3,38,30,47,11,27,46,53,1,0,0,13,13,33,0,3,8,2,13,13,5,5,3,14,1,24
1906,Idaho,Gooding,Gooding,0,4,162124775.6,0,0,225,0,16,30,93,30,30,27,0,40,0,0,2,0,0,0,0,22,6,0,24,0,542,16,47,16047,1558,514,84,164,74,97,35,21,39,158,149,173,34,129,187,198,19,0,10,45,55,85,25,24,37,16,69,55,21,13,6,34,1,24
1907,Idaho,Gooding,Gooding,0,4,150871499.3,0,0,262,0,3,33,0,0,22,21,0,0,0,0,0,0,28,0,0,441,0,3,0,0,809,16,47,16047,508,176,46,60,16,25,13,13,3,54,57,57,9,38,66,73,2,2,7,22,5,16,1,24,9,16,23,17,11,12,7,3,1,24
1908,Idaho,Idaho,Idaho,0,2,9167546547,0,0,86,57,8,90,32,4,81,24,0,9,0,0,27,9,9,0,8,0,16,15,12,4,487,16,49,16049,2858,1330,410,642,91,92,57,18,20,587,389,329,28,448,329,556,73,146,36,122,71,86,113,37,45,48,112,162,207,42,22,11,1,25
1909,Idaho,Idaho,Idaho,0,2,608321705.4,0,0,3,0,0,15,0,0,56,0,0,0,4,0,2,0,0,0,0,0,12,2,0,0,92,16,49,16049,637,303,102,139,26,19,11,3,3,154,84,61,7,111,95,100,2,52,16,25,16,20,7,21,25,22,34,30,25,4,0,7,1,25
1910,Idaho,Idaho,Idaho,0,2,24328170.99,0,0,3,0,0,0,0,0,0,0,0,0,0,0,0,0,0,0,0,0,8,0,0,0,10,16,49,16049,190,74,15,43,2,7,3,2,2,19,22,30,2,20,16,37,0,14,2,2,2,2,10,4,0,0,7,8,16,4,2,0,1,25
1911,Idaho,Idaho,Idaho,0,2,1288154.262,0,0,3,76,0,82,28,0,26,0,2,40,0,0,54,0,16,0,0,164,0,6,6,21,522,16,49,16049,614,278,106,82,24,35,14,10,7,92,62,123,0,104,69,104,0,35,34,35,0,0,0,0,34,35,69,35,0,0,0,0,1,25
1912,Idaho,Idaho,Idaho,0,2,1667241736,0,0,36,0,0,30,40,46,60,36,0,33,28,0,84,0,20,0,0,159,2,54,28,0,653,16,49,16049,1905,596,142,275,49,56,37,26,11,211,199,177,9,203,148,245,32,45,19,70,37,21,37,18,40,32,77,84,39,24,10,11,1,25
1913,Idaho,Jefferson,Jefferson,0,6,1248510.386,0,0,14,0,0,3,0,3,24,2,0,8,40,0,0,0,254,0,0,6,0,18,0,9,377,16,51,16051,593,200,47,58,25,32,21,8,9,43,86,57,14,27,66,107,0,0,13,0,14,13,0,13,14,26,14,26,0,27,13,27,1,26
1914,Idaho,Jefferson,Jefferson,0,6,921868329.1,0,0,147,0,4,6,28,18,0,9,0,0,44,0,0,0,0,0,0,0,0,0,10,10,276,16,51,16051,1470,443,87,136,61,62,49,29,19,76,223,119,25,55,170,218,14,4,12,5,20,10,56,25,29,50,19,118,26,3,8,44,1,26
1915,Idaho,Jefferson,Jefferson,0,6,93804724.49,0,0,326,0,0,198,600,330,33,153,6,2,0,0,104,2,8,0,21,14,93,12,14,0,1900,16,51,16051,4493,1395,171,538,209,201,104,112,60,243,561,450,141,273,377,745,76,10,42,44,101,37,15,71,55,199,152,196,114,104,77,102,1,26
1916,Idaho,Jefferson,Jefferson,0,6,239047428.2,0,0,15,0,3,213,30,21,50,50,0,12,68,0,177,8,4,0,20,88,0,50,6,0,808,16,51,16051,3626,1121,166,368,136,170,150,67,64,187,477,342,113,225,273,621,32,21,50,69,53,34,33,49,22,135,136,205,83,75,64,58,1,26
1917,Idaho,Jefferson,Jefferson,0,6,4119969.511,0,0,93,0,0,86,0,0,0,21,0,6,0,0,0,0,0,0,10,0,0,0,0,4,219,16,51,16051,699,247,42,91,28,30,27,17,12,51,98,79,19,35,86,126,5,0,5,20,5,20,16,20,0,30,35,36,10,10,10,25,1,26
1918,Idaho,Jefferson,Jefferson,0,6,3693825.811,0,0,0,0,38,108,18,0,746,12,4,88,0,0,282,9,27,45,20,630,2,252,28,453,2743,16,51,16051,4774,1661,413,491,255,220,143,80,59,266,662,578,154,272,523,865,59,35,108,70,0,0,52,28,112,331,154,408,80,129,45,49,1,26
1919,Idaho,Jefferson,Jefferson,0,6,5202267.588,0,0,15,0,0,0,0,0,3,10,0,0,40,0,26,0,0,0,0,0,0,4,0,4,103,16,51,16051,560,190,46,58,28,25,16,8,9,24,119,48,0,72,24,95,0,24,0,24,24,0,0,24,0,0,47,24,0,0,24,0,1,26
1920,Idaho,Jefferson,Jefferson,0,6,358470889.3,0,0,272,0,0,0,0,0,0,12,14,0,20,0,9,0,0,0,0,2,0,0,0,0,325,16,51,16051,281,82,20,23,5,11,9,7,7,14,42,22,4,9,31,42,1,1,2,1,4,2,10,5,5,9,2,24,4,1,2,9,1,26
1921,Idaho,Jerome,Jerome,0,4,114465539.5,0,0,696,0,0,22,0,0,0,0,0,0,10,0,0,0,0,0,0,4,0,0,2,0,730,16,53,16053,560,187,32,67,23,36,21,6,2,36,74,40,37,49,50,88,10,26,0,8,5,3,6,13,8,20,17,24,8,14,21,4,1,27
1922,Idaho,Jerome,Jerome,0,4,25709270.84,0,0,102,0,0,8,3,14,0,9,0,0,0,0,188,0,0,0,2,4,0,0,0,0,326,16,53,16053,1007,294,38,73,54,75,23,13,18,59,122,97,16,65,99,130,10,14,6,27,8,0,38,4,14,43,47,48,1,15,5,14,1,27
1923,Idaho,Jerome,Jerome,0,4,30622905.2,0,0,94,0,0,14,21,0,0,2,0,0,242,0,0,0,0,0,0,0,0,8,4,0,381,16,53,16053,668,216,39,64,32,34,19,14,14,42,83,47,44,57,56,103,10,30,0,10,7,4,6,15,8,23,23,25,9,15,27,4,1,27
1924,Idaho,Jerome,Jerome,0,4,25908815.82,0,0,51,0,0,36,2,24,15,8,0,0,0,0,0,0,8,0,15,0,0,0,14,0,170,16,53,16053,680,209,30,79,23,29,24,9,15,40,83,45,41,48,77,84,13,8,4,16,7,14,5,17,4,37,11,16,9,8,13,27,1,27
1925,Idaho,Jerome,Jerome,0,4,16703606.49,0,0,300,0,0,69,74,24,12,39,0,0,0,0,0,0,0,0,0,4,0,0,0,16,535,16,53,16053,657,198,27,86,22,29,24,8,2,34,64,80,20,36,71,91,2,4,8,12,10,9,3,2,0,57,13,50,2,11,13,2,1,27
1926,Idaho,Jerome,Jerome,0,4,2703638.556,0,0,26,0,0,72,302,68,154,108,0,39,0,0,146,40,16,0,12,105,0,142,45,465,1729,16,53,16053,2909,965,205,296,159,136,93,54,22,161,308,454,44,287,347,333,68,104,72,30,13,90,65,13,32,147,189,30,88,26,0,0,1,27
1927,Idaho,Jerome,Jerome,0,4,7716518.001,0,0,448,0,0,44,2262,339,744,668,74,74,30,0,26,14,24,76,98,90,0,336,62,78,5448,16,53,16053,1790,573,137,142,86,96,47,33,32,122,201,222,28,189,187,197,53,31,29,49,27,107,39,1,10,30,76,32,39,27,0,23,1,27
1928,Idaho,Jerome,Jerome,0,4,94664589.76,0,0,456,0,0,66,0,70,123,63,0,4,0,0,0,2,9,0,70,16,9,33,14,0,930,16,53,16053,4373,1494,209,601,242,231,122,55,34,256,463,671,104,163,276,1055,37,0,49,42,35,55,36,25,17,143,347,294,146,158,44,66,1,27
1929,Idaho,Jerome,Jerome,0,4,37541150.45,0,0,189,0,38,156,21,224,183,171,0,0,0,0,0,0,10,0,2,3,0,64,40,0,1094,16,53,16053,582,233,55,94,21,22,18,14,9,58,87,77,12,74,53,107,6,9,16,29,14,23,18,0,7,5,29,23,20,16,0,19,1,27
1930,Idaho,Jerome,Jerome,0,4,636401049.6,0,0,76,0,0,6,45,28,0,22,0,0,0,0,0,0,0,0,8,0,0,32,12,0,228,16,53,16053,648,211,29,77,34,35,17,13,6,53,79,59,21,61,48,103,8,28,4,14,7,10,15,2,11,10,38,35,12,11,1,6,1,27
1931,Idaho,Jerome,Jerome,0,4,206466342.2,0,0,411,0,0,21,3,18,20,48,0,2,0,0,0,0,4,0,116,6,0,9,2,0,654,16,53,16053,811,273,68,79,54,30,29,7,6,70,101,74,27,92,67,113,17,29,9,21,16,15,20,7,9,16,42,31,20,13,3,4,1,27
1932,Idaho,Jerome,Jerome,0,4,152168818.1,0,0,164,0,0,46,8,4,0,0,0,0,0,0,9,0,0,0,2,0,0,0,0,9,240,16,53,16053,599,211,37,88,17,20,31,15,3,53,80,58,20,70,51,90,23,3,13,10,21,11,8,14,4,14,30,21,24,4,9,2,1,27
1933,Idaho,Jerome,Jerome,0,4,10881193.13,0,0,4,0,14,9,0,18,21,0,0,0,0,0,0,2,0,0,0,0,0,0,30,4,101,16,53,16053,771,253,62,63,44,34,27,12,11,63,95,63,32,63,85,105,21,21,0,0,21,21,21,0,21,22,42,21,21,21,0,0,1,27
1934,Idaho,Jerome,Jerome,0,4,36038555.72,0,0,32,0,0,3,0,14,30,14,0,0,0,0,106,4,0,0,0,0,0,3,0,20,224,16,53,16053,613,241,58,73,37,22,25,19,7,63,87,67,24,84,58,99,26,7,14,15,22,11,11,18,4,14,37,22,22,3,11,4,1,27
1935,Idaho,Jerome,Jerome,0,4,34281750.7,0,0,0,0,3,6,0,0,0,0,0,3,110,0,0,0,0,0,0,0,0,6,0,0,127,16,53,16053,106,33,6,10,6,5,4,1,1,8,13,10,2,5,5,23,1,2,0,1,1,1,1,1,1,1,7,10,3,0,0,3,1,27
1936,Idaho,Jerome,Jerome,0,4,119449484.1,0,0,477,0,0,60,27,4,93,6,0,0,0,0,0,8,0,0,12,3,15,32,56,0,787,16,53,16053,432,162,29,62,20,23,15,7,6,40,61,52,9,15,22,125,2,6,1,3,3,8,1,2,10,1,43,51,13,1,1,16,1,27
1937,Idaho,Jerome,Jerome,0,4,6621827.37,0,0,21,0,52,56,8,30,42,96,16,14,0,0,465,0,86,2,270,369,0,36,32,51,1633,16,53,16053,7031,2345,563,627,370,325,225,130,105,458,961,711,212,663,894,785,82,91,184,102,204,67,266,139,197,225,304,144,108,60,109,60,1,27
1938,Idaho,Latah,Latah,0,2,436932678.5,0,0,57,0,0,74,18,0,26,3,0,0,345,0,0,2,15,0,9,4,0,0,8,76,632,16,57,16057,1266,524,129,221,64,53,38,12,7,170,161,171,22,133,171,220,3,21,36,43,30,44,21,12,26,68,42,81,33,23,10,31,1,29
1939,Idaho,Latah,Latah,0,2,3668732.222,0,0,0,0,0,104,57,42,148,9,42,100,0,0,14,72,72,3,32,399,2,255,30,0,1371,16,57,16057,2923,1406,587,464,179,124,33,12,7,360,574,399,73,660,484,262,157,194,62,96,151,115,90,169,23,87,115,76,36,21,2,12,1,29
1940,Idaho,Latah,Latah,0,2,5435623.95,0,0,0,0,0,4,0,4,34,3,0,3,0,0,8,0,8,0,12,8,0,0,32,0,115,16,57,16057,1484,581,149,209,81,83,35,14,10,144,259,178,1,0,275,307,0,0,0,0,0,10,0,144,116,5,115,72,65,0,55,0,1,29
1941,Idaho,Latah,Latah,0,2,4600316.24,0,0,8,0,0,3,0,14,44,24,0,2,26,0,4146,12,82,0,86,246,0,166,6,0,4831,16,57,16057,5046,1226,480,478,133,79,34,11,11,332,536,311,47,596,355,275,197,65,191,84,59,65,63,56,34,137,62,58,45,30,63,17,1,29
1942,Idaho,Latah,Latah,0,2,32043566.79,0,0,45,0,0,15,60,2,14,0,0,0,0,0,0,9,2,10,20,4,0,10,42,8,238,16,57,16057,425,183,47,87,21,17,4,3,4,48,81,47,7,43,62,78,25,1,4,2,11,19,3,16,2,22,2,21,1,5,0,49,1,29
1943,Idaho,Latah,Latah,0,2,1608299.514,0.18,0.08,2,0,4,4,0,0,32,0,3,3,0,0,84,2,3,0,0,36,0,6,4,3,185,16,57,16057,968,385,108,134,44,57,19,12,11,128,121,120,16,96,113,176,0,32,24,24,16,8,16,8,32,49,40,96,8,8,8,16,1,29
1944,Idaho,Latah,Latah,0,2,561999995.6,0,0,86,3,6,108,294,22,148,0,0,4,34,0,60,3,28,0,42,28,9,34,9,20,934,16,57,16057,3559,1390,254,666,184,152,65,44,25,431,475,412,70,259,290,839,153,22,17,21,46,25,59,37,55,114,154,303,136,57,67,122,1,29
1945,Idaho,Latah,Latah,0,2,86816583.6,0,0,6,0,0,18,2,207,0,4,0,0,0,0,0,4,9,0,16,6,3,0,9,0,283,16,57,16057,682,305,118,92,34,33,17,5,6,84,121,88,12,83,80,142,22,10,22,17,12,14,16,18,6,26,15,36,27,21,12,31,1,29
1946,Idaho,Latah,Latah,0,2,374778563.5,0,0,20,16,0,9,2,30,4,9,0,0,0,0,0,2,0,0,98,16,0,0,0,0,204,16,57,16057,1656,633,133,292,87,59,29,19,14,183,218,217,16,113,147,374,22,19,16,22,34,16,23,12,28,68,85,102,59,55,42,31,1,29
1947,Idaho,Latah,Latah,0,2,182522375,0.14,0.06,135,0,0,34,16,66,82,10,3,9,0,0,184,0,8,10,0,36,0,52,6,18,668,16,57,16057,1372,586,158,226,84,62,32,14,10,198,204,167,17,122,124,340,21,22,41,23,15,25,28,5,3,63,124,102,45,26,27,16,1,29
1948,Idaho,Latah,Latah,0,2,5500608.594,0,0,0,0,0,21,18,0,8,2,0,0,105,0,30,0,0,0,0,0,0,2,0,14,197,16,57,16057,651,270,79,109,28,30,11,7,6,77,77,103,13,81,81,108,14,13,0,27,27,0,27,0,14,40,40,41,27,0,0,0,1,29
1949,Idaho,Latah,Latah,0,2,7078924.503,0,0,0,0,0,45,0,69,0,3,2,0,16,0,75,0,0,0,0,2,0,3,2,9,224,16,57,16057,1093,402,77,148,68,62,20,13,14,112,111,157,22,42,127,233,0,21,0,0,21,21,22,21,21,42,43,42,42,43,42,21,1,29
1950,Idaho,Lemhi,Lemhi,0,6,3991841853,0,0,40,0,2,57,12,6,75,20,0,0,63,0,146,0,40,0,18,126,20,18,36,2,675,16,59,16059,2240,924,274,400,99,53,47,29,22,469,240,182,33,348,258,318,58,71,74,69,76,62,84,19,17,76,77,111,56,23,16,35,1,30
1951,Idaho,Lemhi,Lemhi,0,6,39052903.82,0,0,0,8,12,116,128,38,360,8,63,33,106,0,90,26,92,9,51,536,20,285,42,420,2423,16,59,16059,3686,1714,610,648,178,157,49,52,20,968,463,240,43,815,558,341,522,105,25,152,11,105,95,72,94,192,73,159,98,4,3,4,1,30
1952,Idaho,Lemhi,Lemhi,0,6,6350181724,0,0,26,4,0,108,0,0,21,2,0,0,0,0,3,15,12,0,0,20,6,58,39,63,374,16,59,16059,1862,913,306,394,77,69,30,21,16,417,231,230,34,329,305,278,59,54,124,62,30,56,61,34,89,65,84,80,54,34,10,16,1,30
1953,Idaho,Lewis,Lewis,0,2,4236360.829,0,0,12,0,0,22,210,0,212,0,26,60,0,0,126,10,2,0,38,110,60,78,32,129,1118,16,61,16061,1288,610,252,214,58,39,24,17,6,337,156,117,0,286,155,169,65,65,52,39,65,25,39,26,26,39,65,39,26,13,13,13,1,31
1954,Idaho,Lewis,Lewis,0,2,486166045.3,0,0,14,0,0,8,0,8,0,0,0,0,0,0,0,0,0,0,0,0,0,3,15,21,67,16,61,16061,409,138,33,61,16,7,9,5,7,65,41,30,2,50,41,47,10,11,10,7,12,6,11,6,7,11,17,14,6,5,3,2,1,31
1955,Idaho,Lewis,Lewis,0,2,301140257.5,0,0,93,0,0,38,60,142,15,62,0,3,0,0,104,0,9,0,0,21,9,15,14,62,641,16,61,16061,1254,533,151,213,67,46,27,14,15,247,160,119,7,185,165,183,38,38,36,30,43,26,42,24,24,49,65,51,24,18,13,12,1,31
1956,Idaho,Lewis,Lewis,0,2,451212744.2,0,0,6,0,0,22,0,0,8,0,0,0,60,0,0,0,0,0,0,98,0,8,3,3,206,16,61,16061,578,245,67,103,21,26,13,11,4,99,82,58,6,76,58,111,22,23,9,11,11,8,13,9,7,21,39,46,12,7,4,3,1,31
1957,Idaho,Lincoln,Lincoln,0,4,496847103.8,0,0,381,0,6,3,3,0,0,36,0,0,0,0,0,0,0,0,0,66,3,0,0,10,505,16,63,16063,627,225,63,75,33,28,12,11,3,56,78,62,30,46,94,86,20,4,7,2,13,20,9,9,13,43,38,23,8,10,4,3,1,32
1958,Idaho,Lincoln,Lincoln,0,4,776325255.3,0,0,0,0,0,0,0,0,0,0,0,3,0,0,0,0,0,0,0,0,0,0,0,0,3,16,63,16063,22,8,3,1,1,0,0,1,2,2,3,2,1,1,3,4,0,1,0,0,0,2,0,0,1,0,1,1,1,1,0,0,1,32
1959,Idaho,Lincoln,Lincoln,0,4,1972967.163,0,0,51,0,74,22,0,6,86,0,0,3,0,0,0,0,0,0,64,70,0,18,8,273,671,16,63,16063,861,320,69,88,54,38,34,24,13,0,0,0,0,0,0,0,0,0,0,0,0,0,0,0,0,0,0,0,0,0,0,0,1,32
1960,Idaho,Lincoln,Lincoln,0,4,1897648.662,0,0,0,0,0,30,0,0,16,0,0,2,0,0,117,10,22,0,18,72,0,24,10,0,320,16,63,16063,823,305,73,94,48,31,33,14,12,0,0,0,0,0,0,0,0,0,0,0,0,0,0,0,0,0,0,0,0,0,0,0,1,32
1961,Idaho,Lincoln,Lincoln,0,4,196952758.8,0,0,8,0,0,12,0,0,10,4,0,0,0,0,0,0,0,0,14,0,0,0,3,0,51,16,63,16063,795,250,30,114,29,29,20,16,12,61,86,70,34,43,106,102,20,0,7,3,13,15,13,13,11,54,44,27,10,10,7,4,1,32
1962,Idaho,Lincoln,Lincoln,0,4,823703218.5,0,0,16,0,0,38,0,0,0,26,0,0,0,0,0,0,0,0,0,0,0,0,0,0,79,16,63,16063,336,122,20,51,15,18,11,7,0,30,43,33,16,19,50,53,6,3,4,2,4,17,7,6,6,14,13,15,16,2,2,5,1,32
1963,Idaho,Lincoln,Lincoln,0,4,573018894.4,0,0,279,0,0,9,9,8,2,0,2,0,0,0,26,0,12,0,30,0,0,0,0,0,373,16,63,16063,439,132,24,47,13,19,12,11,6,32,46,37,18,37,36,60,4,10,8,12,3,9,7,4,2,14,23,17,6,13,1,0,1,32
1964,Idaho,Lincoln,Lincoln,0,4,22186909.36,0,0,6,0,0,57,114,0,20,3,4,0,26,0,57,0,0,0,4,4,0,12,2,8,314,16,63,16063,599,229,68,70,31,30,14,10,6,46,91,46,46,0,183,46,0,0,0,0,0,46,46,45,46,0,0,0,46,0,0,0,1,32
1965,Idaho,Lincoln,Lincoln,0,4,156923769.9,0,0,284,0,0,0,0,0,3,0,0,0,32,0,0,0,0,0,0,0,0,0,0,0,316,16,63,16063,47,11,0,1,4,3,0,1,2,3,4,3,2,4,4,4,1,1,1,0,1,2,0,0,1,1,2,1,0,1,0,0,1,32
1966,Idaho,Lincoln,Lincoln,0,4,70948093.37,0,0,38,0,0,6,0,0,2,0,0,0,0,0,70,0,0,0,0,0,0,3,3,4,125,16,63,16063,578,183,38,40,28,32,14,14,17,46,61,51,25,43,54,86,5,11,11,16,0,16,11,5,0,22,32,27,11,16,0,0,1,32
1967,Idaho,Madison,Madison,0,6,11013095.88,0,0,3,0,2,44,588,315,1554,156,50,102,44,0,591,30,172,0,886,441,20,402,72,442,5874,16,65,16065,3623,1264,211,595,206,118,55,43,36,378,483,336,67,619,308,337,72,264,153,74,56,65,54,45,27,117,71,84,67,17,9,89,1,33
1968,Idaho,Madison,Madison,0,6,104948667.4,0,0,50,3,0,264,16,44,332,124,0,130,0,0,111,24,62,0,42,195,24,98,116,0,1623,16,65,16065,3404,988,123,284,146,161,113,88,73,149,373,373,93,302,277,409,18,17,53,94,120,41,25,43,38,130,152,130,63,8,25,31,1,33
1969,Idaho,Madison,Madison,0,6,164448995.5,0,0,34,0,0,122,20,3,26,210,0,15,264,0,26,15,63,0,22,38,3,51,21,0,925,16,65,16065,4099,1163,139,406,145,130,131,108,104,238,484,333,108,135,386,642,4,8,64,9,50,45,99,58,57,127,89,190,176,56,86,45,1,33
1970,Idaho,Madison,Madison,0,6,2510222.646,0,0,62,0,0,42,132,36,14,20,0,0,0,0,338,8,14,4,4,0,0,14,44,0,724,16,65,16065,1429,411,56,133,50,42,55,44,31,63,190,84,74,33,156,222,0,11,0,0,22,11,45,44,23,33,44,34,77,23,11,33,1,33
1971,Idaho,Madison,Madison,0,6,822057844.6,0,0,177,0,0,52,28,58,57,110,0,21,234,0,0,20,16,0,20,46,0,30,9,2,875,16,65,16065,2099,563,69,202,64,66,60,45,57,80,228,175,82,104,166,295,23,12,17,22,30,22,54,22,38,30,47,66,107,41,14,20,1,33
1972,Idaho,Madison,Madison,0,6,98291964.77,0,0,45,0,0,116,87,294,66,105,0,0,0,0,28,2,26,0,74,10,0,26,51,0,922,16,65,16065,3257,969,125,296,152,119,116,90,71,167,310,313,179,138,224,607,28,29,34,25,22,35,22,9,44,114,89,240,144,86,39,9,1,33
1973,Idaho,Minidoka,Minidoka,0,4,1232375495,0,0,136,0,0,20,0,21,12,9,0,0,33,0,0,0,0,0,0,0,0,0,0,0,229,16,67,16067,647,208,31,72,36,27,19,12,11,41,77,75,15,21,115,72,4,7,5,3,2,30,36,21,0,28,12,22,9,6,5,18,1,34
1974,Idaho,Minidoka,Minidoka,0,4,42720413.07,0,0,60,0,0,27,153,34,192,10,0,0,0,0,0,2,44,0,18,3,4,0,28,0,572,16,67,16067,1672,545,105,228,64,64,38,32,14,156,180,160,49,185,179,181,20,40,33,80,12,0,33,0,20,126,18,12,69,55,19,8,1,34
1975,Idaho,Minidoka,Minidoka,0,4,1380263.611,0,0,0,0,0,0,21,22,0,58,0,0,0,0,0,3,0,0,0,0,0,2,21,0,127,16,67,16067,643,253,66,85,37,21,23,12,9,70,88,76,19,102,85,66,12,24,18,36,12,0,12,0,12,61,0,0,36,24,6,0,1,34
1976,Idaho,Minidoka,Minidoka,0,4,33058405.8,0,0,45,0,6,38,224,108,123,88,50,50,54,0,34,6,18,0,0,36,3,21,30,93,1019,16,67,16067,2072,796,165,291,97,106,72,39,26,229,241,221,106,219,250,328,29,82,21,43,44,13,44,30,12,151,120,94,19,77,6,12,1,34
1977,Idaho,Minidoka,Minidoka,0,4,812044.8338,0,0,2,0,0,10,0,14,210,8,87,9,0,0,0,0,0,0,8,9,0,60,32,0,444,16,67,16067,1280,451,134,124,75,54,29,26,9,127,137,122,64,225,164,61,35,4,151,26,9,20,74,12,47,11,4,29,0,2,26,0,1,34
1978,Idaho,Minidoka,Minidoka,0,4,29953825.27,0,0,222,0,0,39,22,2,57,52,0,0,0,0,0,0,9,0,0,39,0,0,0,0,440,16,67,16067,682,227,64,67,27,25,24,14,6,64,69,64,30,50,60,117,19,24,2,4,1,17,2,1,34,6,48,42,4,19,3,1,1,34
1979,Idaho,Minidoka,Minidoka,0,4,3388819.57,0,0,75,0,64,42,42,42,98,44,104,24,0,0,250,0,87,2,6,664,3,87,48,310,1979,16,67,16067,2848,1031,273,315,130,142,92,56,23,281,377,345,28,419,301,311,141,91,61,20,106,72,58,93,39,39,114,131,20,45,0,1,1,34
1980,Idaho,Minidoka,Minidoka,0,4,30900957.97,0,0,122,0,0,2,57,0,0,6,0,0,0,0,0,0,0,0,0,9,0,72,38,12,314,16,67,16067,729,264,39,105,39,34,25,12,10,51,96,96,20,78,53,132,7,39,4,19,9,5,8,5,2,33,30,26,43,9,22,2,1,34
1981,Idaho,Minidoka,Minidoka,0,4,5495414.903,0,0,0,0,45,42,74,46,4,0,0,0,0,0,216,0,0,0,0,520,0,24,18,9,992,16,67,16067,789,273,67,75,43,41,27,13,7,74,99,92,7,101,74,97,0,3,46,24,28,4,22,13,26,9,30,23,37,1,0,6,1,34
1982,Idaho,Minidoka,Minidoka,0,4,11736478.69,0,0,0,0,0,2,0,0,0,0,0,0,186,0,88,0,0,0,0,3,0,9,0,0,286,16,67,16067,836,276,40,87,57,40,29,19,4,74,102,93,8,40,35,202,1,25,4,1,9,1,3,1,19,11,112,18,68,1,2,1,1,34
1983,Idaho,Minidoka,Minidoka,0,4,87875386.97,0,0,201,0,2,9,0,152,0,15,0,0,63,0,68,0,16,0,0,4,6,0,20,76,627,16,67,16067,757,250,55,101,21,27,24,13,9,50,91,91,18,73,49,128,6,38,3,17,9,5,5,7,1,31,29,24,41,10,22,2,1,34
1984,Idaho,Minidoka,Minidoka,0,4,102424819.5,0,0,267,0,0,0,0,63,18,2,0,0,32,0,0,4,0,0,0,0,0,0,0,0,383,16,67,16067,580,179,30,55,29,34,10,9,12,38,66,62,14,5,90,85,0,5,0,0,0,4,12,33,0,41,21,26,10,11,0,17,1,34
1985,Idaho,Minidoka,Minidoka,0,4,269922821.3,0,0,164,0,0,0,32,44,0,135,0,3,0,0,0,0,0,0,0,3,0,0,10,0,387,16,67,16067,1404,445,69,177,55,62,37,28,17,143,157,125,20,108,154,183,0,11,12,39,46,24,7,20,27,76,39,46,6,44,45,3,1,34
1986,Idaho,Minidoka,Minidoka,0,4,820946.6998,0,0,87,0,0,111,0,50,22,0,0,51,0,0,93,0,0,0,8,10,0,0,3,0,432,16,67,16067,621,231,52,77,22,33,28,12,7,72,83,65,11,65,89,77,15,8,23,4,15,4,12,11,8,54,23,39,7,4,4,0,1,34
1987,Idaho,Minidoka,Minidoka,0,4,23902560.9,0,0,39,0,8,16,33,260,14,20,27,10,56,0,86,6,9,0,16,10,0,26,34,16,681,16,67,16067,1358,484,94,167,66,80,38,19,20,141,167,147,29,148,167,169,11,22,43,34,38,34,12,32,21,68,35,70,48,3,4,9,1,34
1988,Idaho,Minidoka,Minidoka,0,4,15557535.23,0,0,30,0,0,52,0,6,72,0,0,0,0,0,3,30,2,0,14,15,0,3,12,0,237,16,67,16067,606,232,63,72,19,38,23,13,4,71,81,66,14,51,88,93,15,9,15,2,10,26,8,11,4,39,18,31,21,3,9,11,1,34
1989,Idaho,Minidoka,Minidoka,0,4,34960222.61,0,0,32,0,0,22,6,2,2,12,0,0,69,0,0,0,0,0,0,6,0,0,0,0,149,16,67,16067,360,141,40,44,22,20,7,5,3,45,50,40,6,32,48,61,2,4,3,11,12,12,2,5,7,22,10,14,6,13,13,5,1,34
1990,Idaho,Minidoka,Minidoka,0,4,37946743.66,0,0,46,2,0,36,0,44,39,0,0,0,0,0,0,0,6,0,0,8,0,176,4,0,358,16,67,16067,778,309,60,117,46,34,31,13,8,89,104,92,24,31,113,165,21,10,0,0,0,86,0,10,0,17,11,28,61,0,26,39,1,34
1991,Idaho,Minidoka,Minidoka,0,4,4764053.015,0,0,57,0,32,15,260,48,124,4,0,3,0,0,136,0,18,0,3,2,0,46,9,64,817,16,67,16067,2610,940,217,289,160,113,88,43,30,270,316,282,71,262,326,351,18,61,46,76,61,98,0,64,24,140,67,150,100,0,13,21,1,34
1992,Idaho,Nez Perce,Nez Perce,0,2,1084767441,0,0,27,0,3,154,632,16,0,16,14,3,30,0,0,0,0,20,40,212,2,8,18,4,1191,16,69,16069,2325,876,177,424,77,107,50,26,15,288,325,207,54,168,230,476,45,23,37,37,26,61,14,34,37,84,60,156,93,81,51,35,1,35
1993,Idaho,Oneida,Oneida,0,5,1581980522,0,0,24,0,0,4,15,9,94,54,8,0,26,0,201,8,0,2,4,15,3,12,0,27,502,16,71,16071,1330,492,116,177,60,60,42,24,13,156,179,117,40,109,156,227,17,25,38,18,11,26,31,59,10,30,67,67,21,30,10,32,1,36
1994,Idaho,Oneida,Oneida,0,5,1167616173,0,0,30,0,0,8,3,0,0,12,4,0,999,0,0,0,4,0,2,6,0,0,18,0,1079,16,71,16071,972,378,74,145,45,36,40,23,15,120,137,89,32,90,116,172,17,19,29,14,11,21,24,44,6,21,57,49,15,23,5,23,1,36
1995,Idaho,Oneida,Oneida,0,5,12288160.02,0,0,0,186,0,36,18,14,156,2,21,105,0,0,134,0,0,0,32,320,0,108,4,134,1259,16,71,16071,2022,743,220,216,85,91,63,52,16,236,272,175,60,142,247,354,22,40,32,25,23,72,44,52,26,53,126,96,75,1,49,7,1,36
1996,Idaho,Oneida,Oneida,0,5,144772065.4,0,0,0,0,0,0,0,0,6,3,0,0,42,0,0,0,0,0,0,0,0,0,0,0,51,16,71,16071,192,70,18,31,11,5,4,1,0,22,26,17,5,21,18,31,6,2,4,2,7,6,2,4,1,5,19,6,4,2,0,0,1,36
1997,Idaho,Oneida,Oneida,0,5,205305585.1,0,0,0,0,0,0,0,0,0,0,0,0,0,0,0,0,0,0,0,0,0,0,0,0,0,16,71,16071,49,11,0,3,5,0,0,0,3,4,3,3,1,3,3,5,1,0,1,0,1,1,1,0,0,1,3,1,1,0,0,0,1,36
1998,Idaho,Owyhee,Owyhee,0,3,375867997.6,0,0,22,0,0,33,9,40,8,4,0,0,0,0,3,14,2,0,8,2,0,0,6,0,149,16,73,16073,1363,457,75,182,64,49,52,15,20,136,169,109,43,101,154,202,25,10,23,27,16,26,38,6,28,56,73,51,21,22,21,14,1,37
1999,Idaho,Owyhee,Owyhee,0,3,7498458573,0,0,136,0,12,8,0,2,10,16,3,0,0,0,45,0,0,0,0,0,0,14,0,48,292,16,73,16073,756,293,89,97,28,22,28,15,14,100,115,56,23,109,92,93,21,5,11,55,17,37,9,36,0,10,19,9,19,10,14,22,1,37
2000,Idaho,Owyhee,Owyhee,0,3,40472697.25,0,0,36,9,10,0,0,14,22,15,0,0,48,0,9,0,0,0,20,15,0,15,0,10,222,16,73,16073,626,265,98,76,27,22,24,7,11,90,103,51,22,55,118,93,5,0,25,6,19,25,13,6,13,61,3,24,6,38,0,22,1,37
2001,Idaho,Payette,Payette,0,3,583445265.9,0,0,20,0,3,40,12,0,0,78,0,0,14,0,3,2,2,0,0,12,0,4,2,0,189,16,75,16075,1601,520,85,222,92,60,25,17,19,140,246,107,26,45,256,218,13,11,4,9,8,75,31,49,74,27,80,17,73,34,1,13,1,38
2002,Idaho,Payette,Payette,0,3,7281448.002,0,0,0,0,0,52,2,0,8,51,0,2,0,0,62,27,72,0,51,26,24,6,0,0,378,16,75,16075,2289,930,207,380,149,96,54,28,16,250,444,191,46,158,351,422,37,14,39,46,22,42,24,132,90,63,191,53,121,15,0,42,1,38
2003,Idaho,Payette,Payette,0,3,32293606.86,0,0,186,0,0,21,38,16,57,62,0,9,0,0,150,2,3,0,15,34,0,6,18,64,677,16,75,16075,1797,665,153,216,102,86,53,32,23,158,202,228,77,107,274,284,4,15,48,20,20,132,22,42,27,51,66,109,31,30,18,30,1,38
2004,Idaho,Payette,Payette,0,3,32709649.23,0,0,27,0,4,46,27,21,56,126,0,27,135,0,9,3,144,0,0,16,0,12,3,0,653,16,75,16075,1361,484,111,172,62,51,44,14,30,116,150,162,56,82,170,232,9,12,31,13,17,60,18,38,20,34,54,84,44,18,11,21,1,38
2005,Idaho,Payette,Payette,0,3,41942665.63,0,0,54,4,0,130,1437,110,136,3,44,6,0,0,228,21,76,0,58,153,0,147,86,130,2806,16,75,16075,5096,1824,444,602,239,253,135,77,74,563,677,406,175,438,581,802,75,74,129,75,85,127,50,36,184,184,136,230,311,24,46,55,1,38
2006,Idaho,Payette,Payette,0,3,6815834.639,0,0,28,0,0,14,18,0,68,0,0,68,0,0,194,3,81,0,387,462,0,58,15,2,1387,16,75,16075,1483,573,126,191,82,81,41,35,17,187,202,133,55,156,129,292,2,24,0,104,26,22,42,0,19,46,113,100,48,23,0,8,1,38
2007,Idaho,Payette,Payette,0,3,21965924.06,0,0,0,10,54,70,316,20,254,8,0,64,0,0,132,14,21,16,63,240,0,144,216,93,1724,16,75,16075,4450,1668,428,563,226,201,148,53,49,471,690,345,161,526,509,632,61,161,45,103,156,117,145,50,52,145,156,139,106,130,29,72,1,38
2008,Idaho,Payette,Payette,0,3,16203129.64,0,0,225,0,24,99,52,70,68,4,0,54,88,0,116,12,76,0,21,184,2,20,30,230,1366,16,75,16075,3485,1302,356,456,171,162,80,38,39,353,625,262,62,316,485,501,159,72,25,42,18,32,129,155,64,105,325,68,74,9,0,25,1,38
2009,Idaho,Power,Power,0,5,1154810560,0,0,270,0,0,33,942,126,3,74,0,0,0,0,87,0,2,0,0,9,0,21,28,4,1588,16,77,16077,807,268,62,95,29,34,21,18,9,52,130,73,14,62,73,134,0,0,14,34,14,45,11,1,15,1,54,44,2,5,27,2,1,39
2010,Idaho,Power,Power,0,5,585682981.3,0,0,0,0,0,6,0,16,12,8,0,0,86,0,0,0,0,0,0,4,0,0,0,0,131,16,77,16077,243,81,16,33,10,4,8,7,3,19,36,20,6,16,29,36,7,1,3,2,3,18,2,2,2,5,10,10,6,2,2,6,1,39
2011,Idaho,Power,Power,0,5,4320668.483,0,0,165,0,34,30,56,141,177,243,26,24,0,0,294,3,15,6,32,304,0,108,42,230,1916,16,77,16077,4330,1444,333,413,225,179,113,116,65,277,694,398,74,265,459,719,10,52,46,30,127,143,77,74,34,131,200,263,62,39,155,0,1,39
2012,Idaho,Power,Power,0,5,216815685.7,0,0,214,27,2,104,62,147,6,99,0,24,0,0,82,12,16,0,16,10,0,0,33,3,852,16,77,16077,999,363,73,125,57,52,28,15,13,71,173,99,20,66,167,130,10,8,15,20,13,52,1,56,21,37,74,10,34,2,4,6,1,39
2013,Idaho,Power,Power,0,5,1746784637,0,0,134,0,0,22,112,39,10,3,0,0,0,0,15,0,2,3,0,12,0,0,4,2,356,16,77,16077,1158,423,68,145,72,50,35,32,21,100,185,103,35,104,147,172,27,14,21,14,28,75,11,16,11,34,49,36,36,10,15,26,1,39
2014,Idaho,Power,Power,0,5,17486728,0,0,0,0,0,4,0,0,0,0,81,0,3,0,60,0,3,9,20,0,0,0,0,10,189,16,77,16077,336,107,11,35,13,15,18,5,10,36,35,36,0,0,0,107,0,0,0,0,0,0,0,0,0,0,54,53,0,0,0,0,1,39
2015,Idaho,Shoshone,Shoshone,0,1,2044266709,0,0,3,326,0,42,3,22,21,12,0,0,44,0,22,15,4,0,20,51,0,78,0,0,659,16,79,16079,2225,1013,319,408,124,91,35,18,18,409,367,217,22,389,332,294,39,87,145,77,41,63,63,88,20,98,136,35,57,23,31,12,1,40
2016,Idaho,Shoshone,Shoshone,0,1,17307047.8,0,0,3,2,18,117,80,27,202,20,6,8,0,0,126,0,90,0,9,27,0,32,6,38,803,16,79,16079,2677,1163,358,490,129,105,47,23,11,606,375,159,21,384,351,426,94,62,58,109,61,89,40,28,27,167,167,143,48,4,33,31,1,40
2017,Idaho,Shoshone,Shoshone,0,1,2991991.273,0,0,0,54,0,6,16,30,40,0,16,2,52,0,3,6,0,0,33,30,0,8,39,24,358,16,79,16079,1538,708,244,258,85,60,22,31,8,245,292,156,14,221,233,253,26,32,91,52,20,84,19,26,46,58,71,91,26,33,26,6,1,40
2018,Idaho,Shoshone,Shoshone,0,1,4214838271,0,0,21,22,2,2,0,0,8,4,8,0,39,0,15,0,0,0,0,0,0,16,0,9,145,16,79,16079,496,244,74,104,28,17,10,6,5,115,85,39,5,82,99,63,9,32,13,15,13,31,24,8,5,31,24,19,7,7,4,2,1,40
2019,Idaho,Shoshone,Shoshone,0,1,3943086.7,0,0,0,411,14,15,0,0,0,0,0,0,0,0,81,0,0,0,0,57,0,0,0,0,574,16,79,16079,612,238,81,86,27,18,14,8,4,83,93,52,10,76,86,76,11,43,22,0,0,0,21,22,0,43,44,0,10,0,22,0,1,40
2020,Idaho,Shoshone,Shoshone,0,1,1322059.06,0,0,0,2,6,3,15,48,46,0,0,9,0,0,80,4,22,0,3,254,90,99,3,240,918,16,79,16079,721,353,163,116,29,22,11,7,5,132,133,88,0,151,101,101,50,51,0,0,50,51,0,0,50,0,51,50,0,0,0,0,1,40
2021,Idaho,Teton,Teton,0,6,73121624.57,0,0,0,0,0,138,0,0,40,0,0,0,44,0,0,60,78,0,0,6,46,94,4,0,508,16,81,16081,888,330,71,131,57,29,20,13,9,45,157,128,0,35,64,231,18,2,11,2,2,6,0,5,14,39,33,14,40,63,43,38,1,41
2022,Idaho,Teton,Teton,0,6,84755920.14,0,0,9,0,0,166,135,10,114,3,34,6,0,0,76,14,30,0,150,32,20,76,24,21,915,16,81,16081,3007,1137,264,425,155,156,80,31,26,169,452,432,84,197,184,756,32,9,14,128,14,14,12,31,9,118,321,39,94,40,262,0,1,41
2023,Idaho,Teton,Teton,0,6,613445704,0,0,62,3,2,195,20,34,256,60,60,12,18,0,51,21,45,0,34,66,45,231,84,30,1320,16,81,16081,3430,1236,259,429,228,168,86,35,31,203,569,365,100,352,259,626,21,117,59,62,93,68,19,52,42,78,101,136,129,76,166,18,1,41
2024,Idaho,Teton,Teton,0,6,48838303,0,0,4,0,15,81,57,12,86,8,26,34,0,0,322,22,62,0,48,333,92,126,130,183,1630,16,81,16081,2466,990,253,336,148,116,75,36,26,225,353,390,22,90,210,690,15,34,5,18,18,40,31,35,34,70,184,122,167,49,136,32,1,41
2025,Idaho,Teton,Teton,0,6,178147408.3,0,0,38,0,0,36,3,4,12,3,2,0,242,0,14,8,0,0,34,0,0,4,10,9,416,16,81,16081,973,375,79,152,54,50,14,14,12,122,120,130,3,103,111,161,4,0,74,1,24,5,0,6,45,55,28,16,78,5,34,0,1,41
2026,Idaho,Teton,Teton,0,6,1044051.333,0,0,0,0,0,6,0,0,0,0,0,0,0,0,0,0,20,0,4,2,0,12,0,0,43,16,81,16081,565,202,36,50,36,38,28,11,3,18,145,38,0,21,38,142,0,0,15,0,6,0,0,3,0,35,39,23,21,50,0,9,1,41
2027,Idaho,Teton,Teton,0,6,158545012.2,0,0,72,0,0,8,0,8,44,0,0,0,0,0,0,0,0,0,0,15,0,0,24,0,168,16,81,16081,301,90,22,26,22,9,6,4,1,35,19,36,0,90,0,0,0,0,0,90,0,0,0,0,0,0,0,0,0,0,0,0,1,41
2028,Idaho,Twin Falls,Twin Falls,0,4,165428699.5,0,0,546,3,0,0,0,0,6,14,2,0,0,0,0,0,0,0,0,0,2,0,0,0,568,16,83,16083,694,178,28,42,15,42,32,14,5,34,72,58,14,23,76,79,10,8,4,0,1,21,12,20,1,22,13,32,8,9,11,6,1,42
2029,Idaho,Twin Falls,Twin Falls,0,4,44812303.78,0,0,38,0,4,148,82,162,945,14,2,3,0,0,0,81,38,2,30,321,6,290,27,2,2179,16,83,16083,4013,1265,197,464,152,194,133,74,51,319,385,438,123,107,277,881,22,43,18,7,17,135,16,21,12,93,110,142,282,66,72,209,1,42
2030,Idaho,Twin Falls,Twin Falls,0,4,14649451.95,0,0,24,0,0,394,225,312,1596,172,117,327,0,0,538,180,420,74,764,1737,110,1188,354,34,8510,16,83,16083,19679,7369,1885,2559,1075,897,513,254,186,1953,2369,2458,587,1331,2124,3912,254,271,232,183,391,427,398,415,225,659,1042,1055,592,390,547,286,1,42
2031,Idaho,Twin Falls,Twin Falls,0,4,5202826.978,0,0,66,0,130,674,1040,550,464,609,14,15,0,0,15,6,98,60,108,48,9,39,250,96,4262,16,83,16083,645,223,47,78,30,33,20,9,6,35,102,76,12,112,89,24,4,25,46,2,35,15,14,38,6,16,6,1,17,0,0,0,1,42
2032,Idaho,Twin Falls,Twin Falls,0,4,2658457.047,0,0,3,0,0,9,42,292,8,21,24,6,0,0,88,0,18,54,58,3,4,4,0,0,632,16,83,16083,3303,1079,228,301,184,166,120,50,30,141,415,482,41,121,412,546,44,28,10,0,39,114,23,64,55,156,226,132,124,64,0,0,1,42
2033,Idaho,Twin Falls,Twin Falls,0,4,1440994.012,0,0,3,0,16,69,18,110,624,50,183,440,60,0,224,8,645,82,1276,528,21,358,64,1497,6235,16,83,16083,2653,1086,486,311,118,89,46,25,11,243,444,377,30,407,364,323,132,57,46,104,68,63,127,77,39,58,59,119,40,45,18,42,1,42
2034,Idaho,Twin Falls,Twin Falls,0,4,10153743.23,0,0,10,0,0,176,1928,246,244,232,3,0,0,0,240,86,57,15,60,129,30,96,352,0,3879,16,83,16083,2220,946,290,327,131,109,41,32,16,157,370,388,32,286,350,311,99,67,11,60,49,133,10,23,11,173,91,58,150,5,6,1,1,42
2035,Idaho,Twin Falls,Twin Falls,0,4,2747361.01,0,0,42,0,0,30,0,0,51,9,0,0,0,0,30,0,48,0,0,56,0,24,2,0,289,16,83,16083,3965,1469,358,496,236,190,103,47,39,378,451,549,92,439,416,615,26,82,235,33,63,115,63,104,8,126,229,130,140,22,69,25,1,42
2036,Idaho,Twin Falls,Twin Falls,0,4,17152485.2,0,0,0,0,2,50,2,3,0,0,0,4,63,0,0,0,0,0,12,0,0,0,9,0,143,16,83,16083,740,253,45,128,34,22,11,10,3,44,99,101,9,45,50,158,5,4,8,18,10,7,2,16,1,24,14,37,26,35,24,22,1,42
2037,Idaho,Twin Falls,Twin Falls,0,4,75534057.96,0,0,124,0,0,93,44,46,8,135,0,3,0,0,0,4,15,0,15,104,3,6,8,0,603,16,83,16083,1648,620,110,254,94,68,54,27,13,139,209,239,32,141,170,308,9,60,14,14,44,44,42,20,34,30,136,36,57,10,66,3,1,42
2038,Idaho,Twin Falls,Twin Falls,0,4,1494239615,0,0,32,0,0,4,0,0,2,14,0,0,0,0,18,0,3,0,0,2,0,0,0,0,73,16,83,16083,511,199,40,54,39,27,17,17,5,38,79,66,16,33,88,78,6,8,4,3,12,12,16,3,11,46,19,33,8,4,12,2,1,42
2039,Idaho,Twin Falls,Twin Falls,0,4,68611860.51,0,0,68,0,9,24,30,69,0,8,0,0,9,0,86,2,0,0,0,3,0,0,0,3,307,16,83,16083,772,237,40,67,27,47,30,15,11,58,97,75,7,70,87,80,10,15,14,11,20,15,17,12,5,38,18,23,12,12,11,4,1,42
2040,Idaho,Twin Falls,Twin Falls,0,4,15548464.45,0,0,33,0,0,62,408,22,2,2,0,2,64,0,6,0,6,0,2,0,2,12,33,0,650,16,83,16083,1497,540,100,223,78,67,47,12,13,117,192,202,28,93,164,282,11,7,24,30,21,31,43,34,27,29,150,34,21,13,51,13,1,42
2041,Idaho,Twin Falls,Twin Falls,0,4,31385224.72,0,0,112,0,45,134,219,28,333,52,0,99,0,0,177,8,63,0,2,258,14,213,33,110,1886,16,83,16083,4611,1774,511,580,257,204,107,65,50,601,616,522,35,590,552,632,128,159,99,120,84,111,104,46,137,154,142,355,53,29,47,6,1,42
2042,Idaho,Twin Falls,Twin Falls,0,4,101028138.9,0,0,72,0,0,38,242,8,50,9,0,6,156,0,0,2,39,51,12,10,0,2,12,0,702,16,83,16083,1414,538,98,244,69,52,43,12,20,176,161,145,55,67,74,396,2,9,3,48,5,1,21,15,6,31,55,148,49,38,71,35,1,42
2043,Idaho,Twin Falls,Twin Falls,0,4,7113134.05,0,0,14,0,0,186,87,69,196,460,0,16,0,0,322,16,48,54,72,1188,2,165,9,2,2888,16,83,16083,9158,3302,873,1044,518,419,255,116,77,737,1511,859,195,1799,815,688,464,342,288,310,395,96,16,324,57,322,136,341,110,18,77,6,1,42
2044,Idaho,Twin Falls,Twin Falls,0,4,9193084.111,0,0,52,0,0,33,2,2,0,3,0,10,244,0,34,4,46,0,30,170,34,282,6,0,948,16,83,16083,3556,1106,196,418,142,156,87,65,42,223,530,290,60,286,225,592,46,0,28,185,27,15,53,45,34,78,117,194,107,72,53,49,1,42
2045,Idaho,Twin Falls,Twin Falls,0,4,60070706.76,0,0,62,0,0,132,112,10,28,111,21,2,66,0,93,0,62,0,14,18,9,0,99,60,893,16,83,16083,2566,874,126,333,132,126,79,44,34,214,364,231,66,231,198,446,102,11,26,22,70,17,7,60,27,87,95,130,130,25,30,36,1,42
2046,Idaho,Twin Falls,Twin Falls,0,4,1467249.156,0,0,0,0,0,38,26,0,46,0,21,0,92,0,150,0,3,0,44,15,0,14,8,6,457,16,83,16083,1769,661,163,189,112,94,42,32,29,219,192,173,77,306,221,134,79,86,0,90,51,73,17,41,48,42,41,55,4,20,14,0,1,42
2047,Idaho,Twin Falls,Twin Falls,0,4,440592163.1,0,0,63,0,2,2,2,0,0,2,2,0,88,0,0,0,0,0,18,0,50,96,0,0,320,16,83,16083,610,235,69,73,36,28,13,10,6,68,80,67,21,64,87,85,19,7,18,7,13,13,18,6,20,30,25,25,20,7,4,4,1,42
2048,Idaho,Twin Falls,Twin Falls,0,4,58132321.36,0,0,87,0,0,36,3,32,0,21,0,0,0,0,72,2,6,0,9,0,0,14,4,0,283,16,83,16083,2114,825,165,365,87,103,60,28,17,270,258,222,74,158,313,353,22,60,10,44,22,5,34,75,55,144,142,148,27,35,0,1,1,42
2049,Idaho,Twin Falls,Twin Falls,0,4,1438335083,0,0,148,0,15,36,21,15,40,2,0,0,0,0,3,0,2,0,28,0,0,0,8,0,316,16,83,16083,1472,529,88,223,72,62,41,30,13,102,210,175,42,92,165,272,24,22,18,12,16,21,18,13,41,72,64,72,53,18,46,19,1,42
2050,Idaho,Twin Falls,Twin Falls,0,4,25115885.64,0,0,39,0,0,54,0,52,20,2,0,0,0,0,87,0,2,0,2,90,0,82,9,58,493,16,83,16083,2291,773,153,273,87,92,90,53,25,148,278,285,64,143,223,409,7,32,45,18,41,48,14,27,23,111,107,148,75,51,9,19,1,42
2051,Idaho,Twin Falls,Twin Falls,0,4,671074.4687,0,0,12,0,0,45,0,0,74,36,0,10,62,0,0,0,0,0,3,10,0,27,0,33,310,16,83,16083,1156,388,82,110,75,41,34,31,15,67,126,151,42,77,103,206,0,34,9,8,26,0,0,17,18,68,52,85,35,25,0,9,1,42
2052,Idaho,Twin Falls,Twin Falls,0,4,1812232.69,0,0,18,0,0,54,238,21,8,0,0,8,0,0,18,0,2,0,0,3,0,9,0,57,432,16,83,16083,834,269,46,72,37,67,24,7,16,44,93,105,28,21,74,175,0,0,21,0,0,30,0,10,8,26,55,72,30,18,0,0,1,42
2053,Idaho,Twin Falls,Twin Falls,0,4,14610215.15,0,0,27,0,0,20,1179,3,2,42,0,0,0,0,4,2,3,0,10,0,0,0,0,0,1283,16,83,16083,1058,338,30,96,51,71,46,23,21,59,120,133,27,56,81,202,2,15,11,12,16,10,2,12,8,49,40,65,35,33,10,19,1,42
2054,Idaho,Twin Falls,Twin Falls,0,4,7303171.904,0,0,12,0,0,28,4,0,14,0,0,0,0,0,348,0,62,0,0,154,0,4,45,0,668,16,83,16083,1413,472,100,133,77,64,41,45,12,86,165,177,44,95,133,244,2,28,23,19,23,14,5,16,19,79,70,93,39,30,0,12,1,42
2055,Idaho,Twin Falls,Twin Falls,0,4,51764586.3,0,0,76,0,0,10,0,0,0,10,0,0,0,0,18,0,0,0,0,2,4,3,0,0,124,16,83,16083,718,259,52,121,34,26,10,7,9,69,107,80,3,112,82,65,4,15,37,56,0,0,15,0,11,56,43,3,9,9,1,0,1,42
2056,Idaho,Valley,Valley,0,3,942544713,0,0,0,60,14,104,0,0,36,10,0,0,0,0,12,21,22,0,2,54,196,54,3,4,589,16,85,16085,2111,1030,305,472,89,98,38,24,4,655,216,128,32,341,255,435,38,92,56,103,52,15,12,79,32,117,142,125,67,40,45,16,1,43
2057,Idaho,Valley,Valley,0,3,5277832.637,0,0,9,0,3,10,0,4,129,16,0,39,0,0,78,8,3,0,0,9,0,130,3,86,525,16,85,16085,826,370,133,158,36,19,10,11,3,259,74,37,0,222,74,74,37,74,37,37,37,0,0,37,0,37,37,37,0,0,0,0,1,43
2058,Idaho,Valley,Valley,0,3,8452605977,0,0,9,0,2,368,6,0,16,0,0,9,54,0,46,24,0,4,3,30,0,420,9,6,1000,16,85,16085,1980,898,249,409,104,75,35,21,5,343,186,316,52,211,228,458,38,10,21,55,87,38,10,53,21,106,82,119,68,37,100,52,1,43
2059,Idaho,Valley,Valley,0,3,143111859.2,0,0,3,0,9,164,8,14,39,4,3,0,21,0,12,22,14,0,10,6,6,8,4,26,370,16,85,16085,1695,628,122,300,78,63,38,17,10,282,108,234,5,137,124,368,21,36,7,28,45,35,0,24,17,48,82,88,80,34,60,24,1,43
2060,Idaho,Valley,Valley,0,3,120965417.9,0,0,16,16,12,216,26,34,536,34,30,62,0,0,309,80,96,0,130,216,74,688,126,704,3383,16,85,16085,5134,2205,643,890,253,264,83,38,34,801,547,747,109,547,431,1226,68,157,37,74,211,212,31,42,12,134,248,243,269,130,268,68,1,43
2061,Idaho,Washington,Washington,0,3,2068691161,0,0,18,0,0,34,0,9,32,21,120,2,0,0,52,2,0,4,2,28,3,3,9,6,343,16,87,16087,1342,558,153,214,71,70,28,12,10,203,181,161,13,159,146,253,28,7,42,55,27,30,36,33,15,32,79,65,44,19,15,31,1,44
2062,Idaho,Washington,Washington,0,3,1705301677,0,0,207,0,0,20,537,2,88,8,14,6,45,0,45,0,4,0,6,32,2,33,8,0,1048,16,87,16087,2437,951,208,432,115,87,51,32,26,395,343,163,50,330,259,362,72,61,80,54,63,50,37,56,32,84,127,85,60,34,20,36,1,44
2063,Idaho,Washington,Washington,0,3,35488290.3,0,0,10,0,0,27,0,30,0,4,0,3,52,0,92,2,51,0,0,0,14,0,9,0,292,16,87,16087,1415,528,105,239,78,48,27,14,17,206,183,129,10,212,154,162,31,104,26,1,50,58,12,29,24,31,19,62,70,6,5,0,1,44
2064,Idaho,Washington,Washington,0,3,8406011.65,0,0,82,0,14,62,494,26,332,0,6,40,0,0,218,20,66,0,16,572,2,255,34,333,2553,16,87,16087,5306,2050,557,721,295,199,128,75,75,839,739,405,67,809,817,424,172,116,186,153,182,132,142,119,124,300,100,124,117,44,31,8,1,44
2065,Idaho,Payette,Payette,0,3,224595358.6,0,0,140,8,0,54,300,30,16,16,0,0,0,0,0,0,4,0,8,10,3,2,3,0,590,16,75,16075,1922,652,105,266,96,83,47,28,27,146,315,114,77,76,277,299,32,13,4,7,20,69,148,23,25,12,102,26,114,12,7,38,1,38
2066,Idaho,Payette,Payette,0,3,95739946.3,0,0,68,0,0,81,50,2,24,0,0,0,0,0,9,3,33,0,3,15,0,0,0,0,285,16,75,16075,1903,605,104,220,90,89,52,35,15,144,184,207,70,114,95,396,56,33,9,11,5,33,15,13,8,26,81,63,161,26,13,52,1,38
2067,Idaho,Gem,Gem,0,3,136068653.2,0,0,74,0,0,88,116,56,159,18,0,0,0,0,0,8,12,0,44,30,14,44,32,45,732,16,45,16045,3486,1245,198,525,189,157,86,49,41,457,359,357,73,320,362,564,26,148,45,80,21,7,85,110,39,121,216,119,96,19,95,19,1,23
2068,Idaho,Gem,Gem,0,3,186834930.4,0,0,15,0,0,42,18,2,0,18,0,0,0,0,52,4,6,0,4,3,0,0,0,0,164,16,45,16045,1117,424,69,216,49,48,19,8,15,171,105,100,49,102,95,228,29,13,0,20,40,6,8,28,14,39,65,46,51,24,3,39,1,23
2069,Idaho,Boise,Boise,0,3,487135775,0,0,0,0,0,3,0,0,0,0,0,0,0,0,99,0,3,0,0,0,0,2,4,0,110,16,15,16015,369,159,21,85,22,11,6,4,10,62,63,32,2,38,88,33,12,3,11,5,7,37,5,14,16,16,9,5,13,0,5,1,1,8
2070,Idaho,Boise,Boise,0,3,2855502578,0,0,9,0,0,3,8,36,33,0,0,0,0,0,2,0,6,0,8,86,2,14,2,0,204,16,15,16015,1240,512,128,251,56,44,15,15,3,169,223,109,11,182,194,136,31,8,66,53,24,55,28,41,46,24,32,31,42,18,5,8,1,8
2071,Idaho,Elmore,Elmore,0,3,4351790995,0,0,34,0,6,108,154,16,4,66,6,0,3,0,8,0,8,0,14,130,4,75,24,50,706,16,39,16039,2231,890,197,364,139,102,44,21,23,238,342,256,55,156,327,408,23,24,21,45,43,26,65,103,95,38,60,88,65,85,108,2,1,20
2072,Idaho,Elmore,Elmore,0,3,542197203.6,0,0,32,0,0,0,36,8,8,0,0,0,0,0,3,0,0,0,84,0,0,0,0,0,168,16,39,16039,213,61,4,20,12,10,5,8,2,12,28,18,3,18,19,24,2,0,1,1,14,5,2,4,6,2,10,3,2,0,6,3,1,20
2073,Idaho,Owyhee,Owyhee,0,3,11479470314,0,0,396,28,4,102,9,8,0,18,0,8,0,0,38,0,6,0,75,0,8,12,8,134,846,16,73,16073,2153,797,199,288,102,92,69,25,22,267,309,152,65,226,231,336,29,44,69,36,48,39,58,51,20,63,99,135,22,18,14,48,1,37
2074,Idaho,Owyhee,Owyhee,0,3,59744820.43,0,0,81,0,0,46,4,0,0,14,0,4,0,0,0,3,0,0,3,0,0,0,0,0,155,16,73,16073,759,259,47,101,40,34,21,10,6,78,106,63,10,61,50,146,11,16,20,10,4,8,20,4,6,12,50,48,27,9,1,11,1,37
2075,Idaho,Owyhee,Owyhee,0,3,2631015.238,0,0,10,0,0,0,6,0,39,0,3,0,0,0,152,0,0,0,14,22,0,16,9,18,288,16,73,16073,615,224,24,85,28,26,22,24,15,66,92,56,10,64,73,87,16,23,15,6,4,11,17,16,2,27,17,21,34,12,3,0,1,37
2076,Idaho,Owyhee,Owyhee,0,3,4084377.401,0,0,0,0,0,12,0,60,22,2,0,3,39,0,34,3,0,0,0,48,0,27,0,34,283,16,73,16073,824,282,79,83,35,26,34,21,4,85,117,70,11,80,94,109,23,27,19,8,3,16,22,19,1,36,21,26,42,15,5,0,1,37
2077,Idaho,Owyhee,Owyhee,0,3,44513857.53,0,0,362,0,0,60,138,50,4,26,0,0,80,0,0,9,0,0,8,0,0,4,0,0,735,16,73,16073,1141,411,97,158,48,33,32,29,14,120,157,102,30,122,97,190,9,20,35,49,9,20,22,13,15,27,91,57,20,8,2,12,1,37
2078,Idaho,Owyhee,Owyhee,0,3,34408331.2,0,0,46,0,38,84,30,34,182,3,18,14,0,0,240,0,36,0,45,218,9,172,4,98,1262,16,73,16073,3356,1125,221,339,198,152,101,71,43,327,396,269,132,450,352,322,17,95,74,150,114,96,78,32,38,108,176,49,63,13,14,7,1,37
2079,Idaho,Bingham,Bingham,0,5,985298496.5,0,0,22,24,0,76,4,3,6,22,0,2,170,0,0,0,4,0,0,0,0,0,4,0,337,16,11,16011,826,258,52,95,26,37,18,12,18,68,97,71,22,75,49,134,0,14,2,17,42,14,0,0,5,30,16,27,38,30,16,7,1,6
2080,Idaho,Bingham,Bingham,0,5,88984202.86,0,0,66,0,68,100,342,237,44,66,0,0,0,0,348,0,8,6,134,118,15,15,48,14,1617,16,11,16011,4236,1280,225,416,170,164,123,118,64,270,486,400,122,305,403,570,10,119,64,46,66,105,41,47,49,161,132,128,124,43,106,37,1,6
2081,Idaho,Jefferson,Jefferson,0,6,1062477388,0,0,252,0,8,14,34,28,74,52,8,4,218,0,110,0,8,0,14,10,0,10,16,0,854,16,51,16051,1028,325,72,81,40,55,40,26,11,55,162,88,20,89,109,127,18,22,11,18,20,8,24,15,30,32,45,44,20,3,7,8,1,26
2082,Idaho,Bonneville,Bonneville,0,6,10479185.12,0,0,0,0,0,14,8,0,0,0,0,0,54,0,0,0,0,0,4,4,0,0,2,0,85,16,19,16019,309,104,24,39,18,10,8,2,3,19,31,43,11,15,19,70,3,4,1,7,0,5,5,3,3,3,3,21,13,10,2,21,1,10
2083,Idaho,Jefferson,Jefferson,0,6,120811615.2,0,0,96,0,0,123,1101,86,10,4,32,22,0,0,508,4,108,0,16,33,0,0,38,26,2193,16,51,16051,5323,1662,241,575,235,174,211,134,92,255,749,448,212,287,366,1011,32,26,5,148,76,90,44,123,43,66,208,255,262,23,184,79,1,26
2084,Idaho,Bonneville,Bonneville,0,6,7788816.606,0,0,21,0,0,0,0,3,0,0,0,0,202,0,0,2,0,0,0,0,0,0,0,0,226,16,19,16019,148,46,12,15,5,4,6,0,4,8,14,19,5,5,13,28,0,2,0,3,0,3,1,3,0,6,5,10,7,3,2,1,1,10
2085,Idaho,Jefferson,Jefferson,0,6,51909158.99,0,0,16,0,3,548,39,111,51,45,2,2,0,0,15,84,15,0,39,46,26,14,26,140,1211,16,51,16051,8042,2255,246,652,347,340,278,228,164,346,833,839,237,154,718,1383,56,29,30,18,21,14,53,153,123,375,348,431,346,76,121,61,1,26
2086,Idaho,Bonneville,Bonneville,0,6,7749625.855,0,0,9,0,0,68,0,0,0,2,0,0,278,0,0,0,0,0,0,0,0,0,0,0,353,16,19,16019,389,111,9,51,10,10,7,20,4,20,34,45,12,14,31,66,1,4,1,7,1,7,2,6,1,15,11,24,17,6,6,2,1,10
2087,Idaho,Idaho,Idaho,0,2,36415196.62,0,0,9,0,0,12,0,14,66,62,0,3,0,0,0,6,2,0,0,12,0,27,4,9,224,16,49,16049,598,286,86,115,32,34,16,2,1,137,81,57,11,100,133,53,14,25,20,14,27,50,5,33,14,31,22,15,9,0,6,1,1,25
2088,Idaho,Bonner,Bonner,0,1,136496864.2,0,0,4,0,0,21,0,0,56,21,3,9,40,0,90,4,4,0,0,10,2,30,18,14,325,16,17,16017,1286,541,184,202,54,51,30,11,9,260,142,139,0,228,117,196,67,77,15,32,37,15,15,17,38,32,134,20,32,5,3,2,1,9
2089,Idaho,Nez Perce,Nez Perce,0,2,495469178.4,0,0,68,0,0,76,54,3,0,38,2,3,0,0,0,39,0,0,27,0,410,0,24,0,738,16,69,16069,1392,599,145,239,81,66,46,12,10,203,215,149,31,169,159,270,15,40,45,57,12,37,37,23,15,47,63,107,36,9,32,23,1,35
2090,Idaho,Nez Perce,Nez Perce,0,2,1826552.617,0,0,0,0,0,9,16,0,57,0,28,3,0,0,178,33,0,0,0,0,0,3,0,736,1058,16,69,16069,1148,343,66,73,70,42,44,26,22,0,0,0,0,0,0,0,0,0,0,0,0,0,0,0,0,0,0,0,0,0,0,0,1,35
2091,Idaho,Nez Perce,Nez Perce,0,2,841392.7475,0,0,20,0,0,0,0,0,15,0,0,2,75,0,44,0,0,0,0,6,0,0,0,12,171,16,69,16069,427,163,45,63,21,9,16,5,4,0,0,0,0,0,0,0,0,0,0,0,0,0,0,0,0,0,0,0,0,0,0,0,1,35
2092,Idaho,Nez Perce,Nez Perce,0,2,553796512.4,0,0,69,0,0,10,10,4,16,10,0,0,26,0,9,0,3,0,2,3,34,12,3,27,238,16,69,16069,1748,749,202,333,105,50,29,10,20,278,245,196,33,224,208,320,29,50,56,48,41,36,23,32,48,69,106,102,83,12,6,11,1,35
2093,Idaho,Bonner,Bonner,0,1,423326674.5,0,0,48,0,9,231,303,18,306,2,0,9,3,0,12,8,42,0,28,9,256,81,4,9,1369,16,17,16017,4948,1986,434,911,213,258,102,36,32,810,621,525,30,589,455,942,66,110,39,198,176,178,61,91,48,77,130,308,160,132,116,96,1,9
2094,Idaho,Shoshone,Shoshone,0,1,461947320.5,0,0,9,84,0,60,54,0,0,18,0,3,0,0,3,0,160,0,46,4,189,68,38,4,736,16,79,16079,1725,687,174,300,110,48,33,13,9,263,254,157,16,237,210,243,32,45,59,39,62,60,31,35,28,56,67,85,24,23,35,9,1,40
2095,Idaho,Clearwater,Clearwater,0,2,1445287778,0,0,114,0,4,15,30,0,0,2,9,0,0,0,98,0,0,0,26,224,0,12,18,45,592,16,35,16035,2729,980,247,474,134,57,31,12,25,410,326,244,2,286,258,438,76,59,34,32,85,23,66,51,43,75,170,115,40,41,28,44,1,18
2096,Idaho,Boise,Boise,0,3,119847392.6,0,0,0,0,0,24,0,10,0,2,0,2,68,0,0,6,14,0,10,0,0,0,14,0,148,16,15,16015,1374,607,132,297,86,46,19,10,17,91,367,131,18,71,76,460,32,0,20,3,16,0,0,37,23,16,99,59,82,111,59,50,1,8
2097,Idaho,Boise,Boise,0,3,4547668.397,0,0,0,0,0,8,26,0,18,2,0,0,0,0,78,0,0,0,2,4,0,26,0,16,177,16,15,16015,709,307,102,100,41,26,22,8,8,101,152,51,0,0,0,304,0,0,0,0,0,0,0,0,0,0,203,0,101,0,0,0,1,8
2098,Idaho,Owyhee,Owyhee,0,3,397968903.9,0,0,0,0,0,9,3,6,0,0,0,3,21,0,0,0,0,0,0,0,0,0,0,0,42,16,73,16073,236,88,28,44,6,5,3,1,1,29,35,17,7,19,37,32,1,2,7,2,7,7,5,3,4,18,3,10,1,11,1,6,1,37
2099,Idaho,Boise,Boise,0,3,306968128.1,0,0,4,0,0,20,6,3,14,9,2,0,0,0,0,0,2,0,0,0,9,32,8,0,106,16,15,16015,486,176,37,75,32,20,5,3,4,69,70,36,4,36,53,90,9,3,13,6,5,14,13,9,3,14,52,8,17,6,5,2,1,8
2100,Idaho,Boise,Boise,0,3,362499945.9,0,0,21,0,2,128,0,6,60,9,14,9,0,0,93,12,3,0,9,9,57,26,14,3,469,16,15,16015,1801,850,236,428,72,53,26,17,18,369,275,194,12,178,283,389,17,32,31,28,70,30,23,125,23,82,81,97,81,31,53,46,1,8
2101,Idaho,Gem,Gem,0,3,4900388.74,0,0,8,0,0,171,0,0,368,3,15,75,0,0,290,15,106,8,24,370,8,153,4,422,2025,16,45,16045,4043,1566,481,499,231,167,93,48,47,536,487,491,54,562,468,538,134,71,82,208,67,113,96,106,107,46,198,174,65,58,28,15,1,23
2102,Idaho,Bingham,Bingham,0,5,41366594.72,0,0,4,4,0,14,0,0,2,20,0,15,159,0,63,4,9,0,3,66,0,0,2,0,362,16,11,16011,1585,556,83,207,101,47,58,34,26,107,238,193,19,80,66,411,5,17,9,25,24,3,0,11,5,47,70,126,85,59,26,45,1,6
2103,Idaho,Bannock,Bannock,0,5,88143676.29,0,0,0,0,0,4,0,0,0,0,0,6,56,0,0,0,0,0,0,0,0,0,0,0,66,16,5,16005,467,173,43,51,33,24,7,6,9,57,55,46,15,28,40,105,11,1,3,4,9,1,11,2,9,17,16,35,14,10,12,18,1,3
2104,Idaho,Bannock,Bannock,0,5,17888387.56,0,0,0,0,0,3,0,0,0,0,0,0,0,0,0,0,0,0,0,6,0,0,0,0,9,16,5,16005,593,214,49,75,31,20,12,10,17,96,64,54,0,90,56,68,23,11,0,34,22,11,12,0,0,33,12,11,22,12,11,0,1,3
2105,Idaho,Madison,Madison,0,6,8788073.707,0,0,46,0,0,96,333,177,340,33,146,234,0,0,3202,315,1365,3,1047,782,80,980,124,384,9623,16,65,16065,27567,5555,797,2689,937,472,278,266,116,826,1936,2463,330,2687,1735,1133,740,360,628,703,256,405,143,210,290,687,215,374,295,198,25,26,1,33
2106,Idaho,Madison,Madison,0,6,13692660.07,0,0,22,0,64,86,333,69,330,194,3,72,8,316,324,74,208,0,66,1632,30,180,70,56,4110,16,65,16065,7443,1788,255,573,279,242,156,175,108,273,663,498,354,404,380,1004,102,103,86,67,46,5,81,59,30,205,76,126,367,180,59,196,1,33
2107,Idaho,Lemhi,Lemhi,0,6,1442900196,0,0,0,0,0,0,0,0,0,0,0,0,296,0,0,0,2,0,0,0,0,0,0,0,295,16,59,16059,186,100,22,43,18,6,7,3,1,45,25,27,4,46,29,26,9,15,13,6,3,4,8,6,6,5,5,7,7,7,0,0,1,30
2108,Idaho,Elmore,Elmore,0,3,834022765.3,0,0,66,0,14,0,0,0,82,0,0,0,0,0,0,0,0,0,0,0,4,158,0,0,322,16,39,16039,405,150,19,78,26,15,6,5,1,60,50,32,8,71,47,32,12,19,11,19,10,12,7,8,9,11,8,11,6,1,1,5,1,20
2109,Idaho,Idaho,Idaho,0,2,829808402,0,0,69,20,24,226,435,57,27,63,0,0,0,0,0,4,27,0,4,134,0,22,34,372,1509,16,49,16049,3207,1264,331,482,171,118,84,40,38,500,353,377,35,359,396,510,61,141,54,59,44,87,70,78,35,126,146,132,80,44,51,57,1,25
2110,Idaho,Twin Falls,Twin Falls,0,4,585323507,0,0,704,12,0,86,0,20,118,68,0,0,0,0,39,0,24,0,21,44,8,45,22,0,1201,16,83,16083,3897,1350,307,501,191,162,92,72,25,435,408,366,141,375,358,617,68,74,69,76,88,60,48,59,102,89,140,177,157,76,44,23,1,42
2111,Idaho,Twin Falls,Twin Falls,0,4,231798068.7,0,0,312,0,0,2,0,0,9,66,0,0,0,0,64,0,2,0,2,0,0,0,0,27,480,16,83,16083,700,264,57,81,38,49,21,10,8,85,84,72,23,71,91,102,23,9,16,10,13,15,20,17,19,20,17,16,42,18,7,2,1,42
2112,Idaho,Minidoka,Minidoka,0,4,569899.5808,0.44,0.12,0,0,0,18,6,0,0,3,0,0,62,0,0,0,0,0,0,3,0,0,0,2,92,16,67,16067,41,11,2,5,0,0,3,1,0,3,4,4,0,4,4,3,0,0,2,1,1,0,2,0,1,1,0,1,2,0,0,0,1,34
2113,Idaho,Minidoka,Minidoka,0,4,1483022.809,0,0,76,0,0,33,62,3,45,0,32,18,0,0,0,0,0,0,2,3,20,58,2,0,350,16,67,16067,164,64,9,27,11,8,5,1,3,19,22,18,6,14,24,27,0,2,6,3,3,2,0,6,3,13,1,9,13,0,1,3,1,34
2114,Idaho,Minidoka,Minidoka,0,4,2390457.299,0,0,0,0,0,142,981,54,0,0,0,0,0,0,0,0,0,0,2,0,0,0,51,0,1222,16,67,16067,136,44,18,10,5,6,2,3,0,14,16,12,2,13,16,15,3,2,4,1,3,1,1,3,2,9,4,8,1,1,1,0,1,34
2115,Idaho,Twin Falls,Twin Falls,0,4,3833003.688,0,0,4,0,33,66,57,96,390,30,4,124,0,0,1972,63,190,4,1035,465,0,600,62,76,5239,16,83,16083,5766,2184,656,725,336,258,108,62,39,412,1089,559,114,540,950,684,49,95,99,110,187,173,164,227,90,296,353,159,96,67,0,9,1,42
2116,Idaho,Twin Falls,Twin Falls,0,4,2586233.806,0,0,8,0,0,15,20,90,920,14,0,48,0,0,56,28,68,136,2,392,72,814,57,36,2755,16,83,16083,1578,625,193,208,89,72,38,12,13,141,291,162,36,87,240,303,3,7,26,29,22,94,18,26,16,86,54,82,74,89,4,0,1,42
2117,Idaho,Twin Falls,Twin Falls,0,4,2384456.205,0,0,0,0,0,6,1146,2,924,4,0,194,220,0,24,2,99,0,789,3128,63,999,32,0,7580,16,83,16083,911,473,188,152,52,38,26,12,5,95,229,125,26,122,94,259,10,0,11,101,0,8,29,16,15,26,48,89,33,37,29,23,1,42
2118,Idaho,Twin Falls,Twin Falls,0,4,1099861.612,0,0,0,0,0,15,0,0,21,0,0,0,0,0,0,0,0,0,0,0,0,64,0,0,100,16,83,16083,8,4,0,2,0,0,1,1,0,1,1,2,0,0,1,3,0,0,0,0,0,0,0,0,0,1,0,1,0,1,1,0,1,42
2119,Idaho,Twin Falls,Twin Falls,0,4,1306433.463,0,0,14,0,18,0,15,0,0,4,0,0,0,0,0,0,0,0,50,0,0,8,0,0,107,16,83,16083,12,4,1,2,0,0,1,0,0,1,1,2,0,0,1,3,0,0,0,0,0,1,0,0,0,0,0,1,1,0,0,1,1,42
2120,Idaho,Idaho,Idaho,0,2,3858536673,0,0,18,0,4,32,0,4,16,0,0,3,0,0,60,0,4,0,0,4,10,76,4,24,261,16,49,16049,575,325,137,131,19,19,10,5,4,171,83,59,9,115,98,109,12,46,15,26,16,27,13,16,23,19,30,36,31,3,2,7,1,25
2121,Idaho,Idaho,Idaho,0,2,5801940125,0,0,34,0,0,40,8,2,24,0,4,3,28,0,52,3,4,0,6,6,0,12,10,2,238,16,49,16049,2576,1115,331,537,98,73,44,24,8,573,290,206,44,336,441,336,58,30,55,62,131,78,79,68,47,169,88,112,50,15,48,23,1,25
2122,Idaho,Boundary,Boundary,0,1,1609898.33,0,0,0,0,0,4,0,0,144,10,9,0,0,0,2,0,12,0,0,370,0,2,6,4,560,16,21,16021,708,281,84,95,28,38,15,10,11,110,94,63,16,126,47,110,31,16,16,31,32,31,16,0,0,0,31,32,16,15,0,16,1,11
2123,Idaho,Boundary,Boundary,0,1,17759576.52,0,0,21,0,2,117,220,0,16,30,3,0,0,0,14,0,26,0,0,18,4,10,9,0,487,16,21,16021,784,310,56,145,35,34,15,13,12,117,108,69,13,106,65,136,27,17,16,19,27,28,15,9,3,10,37,44,25,8,2,20,1,11
2124,Idaho,Boundary,Boundary,0,1,1101993.658,0,0,3,0,0,4,0,0,166,0,3,21,0,0,93,8,10,0,0,18,0,30,33,0,387,16,21,16021,750,356,134,114,42,48,10,6,2,151,124,82,0,137,179,41,27,55,28,14,13,110,0,0,41,28,14,27,0,0,0,0,1,11
2125,Idaho,Boundary,Boundary,0,1,8240840.894,0,0,69,0,3,36,8,4,96,0,0,14,88,0,162,2,15,0,12,33,0,81,0,0,618,16,21,16021,546,254,76,95,33,24,11,6,9,107,87,60,0,71,122,61,36,2,20,8,5,41,35,0,8,38,18,20,8,0,0,15,1,11
2126,Idaho,Boundary,Boundary,0,1,11736060.32,0,0,14,0,2,38,153,16,0,0,0,0,72,0,0,3,2,0,4,0,0,0,3,6,310,16,21,16021,915,373,93,131,63,35,26,20,5,144,130,80,20,118,67,189,7,40,44,7,20,13,14,17,3,20,51,54,57,7,7,13,1,11
2127,Idaho,Boundary,Boundary,0,1,640942.3707,0,0,15,2,0,0,24,0,48,0,2,21,0,0,0,3,78,0,58,38,3,51,20,332,688,16,21,16021,71,31,7,12,3,2,3,1,3,13,11,7,0,9,18,4,2,3,2,0,2,9,0,0,6,3,0,2,2,0,0,0,1,11
2128,Idaho,Boundary,Boundary,0,1,90030829.93,0,0,4,0,0,12,0,20,10,0,0,0,0,0,0,0,0,0,0,0,0,0,0,0,46,16,21,16021,162,65,22,9,18,10,3,3,0,25,22,15,3,13,14,38,2,3,2,6,0,8,0,0,1,5,4,16,5,6,2,5,1,11
2129,Idaho,Boundary,Boundary,0,1,165116388.3,0,0,82,0,0,30,22,6,39,6,0,0,0,0,0,0,2,0,8,86,0,21,8,20,326,16,21,16021,1683,593,141,267,72,53,21,27,12,228,205,129,30,196,128,268,55,24,18,54,45,72,26,9,4,17,60,95,32,28,7,46,1,11
2130,Idaho,Boundary,Boundary,0,1,64708.49605,0,0,0,0,0,0,0,0,0,0,0,0,0,0,0,0,0,0,0,0,0,0,0,0,0,16,21,16021,1,0,0,0,0,0,0,0,0,0,0,0,0,0,0,0,0,0,0,0,0,0,0,0,0,0,0,0,0,0,0,0,1,11
2131,Idaho,Boundary,Boundary,0,1,28883982.3,0,0,2,0,0,0,0,0,0,0,0,0,0,0,0,0,0,0,0,0,0,0,0,0,1,16,21,16021,121,45,18,12,5,7,1,0,2,20,15,11,0,15,24,7,4,5,3,1,2,12,2,0,5,5,2,3,1,0,0,1,1,11
2132,Idaho,Boundary,Boundary,0,1,20119182.38,0,0,3,0,0,0,96,0,4,3,0,0,0,0,14,2,0,0,0,0,0,4,0,0,125,16,21,16021,445,187,46,86,22,10,12,3,8,79,65,43,1,52,91,45,27,1,15,5,4,31,25,0,6,29,14,15,5,0,0,11,1,11
2133,Idaho,Bonner,Bonner,0,1,7832906.174,0,0,0,0,0,140,76,39,330,12,0,44,10,0,106,6,10,0,40,16,0,100,88,2,1015,16,17,16017,1804,710,179,258,99,83,46,26,19,189,279,206,37,151,178,382,16,44,15,11,65,15,10,31,21,101,141,152,30,22,31,6,1,9
2134,Idaho,Bonner,Bonner,0,1,1180294.835,0,0,22,0,0,63,117,58,442,14,188,141,0,0,14,118,184,40,50,1076,3,594,96,30,3229,16,17,16017,635,322,139,99,30,34,12,3,5,53,175,82,12,169,102,51,49,57,16,0,47,9,10,25,47,11,12,20,10,0,0,9,1,9
2135,Idaho,Bonner,Bonner,0,1,4476243.945,0,0,24,82,0,66,800,54,87,321,21,36,0,0,0,0,34,0,32,42,0,64,146,0,1797,16,17,16017,862,361,128,130,37,33,20,4,9,95,144,105,18,126,129,107,25,9,43,35,14,19,30,44,17,19,46,25,12,19,2,3,1,9
2136,Idaho,Bonner,Bonner,0,1,488554.1311,0,0,0,0,0,118,4,0,46,0,36,32,0,0,135,27,86,0,8,318,16,80,87,98,1083,16,17,16017,717,288,122,87,28,32,12,4,3,146,50,89,6,10,158,123,0,0,0,10,0,51,49,26,26,6,32,7,0,0,39,45,1,9
2137,Idaho,Bonner,Bonner,0,1,432119.9153,0,0,0,0,0,2,0,0,96,0,0,15,0,0,9,0,24,0,20,39,16,0,2,843,1058,16,17,16017,749,347,141,125,29,37,10,0,5,57,187,88,13,75,201,69,6,34,0,26,9,94,19,16,50,22,45,24,0,0,0,0,1,9
2138,Idaho,Bonner,Bonner,0,1,845570.6825,0,0,0,0,0,30,657,39,0,0,0,12,0,0,38,8,10,0,2,76,0,28,3,0,897,16,17,16017,1501,678,240,246,97,49,22,15,9,111,368,173,25,162,244,271,22,30,50,17,43,56,0,11,30,147,72,89,39,49,22,0,1,9
2139,Idaho,Bonner,Bonner,0,1,1044652.09,0,0,0,0,0,9,0,8,2,0,0,3,21,0,374,3,14,0,2,417,0,15,105,12,976,16,17,16017,766,272,119,65,30,41,9,4,4,133,47,86,8,81,39,154,35,4,7,27,8,4,4,0,7,24,7,51,30,27,16,23,1,9
2140,Idaho,Bonner,Bonner,0,1,1166110.715,0,0,0,0,30,42,0,3,0,0,56,0,0,0,210,0,9,0,12,309,0,2,14,0,681,16,17,16017,1834,759,253,227,123,94,38,14,10,273,197,290,0,353,245,162,39,0,209,14,91,19,21,22,42,141,46,66,50,0,0,0,1,9
2141,Idaho,Shoshone,Shoshone,0,1,8884560.761,0,0,0,0,16,22,105,36,898,4,12,40,0,0,231,99,36,2,18,500,2,154,16,105,2283,16,79,16079,2592,1145,433,364,154,91,56,37,10,417,383,318,24,377,476,289,61,126,65,71,54,78,136,82,37,143,116,74,72,3,21,3,1,40
2142,Idaho,Shoshone,Shoshone,0,1,68529095,0,0,0,57,0,0,0,0,10,12,0,3,0,0,58,0,0,0,0,0,3,3,8,16,170,16,79,16079,549,272,112,90,32,19,12,7,0,93,113,60,6,93,82,97,13,13,26,23,18,26,15,12,3,26,28,39,2,10,16,2,1,40
2143,Idaho,Latah,Latah,0,2,5848839.714,0,0,4,0,0,14,0,0,6,9,4,2,38,0,141,0,2,0,12,188,0,141,20,0,575,16,57,16057,2647,969,237,350,111,143,81,22,25,273,273,352,75,114,197,662,56,21,22,15,0,45,70,16,15,51,171,177,93,59,66,96,1,29
2144,Idaho,Latah,Latah,0,2,986715.2522,0,0,0,0,0,54,2,44,298,0,102,8,86,0,9,14,136,0,14,168,20,172,12,0,1130,16,57,16057,1672,664,196,238,99,80,26,15,10,108,343,189,24,173,136,355,24,15,72,26,36,10,71,0,0,55,27,214,50,39,0,25,1,29
2145,Idaho,Latah,Latah,0,2,835094.7721,0,0,0,0,0,2,0,0,123,0,3,0,0,0,56,8,6,0,3,38,2,4,12,0,253,16,57,16057,1850,811,236,311,110,103,35,11,5,228,228,293,64,248,242,323,52,48,0,107,41,12,24,36,97,73,72,69,49,48,11,74,1,29
2146,Idaho,Latah,Latah,0,2,472280.0639,0,0,0,0,0,2,0,0,162,0,0,0,28,0,0,4,32,0,9,26,14,9,6,0,289,16,57,16057,1250,589,187,252,82,38,21,3,6,149,262,182,0,229,151,213,74,49,20,49,37,45,0,70,28,8,94,86,21,12,0,0,1,29
2147,Idaho,Latah,Latah,0,2,565537.0544,0,0,0,0,0,14,0,2,9,0,3,6,0,0,160,0,0,0,0,20,10,21,4,0,247,16,57,16057,1196,449,125,146,70,60,27,16,5,125,126,163,34,80,144,224,36,14,0,25,5,7,42,14,2,79,34,60,95,6,28,1,1,29
2148,Idaho,Latah,Latah,0,2,1320286.485,0,0,0,0,0,20,0,0,0,0,0,0,0,0,0,0,10,0,2,8,0,0,0,0,39,16,57,16057,367,139,17,61,29,11,8,11,2,40,39,40,20,35,17,87,17,0,0,0,18,0,0,0,0,17,18,17,17,0,0,35,1,29
2149,Idaho,Latah,Latah,0,2,892718.8675,0,0,0,0,0,0,0,0,945,0,9,10,0,0,0,3,2,0,33,147,21,672,38,0,1867,16,57,16057,654,333,109,156,40,16,9,2,1,83,139,83,28,91,91,151,91,0,0,0,0,0,30,0,61,0,0,60,0,30,31,30,1,29
2150,Idaho,Latah,Latah,0,2,196647.192,0,0,0,0,0,27,15,0,306,0,0,33,0,0,56,34,117,0,9,878,45,484,34,336,2359,16,57,16057,424,262,142,76,26,12,3,0,3,60,112,73,17,70,145,47,16,14,8,19,13,57,11,9,28,40,25,4,0,5,8,5,1,29
2151,Idaho,Latah,Latah,0,2,3134033.655,0,0,0,0,0,2,0,0,0,0,0,0,0,0,0,0,0,0,28,21,10,18,34,0,113,16,57,16057,1450,666,232,234,77,81,20,16,6,144,304,213,2,180,98,385,55,8,30,38,49,30,12,0,0,56,52,39,110,91,44,49,1,29
2152,Idaho,Latah,Latah,0,2,398835.2374,0,0,0,0,0,3,0,0,56,0,63,10,0,0,195,18,66,0,9,122,14,24,20,262,855,16,57,16057,800,370,152,136,37,25,12,3,5,96,146,101,27,81,225,64,10,8,16,27,20,82,21,1,45,76,41,6,0,0,9,8,1,29
2153,Idaho,Latah,Latah,0,2,311097.857,0,0,0,0,0,8,0,2,27,0,0,42,144,0,0,3,34,0,18,208,0,12,46,0,541,16,57,16057,912,430,167,175,47,22,9,9,1,69,221,121,16,161,186,80,63,57,0,34,7,93,0,59,34,0,26,0,0,29,14,11,1,29
2154,Idaho,Latah,Latah,0,2,1274453.229,0,0,0,0,0,69,30,16,15,18,18,0,0,0,0,39,490,0,42,190,0,0,16,0,939,16,57,16057,2903,1513,649,509,206,90,35,12,12,243,783,430,57,955,336,222,507,91,80,125,152,33,27,47,128,101,57,61,23,0,29,52,1,29
2155,Idaho,Latah,Latah,0,2,1675945.399,0.18,0.08,0,0,0,16,0,0,6,0,0,0,3,0,0,0,0,0,0,2,0,0,0,0,27,16,57,16057,330,184,76,70,17,12,6,3,0,40,84,59,1,50,27,107,15,3,8,11,13,8,4,0,0,15,14,11,31,25,13,13,1,29
2156,Idaho,Latah,Latah,0,2,1198601.934,0.18,0.08,51,0,0,84,51,0,12,0,0,10,0,0,117,3,0,0,0,10,0,33,0,20,389,16,57,16057,768,288,69,91,43,45,24,10,6,0,0,0,0,0,0,0,0,0,0,0,0,0,0,0,0,0,0,0,0,0,0,0,1,29
2157,Idaho,Idaho,Idaho,0,2,8874495.004,0,0,12,0,0,0,0,0,0,0,0,0,0,0,0,0,0,0,4,0,0,0,0,0,16,16,49,16049,264,101,27,58,10,4,1,0,1,30,28,42,2,26,42,34,2,4,0,9,11,7,0,4,0,31,14,12,0,0,8,0,1,25
2158,Idaho,Idaho,Idaho,0,2,6190265.412,0,0,0,0,0,30,0,0,0,0,20,3,0,0,0,3,0,0,0,0,0,4,3,0,63,16,49,16049,46,19,6,8,1,0,1,2,1,6,6,7,0,6,7,6,2,4,0,0,0,4,1,0,0,2,1,2,0,1,2,0,1,25
2159,Idaho,Idaho,Idaho,0,2,1557658.103,0,0,14,0,0,33,118,52,258,45,4,68,0,0,0,6,10,0,9,360,40,44,22,70,1147,16,49,16049,1361,588,218,182,68,60,38,17,5,172,165,242,10,217,209,163,85,83,0,31,18,24,46,124,0,15,16,46,68,0,0,33,1,25
2160,Idaho,Idaho,Idaho,0,2,2052590.727,0,0,3,0,12,86,0,18,136,3,16,48,0,0,226,2,20,0,38,158,2,129,4,200,1092,16,49,16049,1714,729,212,288,93,71,39,18,8,214,204,302,7,223,281,223,51,62,0,55,55,44,25,84,0,128,66,73,37,0,29,18,1,25
2161,Idaho,Gem,Gem,0,3,8247618.151,0,0,0,0,0,6,0,51,30,0,0,0,0,0,0,0,0,0,2,165,0,0,62,2,314,16,45,16045,723,264,43,130,36,26,14,10,5,80,90,80,14,21,55,188,5,3,0,3,10,12,0,8,7,28,52,50,40,14,28,4,1,23
2162,Idaho,Gem,Gem,0,3,5561107.615,0,0,2,0,4,28,0,0,0,0,0,0,0,0,0,0,21,0,0,0,0,0,2,33,89,16,45,16045,585,222,26,109,29,30,13,3,12,93,51,48,28,58,38,124,16,7,0,11,24,2,4,15,2,15,32,25,28,15,0,24,1,23
2163,Idaho,Gem,Gem,0,3,312454.6732,0,0,0,0,2,30,2,0,15,0,0,0,0,0,0,0,0,0,0,0,2,0,0,0,49,16,45,16045,208,65,13,25,7,7,7,6,0,27,15,14,8,26,12,26,3,3,7,7,6,0,8,1,3,0,9,6,2,0,2,7,1,23
2164,Idaho,Gem,Gem,0,3,2315872.046,0,0,0,0,0,21,4,0,100,0,0,6,0,0,106,0,27,2,51,15,6,166,20,0,522,16,45,16045,1964,778,250,213,121,102,59,25,8,296,217,215,53,326,304,151,38,84,98,91,15,21,62,30,126,65,22,41,75,13,0,0,1,23
2165,Idaho,Gem,Gem,0,3,1385370.134,0,0,0,0,0,6,0,0,0,0,0,0,0,0,0,0,0,0,0,0,0,0,0,0,6,16,45,16045,253,96,13,50,17,8,6,1,1,41,21,22,12,25,17,54,7,3,0,5,10,1,2,6,1,7,14,10,13,7,0,10,1,23
2166,Idaho,Gem,Gem,0,3,1190003.348,0,0,0,0,0,0,2,0,0,0,0,0,0,0,0,0,0,0,0,0,0,0,0,0,1,16,45,16045,50,22,4,3,4,5,2,3,1,9,5,5,3,9,4,9,1,1,2,3,2,0,3,0,1,0,3,2,1,0,1,2,1,23
2167,Idaho,Gem,Gem,0,3,1279965.517,0,0,0,0,20,36,45,0,16,0,4,0,0,0,0,0,2,0,0,465,6,2,10,0,602,16,45,16045,1443,579,213,171,73,49,48,15,10,246,129,128,74,227,115,235,31,24,58,68,46,10,72,7,26,0,85,50,26,0,13,61,1,23
2168,Idaho,Elmore,Elmore,0,3,5930475.547,0,0,4,0,0,20,801,0,70,188,0,111,0,0,2,6,46,0,3,24,0,38,22,0,1326,16,39,16039,2519,973,252,321,156,121,75,31,17,341,367,265,0,343,196,434,60,20,37,172,54,57,24,61,15,39,163,258,3,8,2,0,1,20
2169,Idaho,Elmore,Elmore,0,3,1763460.216,0,0,0,0,12,16,27,6,39,4,0,15,50,0,338,2,15,0,4,87,2,93,28,336,1067,16,39,16039,1411,616,226,215,65,59,26,14,11,184,224,197,12,176,228,213,14,30,67,38,27,9,140,4,0,75,166,21,24,2,0,0,1,20
2170,Idaho,Elmore,Elmore,0,3,3002315.464,0,0,3,0,12,45,0,0,446,10,0,6,261,0,6,9,21,0,8,213,4,135,15,188,1372,16,39,16039,3176,1236,333,445,185,144,70,38,21,309,476,399,57,191,508,542,18,16,83,0,74,205,66,13,141,83,166,212,71,67,26,0,1,20
2171,Idaho,Elmore,Elmore,0,3,3980587.881,0,0,20,0,2,26,15,0,30,0,0,0,0,0,0,0,0,0,4,4,0,68,15,14,195,16,39,16039,1211,435,105,177,59,57,20,12,5,96,172,141,26,97,138,200,49,0,31,0,17,4,0,30,43,61,71,69,51,0,9,0,1,20
2172,Idaho,Elmore,Elmore,0,3,12615051.37,0,0,0,0,0,12,0,0,0,0,0,0,0,0,0,0,0,0,4,2,0,0,0,0,18,16,39,16039,1146,417,85,133,65,63,43,16,12,71,204,124,18,115,71,231,89,0,0,26,0,0,18,9,9,35,45,88,36,35,27,0,1,20
2173,Idaho,Elmore,Elmore,0,3,15451742.95,0,0,0,0,0,0,0,0,9,0,0,0,0,0,0,0,0,0,4,21,0,33,6,0,73,16,39,16039,310,111,17,57,18,10,5,0,4,35,41,35,0,42,37,32,0,11,15,0,16,16,0,11,0,10,11,10,0,0,0,11,1,20
2174,Idaho,Elmore,Elmore,0,3,4021451.229,0,0,28,0,0,22,2,8,100,10,0,4,0,0,63,21,20,0,10,80,12,140,24,6,547,16,39,16039,3463,1291,310,454,200,186,78,40,23,311,577,362,39,395,504,390,114,37,101,61,82,232,55,160,9,48,149,179,26,24,12,0,1,20
2175,Idaho,Twin Falls,Twin Falls,0,4,286367.8874,0,0,8,0,0,12,8,27,33,2,36,3,0,0,0,3,90,0,46,20,52,128,3,0,466,16,83,16083,95,46,18,15,6,6,1,0,0,10,18,17,1,19,20,7,6,4,0,5,4,3,6,6,3,2,1,1,1,3,0,1,1,42
2176,Idaho,Boise,Boise,0,3,494763377.6,0,0,0,0,0,8,3,0,20,3,0,0,0,0,9,0,0,0,0,0,8,0,0,0,49,16,15,16015,486,214,80,95,15,12,8,2,2,61,102,43,5,37,59,115,12,4,8,3,10,21,2,14,10,12,20,18,33,19,13,12,1,8
2177,Idaho,Boise,Boise,0,3,297160113.8,0,0,21,0,0,38,2,9,26,9,0,0,0,0,0,0,3,0,8,0,0,0,0,20,133,16,15,16015,457,227,60,105,25,20,5,8,4,88,91,45,6,46,45,139,9,8,6,5,18,18,4,12,2,9,21,29,54,9,13,13,1,8
2178,Idaho,Latah,Latah,0,2,1067680210,0,0,108,0,0,36,0,0,0,3,3,0,0,0,0,0,0,0,0,0,0,6,0,3,158,16,57,16057,1168,504,114,215,73,47,34,14,7,167,171,150,16,100,131,273,18,11,18,26,27,24,17,9,29,52,85,80,46,22,21,19,1,29
2179,Idaho,Bonneville,Bonneville,0,6,7802655.559,0.11,0.05,0,0,0,0,4,0,0,30,0,0,9,0,0,0,0,0,0,9,0,0,0,0,52,16,19,16019,225,72,0,25,15,18,6,3,5,13,22,29,8,9,14,49,1,3,1,4,0,4,4,2,1,3,1,16,8,7,1,16,1,10
2180,Idaho,Bonneville,Bonneville,0,6,765409965.1,0,0,202,0,0,40,0,60,6,6,3,2,0,0,0,0,21,0,28,2,0,0,0,0,368,16,19,16019,1665,577,120,196,72,76,45,43,25,141,182,189,65,52,181,344,19,0,20,6,7,3,27,51,28,72,49,92,75,42,27,59,1,10
2181,Idaho,Bonneville,Bonneville,0,6,52687170.99,0,0,15,2,0,4,20,10,48,15,6,0,0,0,90,0,0,0,0,12,0,0,0,0,221,16,19,16019,1250,390,55,153,71,33,28,28,22,71,117,161,41,73,109,208,0,15,32,0,26,10,29,0,30,40,78,41,65,4,20,0,1,10
2182,Idaho,Bonneville,Bonneville,0,6,3530746563,0,0,6,0,27,28,0,0,26,3,0,0,63,0,27,0,12,0,3,3,0,70,6,86,358,16,19,16019,1482,621,131,237,95,76,35,19,28,182,240,161,38,59,290,272,14,10,17,9,9,44,22,70,62,92,80,55,44,32,14,47,1,10
2183,Idaho,Bingham,Bingham,0,5,1260148176,0,0,118,0,18,232,364,2,8,34,9,21,12,0,54,6,12,0,3,52,15,0,18,0,973,16,11,16011,5309,1712,253,595,247,230,175,103,109,423,664,546,82,418,337,960,63,13,88,166,88,87,68,47,27,108,195,152,244,86,160,123,1,6
2184,Idaho,Elmore,Elmore,0,3,293700762.1,0,0,416,0,0,39,0,0,20,4,0,2,32,0,0,0,38,0,0,38,0,3,0,0,586,16,39,16039,1074,354,66,139,58,45,30,9,7,63,172,103,16,120,109,125,7,0,0,12,101,49,5,23,32,0,60,5,0,0,35,25,1,20
2185,Idaho,Bear Lake,Bear Lake,0,5,120955673.6,0,0,0,0,0,0,4,0,0,14,0,0,0,0,0,0,0,0,0,4,0,0,0,0,22,16,7,16007,226,90,20,23,21,13,8,3,2,30,28,28,4,22,29,39,5,4,3,4,6,2,4,12,4,7,10,13,7,5,4,0,1,4
2186,Idaho,Bear Lake,Bear Lake,0,5,265106520.6,0,0,0,2,0,9,0,0,0,2,0,0,0,0,3,0,0,0,0,0,0,0,0,0,15,16,7,16007,200,77,8,42,6,10,5,6,0,30,21,22,4,22,19,36,5,2,5,6,4,3,2,3,4,7,10,9,8,5,4,0,1,4
2187,Idaho,Bear Lake,Bear Lake,0,5,5120392.1,0,0,0,0,0,14,0,0,0,0,0,0,21,0,0,0,0,0,0,0,0,14,0,18,66,16,7,16007,255,104,35,34,7,7,14,1,6,0,0,0,0,0,0,0,0,0,0,0,0,0,0,0,0,0,0,0,0,0,0,0,1,4
2188,Idaho,Gooding,Gooding,0,4,49051319.07,0,0,84,0,0,28,10,0,2,4,0,2,0,0,0,0,2,0,0,8,0,9,0,0,148,16,47,16047,753,314,77,151,25,30,16,10,5,96,116,91,13,63,92,161,11,12,3,26,11,19,17,7,12,37,28,85,15,28,1,4,1,24
2189,Idaho,Gooding,Gooding,0,4,66592584.88,0,0,42,0,12,28,21,8,78,0,0,6,0,0,92,0,0,4,9,12,3,122,3,38,474,16,47,16047,1170,493,150,176,55,55,33,16,8,118,150,184,41,84,167,242,6,42,11,13,12,65,47,8,22,25,150,57,10,8,1,16,1,24
2190,Washington,Asotin,LCVMPO,1,0,818196.3747,0,0,0,0,0,0,0,0,2,0,0,0,24,0,0,0,0,0,0,2,0,0,0,0,27,53,3,53003,11,3,2,1,0,0,0,0,0,2,2,1,0,0,0,5,0,0,0,0,0,0,0,0,0,0,0,5,0,0,0,0,1,0
2191,Washington,Asotin,LCVMPO,1,0,560348.8182,0,0,0,0,0,0,0,0,0,0,0,0,0,0,0,0,0,0,0,2,0,0,0,0,1,53,3,53003,8,4,0,2,1,1,0,0,0,1,1,1,0,0,2,1,0,0,0,0,0,0,1,0,0,1,0,0,1,0,0,0,1,0
2192,Washington,Asotin,LCVMPO,1,0,162327.8122,0,0,0,0,0,0,0,0,0,0,0,0,0,0,0,0,0,0,0,0,0,0,0,0,0,53,3,53003,2,2,1,1,0,0,0,0,0,0,1,0,0,0,0,0,0,0,0,0,0,0,0,0,0,0,0,0,0,0,0,0,1,0
2193,Washington,Asotin,LCVMPO,1,0,123470.2004,0,0,0,0,0,0,0,0,0,0,0,0,0,0,0,0,0,0,0,0,0,0,0,0,0,53,3,53003,1,0,0,0,0,0,0,0,0,0,0,0,0,0,0,0,0,0,0,0,0,0,0,0,0,0,0,0,0,0,0,0,1,0
2194,Washington,Asotin,LCVMPO,1,0,122593.9255,0,0,0,0,0,0,0,0,0,0,0,0,0,0,0,0,0,0,0,0,0,0,0,0,0,53,3,53003,2,0,0,0,0,0,0,0,0,0,0,1,0,1,0,0,0,0,0,0,1,0,0,0,0,0,0,0,0,0,0,0,1,0
2195,Washington,Asotin,LCVMPO,1,0,156731.451,0,0,0,0,0,0,0,0,0,0,0,0,0,0,0,0,0,0,0,0,0,0,0,0,0,53,3,53003,2,1,0,0,1,0,0,0,0,0,1,0,0,0,0,1,0,0,0,0,0,0,0,0,0,0,0,0,0,0,1,0,1,0
2196,Washington,Asotin,LCVMPO,1,0,85724.89946,0,0,0,0,0,0,0,0,0,0,0,0,0,0,0,0,0,0,0,0,0,0,0,0,0,53,3,53003,1,0,0,0,0,0,0,0,0,0,0,0,0,0,0,0,0,0,0,0,0,0,0,0,0,0,0,0,0,0,0,0,1,0
2197,Washington,Asotin,LCVMPO,1,0,687399.8764,0,0,0,0,0,0,0,0,0,0,0,0,0,0,0,0,0,0,0,2,0,0,0,0,1,53,3,53003,10,4,2,1,0,0,1,0,0,2,0,1,1,2,0,2,1,1,0,0,0,0,0,0,0,0,0,0,0,1,0,1,1,0
2198,Washington,Asotin,LCVMPO,1,0,326864.2915,0,0,0,0,0,0,0,0,0,0,0,0,0,0,0,0,0,0,0,0,0,0,0,0,0,53,3,53003,4,4,0,2,1,1,0,0,0,0,2,0,0,0,0,2,0,0,0,0,0,0,0,0,0,0,2,0,0,0,0,0,1,0
2199,Washington,Asotin,LCVMPO,1,0,472432.1424,0,0,0,0,0,0,0,0,0,0,0,0,0,0,0,0,0,0,0,0,0,0,0,0,0,53,3,53003,6,1,0,1,0,0,0,0,0,2,0,1,0,0,2,1,0,0,0,0,0,0,1,0,0,1,0,0,1,0,0,0,1,0
2200,Washington,Asotin,LCVMPO,1,0,143991.1661,0,0,0,0,0,0,0,0,0,0,0,0,0,0,0,0,0,0,0,0,0,0,0,0,0,53,3,53003,2,1,1,0,0,0,0,0,0,0,1,0,0,0,0,0,0,0,0,0,0,0,0,0,0,0,0,0,0,0,0,0,1,0
2201,Washington,Asotin,LCVMPO,1,0,438740.4813,0,0,0,0,0,0,0,0,0,0,0,0,0,0,0,0,0,0,0,0,0,0,0,0,0,53,3,53003,6,3,1,1,0,1,0,0,0,1,0,1,0,0,2,0,0,0,0,0,0,0,0,0,2,0,0,0,0,0,0,0,1,0
2202,Washington,Asotin,LCVMPO,1,0,81664.23576,0,0,0,0,0,0,0,0,0,0,0,0,0,0,0,0,0,0,0,0,0,0,0,0,0,53,3,53003,1,0,0,0,0,0,0,0,0,0,1,0,0,0,0,0,0,0,0,0,0,0,0,0,0,0,0,0,0,0,0,0,1,0
2203,Washington,Asotin,LCVMPO,1,0,718216.4874,0,0,0,0,0,0,0,0,0,0,0,0,0,0,0,0,0,0,0,2,0,0,0,0,1,53,3,53003,10,4,1,1,1,0,1,0,0,1,2,1,0,0,0,4,0,0,0,0,0,0,0,0,0,0,2,2,0,0,0,0,1,0
2204,Washington,Asotin,LCVMPO,1,0,297887.7278,0,0,0,0,0,0,0,0,0,0,0,0,0,0,0,0,0,0,0,0,0,0,0,0,0,53,3,53003,4,2,0,2,0,0,0,0,0,0,0,1,0,0,1,0,0,0,0,0,0,1,0,0,0,0,0,0,0,0,0,0,1,0
2205,Washington,Asotin,LCVMPO,1,0,165422.1509,0,0,0,0,0,0,0,0,0,0,0,0,0,0,0,0,0,0,0,0,0,0,0,0,0,53,3,53003,2,1,1,0,0,0,0,0,0,0,1,0,0,0,1,0,0,0,0,0,0,0,0,0,0,1,0,0,0,0,0,0,1,0
2206,Washington,Asotin,LCVMPO,1,0,329375.4923,0,0,0,0,0,0,0,0,0,0,0,0,0,0,0,0,0,0,0,0,0,0,0,0,0,53,3,53003,5,1,1,0,0,0,0,0,0,2,0,0,0,0,1,1,0,0,0,0,0,0,1,0,0,0,0,0,0,0,1,0,1,0
2207,Washington,Asotin,LCVMPO,1,0,102029.3801,0,0,0,0,0,0,0,0,0,0,0,0,0,0,0,0,0,0,0,0,0,0,0,0,0,53,3,53003,1,1,0,1,0,0,0,0,0,0,0,1,0,0,0,0,0,0,0,0,0,0,0,0,0,0,0,0,0,0,0,0,1,0
2208,Washington,Asotin,LCVMPO,1,0,103324.5863,0,0,0,0,0,0,0,0,0,0,0,0,0,0,0,0,0,0,0,0,0,0,0,0,0,53,3,53003,1,1,0,0,1,0,0,0,0,0,0,0,0,0,0,0,0,0,0,0,0,0,0,0,0,0,0,0,0,0,0,0,1,0
2209,Washington,Asotin,LCVMPO,1,0,3325251.395,0,0,0,0,0,2,2,0,3,0,0,0,0,0,2,0,0,0,0,4,0,2,0,2,15,53,3,53003,45,19,5,7,2,3,1,1,0,7,6,5,1,6,4,9,1,1,1,1,2,1,1,0,1,1,2,4,1,1,0,1,1,0
2210,Washington,Asotin,LCVMPO,1,0,656287.0115,0,0,0,0,0,0,0,0,0,0,0,0,0,0,0,0,0,0,0,2,0,0,0,0,1,53,3,53003,9,6,2,1,1,0,0,1,1,2,1,1,0,0,2,2,0,0,0,0,0,0,0,1,1,0,0,0,1,0,1,0,1,0
2211,Washington,Asotin,LCVMPO,1,0,831701.5133,0,0,0,0,0,0,0,0,2,0,0,0,0,0,0,0,0,0,0,2,0,0,0,0,3,53,3,53003,11,3,0,2,1,0,0,0,0,1,1,1,1,1,1,2,1,0,0,0,0,0,1,0,0,0,1,0,0,1,0,0,1,0
2212,Washington,Asotin,LCVMPO,1,0,701017.9256,0,0,0,0,0,0,0,0,0,0,0,0,0,0,0,0,0,0,0,2,0,0,0,0,1,53,3,53003,9,4,2,2,0,0,0,0,0,2,1,1,0,0,0,4,0,0,0,0,0,0,0,0,0,0,0,2,0,0,0,2,1,0
2213,Washington,Asotin,LCVMPO,1,0,3757474.073,0,0,0,0,0,2,2,0,4,0,0,0,0,0,2,0,2,0,0,6,0,2,0,2,19,53,3,53003,51,22,6,8,3,3,2,0,0,8,7,5,1,5,8,8,1,1,1,1,1,1,2,1,2,2,2,2,2,1,1,0,1,0
2214,Washington,Asotin,LCVMPO,1,0,615504.1534,0,0,0,0,0,0,0,0,0,0,0,0,0,0,0,0,0,0,0,2,0,0,0,0,1,53,3,53003,8,2,1,1,0,0,0,0,0,1,2,1,0,0,1,3,0,0,0,0,0,1,0,0,0,0,0,1,1,0,0,1,1,0
2215,Washington,Asotin,LCVMPO,1,0,207987.7282,0,0,0,0,0,0,0,0,0,0,0,0,0,0,0,0,0,0,0,0,0,0,0,0,0,53,3,53003,3,1,1,0,0,0,0,0,0,0,0,1,0,0,0,1,0,0,0,0,0,0,0,0,0,0,1,0,0,0,0,0,1,0
2216,Washington,Asotin,LCVMPO,1,0,111398.2247,0,0,0,0,0,0,0,0,0,0,0,0,0,0,0,0,0,0,0,0,0,0,0,0,0,53,3,53003,1,0,0,0,0,0,0,0,0,0,0,0,0,1,0,0,0,0,0,0,1,0,0,0,0,0,0,0,0,0,0,0,1,0
2217,Washington,Asotin,LCVMPO,1,0,444489.6422,0,0,0,0,0,0,0,0,0,0,0,0,0,0,0,0,0,0,0,0,0,0,0,0,0,53,3,53003,6,2,0,1,1,0,0,0,0,1,1,0,0,0,0,0,0,0,0,0,0,0,0,0,0,0,0,0,0,0,0,0,1,0
2218,Washington,Asotin,LCVMPO,1,0,1028612.723,0,0,0,0,0,0,0,0,2,0,0,0,0,0,0,0,0,0,0,2,0,0,0,0,3,53,3,53003,14,7,2,3,1,1,0,0,0,3,1,2,0,1,3,2,0,0,0,1,0,0,1,2,0,0,0,1,0,0,1,0,1,0
2219,Washington,Asotin,LCVMPO,1,0,584448.9753,0,0,0,0,0,0,0,0,0,0,0,0,0,0,0,0,0,0,0,2,0,0,0,0,1,53,3,53003,8,4,1,1,1,0,0,0,1,1,1,1,0,0,1,2,0,0,0,0,0,0,0,0,1,0,1,0,1,0,0,0,1,0
2220,Washington,Asotin,LCVMPO,1,0,134106.467,0,0,0,0,0,0,0,0,0,0,0,0,0,0,0,0,0,0,0,0,0,0,0,0,0,53,3,53003,2,1,0,0,0,0,1,0,0,0,0,0,0,0,0,0,0,0,0,0,0,0,0,0,0,0,0,0,0,0,0,0,1,0
2221,Washington,Asotin,LCVMPO,1,0,1078747.524,0,0,0,0,0,0,0,0,2,0,0,0,0,0,0,0,0,0,0,2,0,0,0,0,3,53,3,53003,14,7,2,3,0,1,0,1,0,2,1,2,1,2,2,2,1,1,0,0,0,1,1,0,0,0,0,1,0,1,0,0,1,0
2222,Washington,Asotin,LCVMPO,1,0,583332.5684,0,0,0,0,0,0,0,0,0,0,0,0,0,0,0,0,0,0,0,2,0,0,0,0,1,53,3,53003,8,2,1,1,0,0,0,0,0,2,2,0,0,2,0,2,0,0,1,0,1,0,0,0,0,0,1,0,1,0,0,0,1,0
2223,Washington,Asotin,LCVMPO,1,0,2432786.102,0,0,0,0,0,2,2,0,3,0,0,0,0,0,2,0,0,0,0,3,0,2,0,0,12,53,3,53003,33,14,4,5,3,2,0,0,0,6,3,4,0,1,6,6,0,0,0,1,0,1,1,1,1,2,1,2,1,0,1,1,1,0
2224,Washington,Asotin,LCVMPO,1,0,2066406.085,0,0,0,0,0,2,2,0,2,0,0,0,0,0,2,0,0,0,0,3,0,2,0,0,10,53,3,53003,28,11,3,4,1,1,2,0,0,4,4,3,1,4,3,5,1,1,1,0,1,0,1,1,1,0,1,1,1,1,1,0,1,0
2225,Washington,Asotin,LCVMPO,1,0,470752.7055,0,0,0,0,0,0,0,0,0,0,0,0,0,0,0,0,0,0,0,0,0,0,0,0,0,53,3,53003,6,2,1,1,0,0,0,0,0,1,1,1,0,0,1,2,0,0,0,0,0,0,0,0,0,1,0,1,0,0,0,1,1,0
2226,Washington,Asotin,LCVMPO,1,0,3004730.73,0,0,0,0,0,2,2,0,3,0,0,0,0,0,2,0,0,0,0,4,0,2,0,2,15,53,3,53003,41,17,5,7,3,2,0,0,0,6,6,4,1,5,5,7,1,1,1,1,1,1,2,0,1,1,2,2,1,1,1,0,1,0
2227,Washington,Asotin,LCVMPO,1,0,3144763.035,0,0,0,0,0,2,2,0,3,0,0,0,0,0,2,0,0,0,0,4,0,2,0,2,15,53,3,53003,42,18,5,6,2,1,1,2,1,6,6,4,1,3,7,7,0,1,1,0,1,1,1,1,1,3,2,2,2,0,0,1,1,0
2228,Washington,Asotin,LCVMPO,1,0,560805.1002,0,0,0,0,0,0,0,0,0,0,0,0,0,0,0,0,0,0,0,2,0,0,0,0,1,53,3,53003,7,4,1,2,1,0,0,0,0,1,2,1,0,1,1,2,1,0,0,0,0,0,0,0,1,0,0,1,0,0,1,0,1,0
2229,Washington,Asotin,LCVMPO,1,0,4012995.162,0,0,0,0,0,2,2,0,4,0,0,0,0,0,3,0,2,0,0,6,0,2,0,2,21,53,3,53003,55,24,7,9,3,3,2,0,0,8,7,6,1,4,8,10,1,1,1,0,1,2,2,2,1,1,2,3,2,1,1,1,1,0
2230,Washington,Asotin,LCVMPO,1,0,4422248.007,0,0,0,0,0,2,2,0,4,0,0,0,0,0,3,0,2,0,0,6,0,3,0,2,22,53,3,53003,59,23,7,9,3,3,1,0,0,9,9,6,1,5,9,11,1,1,1,1,1,2,2,1,2,2,2,4,2,1,1,1,1,0
2231,Washington,Asotin,LCVMPO,1,0,173017.9563,0,0,0,0,0,0,0,0,0,0,0,0,0,0,0,0,0,0,0,0,0,0,0,0,0,53,3,53003,2,0,0,0,0,0,0,0,0,0,1,0,0,0,0,0,0,0,0,0,0,0,0,0,0,0,0,0,0,0,0,0,1,0
2232,Washington,Asotin,LCVMPO,1,0,1163560.288,0,0,0,0,0,0,0,0,2,0,0,0,0,0,0,0,0,0,0,2,0,0,0,0,3,53,3,53003,16,7,2,3,2,0,0,0,0,2,3,2,0,3,1,3,0,0,1,1,1,0,1,0,0,0,1,1,1,0,0,0,1,0
2233,Washington,Asotin,LCVMPO,1,0,2188067.388,0,0,0,0,0,2,2,0,2,0,0,0,0,0,2,0,0,0,0,3,0,2,0,0,10,53,3,53003,29,14,4,5,1,2,1,1,0,5,3,3,1,1,5,6,0,1,0,0,0,1,1,1,1,1,0,2,1,1,1,1,1,0
2234,Washington,Spokane,SRTC,1,0,2341150.709,0,0,2,0,0,1,12,8,21,1,0,7,0,0,30,2,1,0,1,38,0,2,1,1,108,53,63,53063,274,616,145,286,97,48,22,11,7,165,224,189,38,143,244,229,29,20,20,24,50,50,49,50,50,45,56,59,38,25,26,25,1,63
2235,Washington,Spokane,SRTC,1,0,1091070.079,0,0,0,0,0,9,439,220,9,6,3,173,0,0,8,58,9,3,9,18,3,12,3,6,1610,53,63,53063,127,50,14,18,8,5,3,1,1,37,45,37,8,29,32,66,8,5,6,5,5,5,6,8,5,8,13,19,13,8,8,5,1,63
2236,Washington,Spokane,SRTC,1,0,2247465.588,0,0,2,0,0,9,12,8,20,4,3,9,0,0,15,3,8,3,8,36,3,12,4,8,164,53,63,53063,263,14,1,5,2,3,1,0,0,2,5,6,1,3,5,6,1,0,0,1,1,1,1,1,0,2,2,1,1,1,0,1,1,63
2237,Washington,Spokane,SRTC,1,0,18163371.54,0,0,9,1,0,3,82,52,159,2,1,5,0,0,219,1,2,1,2,291,1,4,1,2,682,53,63,53063,2123,591,57,194,105,128,62,28,17,106,208,228,49,118,222,251,27,18,17,20,36,39,37,40,34,72,94,54,35,23,23,22,1,63
2238,Washington,Spokane,SRTC,1,0,856743.107,0,0,0,0,0,1,33,22,8,1,1,4,0,0,26,2,1,1,1,14,1,2,1,1,118,53,63,53063,100,430,179,193,34,12,6,3,3,147,168,97,18,196,147,87,56,27,28,56,29,28,29,28,29,33,45,13,10,8,6,5,1,63
2239,Washington,Spokane,SRTC,1,0,2985777.259,0,0,5,0,0,2,56,36,26,1,0,12,0,0,20,3,1,0,1,48,0,2,1,1,432,53,63,53063,349,253,61,114,34,25,12,4,3,68,92,77,16,45,76,132,11,7,6,7,14,14,15,14,11,22,27,35,24,14,16,16,1,63
2240,Washington,Spokane,SRTC,1,0,1608568.597,0,0,0,0,0,4,0,0,14,2,1,6,0,0,10,2,4,1,4,26,1,6,2,3,85,53,63,53063,188,250,79,93,41,22,11,3,3,77,102,74,17,90,83,97,23,18,17,18,14,13,14,14,13,29,37,22,12,9,8,9,1,63
2241,Washington,Spokane,SRTC,1,0,328989.7705,0,0,0,0,0,1,5,5,3,1,0,2,0,0,2,0,1,0,1,6,0,1,0,1,35,53,63,53063,38,109,34,40,18,7,3,7,0,45,60,53,0,60,17,81,30,0,0,30,0,0,0,0,0,17,34,16,15,8,8,0,1,63
2242,Washington,Spokane,SRTC,1,0,580166.241,0,0,0,0,0,5,10,5,4,2,0,16,0,0,3,0,2,0,2,9,0,5,2,2,89,53,63,53063,68,771,320,295,67,53,35,0,0,254,302,167,48,329,262,180,65,65,65,65,69,35,70,70,35,52,53,35,23,23,23,23,1,63
2243,Washington,Spokane,SRTC,1,0,1618139.307,0,0,2,0,0,6,9,6,14,3,2,6,0,0,10,2,6,2,6,26,2,9,3,4,115,53,63,53063,189,12,3,5,2,1,1,0,0,3,5,3,1,2,4,6,0,1,0,0,1,1,1,0,1,1,1,2,1,1,0,1,1,63
2244,Washington,Spokane,SRTC,1,0,956225.7365,0,0,0,0,0,1,8,5,9,0,0,3,0,0,6,2,1,0,1,15,0,1,0,1,260,53,63,53063,112,224,52,110,21,23,9,9,0,61,81,66,16,19,25,180,4,4,2,4,5,4,4,4,5,8,13,63,42,20,21,21,1,63
2245,Washington,Spokane,SRTC,1,0,7577367.672,0,0,0,0,0,3,3,2,66,2,1,13,0,0,94,4,2,1,2,122,1,4,1,2,256,53,63,53063,885,341,18,149,71,56,27,11,8,62,117,133,29,57,28,256,18,12,11,12,4,4,4,4,4,12,15,81,55,35,36,34,1,63
2246,Washington,Spokane,SRTC,1,0,1346122.021,0,0,0,0,0,1,22,13,12,0,0,18,0,0,9,6,1,0,1,21,0,1,0,1,122,53,63,53063,158,594,184,199,71,75,32,22,11,162,227,174,31,152,175,267,40,26,26,40,20,30,30,30,30,55,64,76,43,25,34,25,1,63
2247,Washington,Spokane,SRTC,1,0,2697237.995,0,0,3,0,0,2,28,17,24,1,0,23,0,0,3,7,1,0,1,44,0,2,1,1,366,53,63,53063,315,986,306,331,117,125,63,27,18,269,376,276,65,269,269,448,67,47,48,57,50,50,42,50,41,86,112,114,79,50,50,43,1,63
2248,Washington,Spokane,SRTC,1,0,1582375.323,0,0,10,0,0,42,61,41,14,21,10,465,0,0,10,116,42,10,42,26,10,63,21,31,1659,53,63,53063,185,768,107,268,171,123,61,12,25,208,366,376,72,180,428,414,46,27,19,27,61,61,82,81,62,142,200,72,47,32,31,32,1,63
2249,Washington,Spokane,SRTC,1,0,1070305.455,0,0,0,0,0,5,96,48,9,3,2,4,0,8,28,2,5,2,3,16,2,6,2,3,468,53,63,53063,125,503,137,193,57,64,26,26,0,146,205,160,37,125,240,183,27,19,18,18,43,42,42,43,42,71,89,33,19,14,14,14,1,63
2250,Washington,Spokane,SRTC,1,0,1543154.682,0,0,55,0,0,3,331,220,14,1,1,1,0,0,10,0,3,1,3,24,1,4,1,2,1005,53,63,53063,180,191,66,58,42,14,8,2,2,55,74,52,10,91,63,37,23,17,18,17,16,15,12,12,12,12,15,7,6,3,3,3,1,63
2251,Washington,Spokane,SRTC,1,0,724975.9899,0,0,0,0,0,35,464,309,6,17,17,12,0,0,2,6,35,17,35,12,17,52,17,35,1275,53,63,53063,85,32,9,12,4,4,1,2,0,10,11,11,2,8,10,16,2,1,2,2,1,1,2,3,1,3,4,4,2,3,2,1,1,63
2252,Washington,Spokane,SRTC,1,0,1320922.478,0,0,0,0,0,2,2,1,12,1,0,3,0,0,9,1,1,0,1,21,0,2,1,1,57,53,63,53063,154,689,217,256,110,57,24,8,16,196,262,187,44,289,258,142,66,65,44,66,48,48,48,48,48,66,99,14,11,5,6,7,1,63
2253,Washington,Spokane,SRTC,1,0,2510036.338,0,0,3,0,0,1,25,17,22,1,0,1,0,0,16,0,1,0,1,40,0,2,1,1,76,53,63,53063,294,494,93,240,65,48,28,12,8,124,176,163,31,49,104,341,12,7,7,9,14,14,14,17,14,45,55,96,63,44,45,38,1,63
2254,Washington,Spokane,SRTC,1,0,1199188.033,0,0,0,0,0,1,35,26,10,1,0,4,0,0,20,2,1,0,1,20,0,1,0,1,116,53,63,53063,140,376,74,149,70,53,23,8,0,89,137,118,32,91,94,191,24,17,16,16,18,18,12,12,12,40,59,48,30,18,18,18,1,63
2255,Washington,Spokane,SRTC,1,0,1272727.396,0,0,0,0,0,1,8,4,10,1,0,2,0,0,72,1,1,0,1,21,0,2,1,1,382,53,63,53063,149,77,22,26,19,6,2,2,1,21,29,23,4,21,29,27,6,4,3,5,3,5,5,5,3,11,14,4,3,2,2,2,1,63
2256,Washington,Spokane,SRTC,1,0,217601.6206,0,0,0,0,0,1,2,0,2,0,0,2,0,8,2,0,1,0,1,3,0,1,0,0,45,53,63,53063,25,251,82,73,46,17,34,0,0,69,97,64,21,134,64,53,0,0,103,0,31,0,32,0,32,0,34,9,5,5,0,0,1,63
2257,Washington,Spokane,SRTC,1,0,331795.2902,0,0,0,0,0,3,2,2,3,3,0,21,0,0,2,0,3,0,3,6,0,3,0,3,144,53,63,53063,39,272,110,69,46,47,0,0,0,82,108,66,16,87,122,63,29,29,0,29,0,42,0,42,0,38,39,8,4,4,4,4,1,63
2258,Washington,Spokane,SRTC,1,0,8330526.88,0,0,1,0,0,2,9,6,74,1,0,1,0,0,150,0,1,1,1,134,0,2,1,1,314,53,63,53063,974,245,44,134,33,19,9,4,3,64,86,79,16,39,58,148,9,7,5,7,11,10,11,11,9,17,22,43,28,18,19,18,1,63
2259,Washington,Spokane,SRTC,1,0,2184359.068,0,0,2,0,0,8,10,6,18,4,2,8,0,0,12,3,8,3,8,32,3,10,3,6,145,53,63,53063,229,20,4,11,3,1,1,0,0,5,7,7,1,3,5,12,1,0,1,0,1,1,1,1,1,1,2,3,3,1,2,1,1,63
2260,Washington,Spokane,SRTC,1,0,47008797.37,0,0,4,1,0,1,37,23,412,0,0,16,0,0,298,5,1,0,1,748,0,1,0,1,1131,53,63,53063,5477,404,73,221,54,31,15,6,4,105,142,130,27,64,96,244,15,11,9,12,17,17,17,19,16,27,36,71,47,30,31,29,1,63
2261,Washington,Spokane,SRTC,1,0,615610.7294,0,0,0,0,0,5,24,12,6,3,0,2,0,0,70,0,3,0,3,10,0,5,3,3,212,53,63,53063,72,607,168,145,139,89,44,22,0,148,231,203,25,112,239,256,31,16,15,16,34,35,70,35,35,64,95,72,35,18,18,18,1,63
2262,Washington,Spokane,SRTC,1,0,692558.862,0,0,0,0,0,3,2,2,6,2,2,13,0,0,4,6,3,2,3,10,2,5,2,2,254,53,63,53063,81,631,217,182,143,33,33,11,11,179,245,166,41,179,286,166,46,23,22,46,42,85,42,43,42,74,110,17,13,9,8,9,1,63
2263,Washington,Spokane,SRTC,1,0,1476824.947,0,0,2,0,0,2,8,5,14,1,1,6,0,0,16,2,2,1,2,24,1,3,1,2,79,53,63,53063,173,642,101,229,96,138,46,15,15,135,231,228,48,58,107,477,12,11,12,11,12,13,12,17,12,53,62,138,93,61,62,61,1,63
2264,Washington,Spokane,SRTC,1,0,32659192,0,0,1,0,8,132,8,5,286,75,36,122,0,0,208,39,116,40,114,522,38,180,60,105,1827,53,63,53063,3817,213,51,87,37,21,10,4,3,55,79,65,14,46,77,90,11,7,6,9,13,13,14,13,13,24,31,20,13,9,9,8,1,63
2265,Washington,Spokane,SRTC,1,0,97243354.87,0,0,5,1,0,4,51,33,855,3,1,6,0,0,87,2,4,1,4,1554,1,6,2,3,241,53,63,53063,11365,990,153,394,169,150,73,31,20,217,353,347,73,145,303,542,32,23,19,25,46,47,47,49,43,117,154,132,88,56,58,54,1,63
2266,Washington,Spokane,SRTC,1,0,2024387.409,0,0,1,0,0,18,6,4,18,11,7,8,0,0,14,3,18,7,18,33,7,25,7,15,228,53,63,53063,237,44,13,16,7,4,2,0,1,12,17,12,3,13,15,16,4,2,1,3,3,3,3,3,2,4,4,4,3,1,2,2,1,63
2267,Washington,Spokane,SRTC,1,0,303777.6773,0,0,0,0,0,163,43,43,3,0,0,64,0,0,2,0,163,0,163,4,0,163,0,163,1808,53,63,53063,35,322,134,95,48,18,9,18,0,101,128,93,0,195,87,40,0,65,65,65,0,0,27,27,27,6,7,13,7,6,0,7,1,63
2268,Washington,Spokane,SRTC,1,0,7948434.543,0.41,0.12,1,0,7,142,11,7,70,81,41,187,0,0,51,56,129,41,129,128,41,197,68,115,1514,53,63,53063,929,182,44,75,31,18,8,3,3,89,126,104,23,74,123,145,18,11,10,13,22,22,20,23,19,39,50,33,21,14,14,13,1,63
2269,Washington,Spokane,SRTC,1,0,6607751.992,0,0,1,0,0,1,11,7,58,1,0,3,0,8,189,1,1,0,1,105,0,2,1,1,407,53,63,53063,772,543,53,208,82,106,55,24,15,103,190,206,44,68,178,297,12,9,7,10,30,32,33,32,30,51,65,79,52,34,35,32,1,63
2270,Washington,Spokane,SRTC,1,0,4218202.683,0,0,48,0,2,17,359,239,38,9,5,21,0,8,396,6,16,5,16,68,5,23,8,14,1640,53,63,53063,493,1226,300,370,233,181,86,31,24,294,459,393,80,315,446,465,78,57,50,57,73,73,73,81,65,154,192,91,62,40,40,40,1,63
2271,Washington,Spokane,SRTC,1,0,67648011.32,0,0,1,0,0,3,11,7,594,2,1,3,0,0,432,1,3,1,3,1082,1,4,1,2,1648,53,63,53063,7906,143,19,53,27,24,11,5,3,29,51,52,11,23,55,65,4,3,3,3,10,10,10,10,10,15,21,15,10,6,7,6,1,63
2272,Washington,Spokane,SRTC,1,0,28641631.22,0,0,4,1,0,2,45,28,252,1,1,106,0,0,183,34,2,1,2,458,1,3,1,2,880,53,63,53063,3347,228,36,100,37,30,15,6,4,52,81,78,17,55,69,104,14,10,9,11,11,12,11,12,11,23,31,25,16,11,11,10,1,63
2273,Washington,Spokane,SRTC,1,0,343470812.9,0,0,5,1,0,8,48,31,2985,5,2,14,0,0,3,4,7,2,7,5428,2,11,4,6,290,53,63,53063,39689,311,25,169,59,32,15,7,4,71,110,120,25,37,117,172,6,4,4,4,19,20,19,20,18,40,53,40,27,18,17,17,1,63
2274,Washington,Spokane,SRTC,1,0,101987076.7,0,0,5,1,0,1,46,29,897,0,0,2,0,0,2,1,1,0,1,1630,0,1,0,1,1798,53,63,53063,11919,401,64,175,64,53,26,11,7,92,142,138,29,97,121,183,25,18,15,20,19,20,20,21,19,41,54,44,29,19,19,18,1,63
2275,Washington,Spokane,SRTC,1,0,2477395.786,0,0,19,0,0,4,172,115,22,2,1,11,0,0,86,4,3,1,3,39,1,5,2,3,470,53,63,53063,290,915,120,202,194,207,112,48,32,158,333,348,76,307,294,314,88,50,50,62,57,57,57,57,58,65,80,81,50,38,32,33,1,63
2276,Washington,Spokane,SRTC,1,0,2052400.811,0,0,2,0,0,9,10,8,18,4,3,6,0,0,14,2,8,3,8,33,3,12,4,6,473,53,63,53063,240,24,6,8,5,3,1,0,0,6,9,8,1,12,8,4,3,3,2,2,2,1,2,2,2,1,2,0,1,0,1,0,1,63
2277,Washington,Spokane,SRTC,1,0,242065104.1,0,0,1,0,0,0,15,9,2127,0,0,902,0,0,1544,288,0,0,0,3868,0,0,0,0,8699,53,63,53063,28280,222,31,78,47,37,18,8,5,45,79,81,17,34,69,119,7,6,4,6,11,12,12,13,10,22,28,31,21,13,13,13,1,63
2278,Washington,Spokane,SRTC,1,0,4261571.251,0,0,111,0,0,6,832,555,38,3,1,16,0,0,2,4,5,1,5,68,1,7,2,4,2052,53,63,53063,498,844,208,371,90,94,49,20,12,249,343,282,62,432,286,218,119,86,76,97,54,60,60,61,53,52,65,52,35,22,24,20,1,63
2279,Washington,Spokane,SRTC,1,0,5543633.295,0,0,36,0,5,80,360,234,48,48,21,124,0,0,36,36,70,27,70,88,21,107,37,64,1928,53,63,53063,648,55,14,24,6,6,3,1,1,64,89,73,16,113,72,57,32,21,19,26,15,16,14,15,14,13,18,13,9,6,5,6,1,63
2280,Washington,Spokane,SRTC,1,0,340644.1243,0,0,0,0,0,0,13,13,3,0,0,2,0,0,2,0,0,0,0,6,0,0,0,0,38,53,63,53063,40,122,39,42,15,16,5,5,0,34,46,34,8,40,32,50,10,11,10,0,9,8,9,9,0,6,13,15,7,0,8,7,1,63
2281,Washington,Spokane,SRTC,1,0,10016882.96,0,0,0,0,0,0,1,1,88,0,0,38,0,0,64,12,0,0,0,160,0,0,0,0,363,53,63,53063,1171,31,8,11,7,3,2,1,0,8,11,10,2,15,11,5,4,3,3,3,2,2,3,2,2,2,2,1,1,0,1,0,1,63
2282,Washington,Spokane,SRTC,1,0,3307003.976,0,0,2,0,0,1,20,13,28,1,0,86,0,0,21,32,1,0,1,52,0,2,1,1,325,53,63,53063,386,264,64,119,35,24,11,6,4,71,96,80,17,47,79,138,11,7,7,8,14,15,14,15,13,22,28,38,25,17,15,15,1,63
2283,Washington,Spokane,SRTC,1,0,4465779.922,0,0,11,0,0,1,87,54,39,0,0,6,0,0,28,2,1,0,1,72,0,1,0,1,327,53,63,53063,522,556,134,228,96,55,26,11,7,145,204,171,36,118,202,236,28,19,17,21,33,37,33,36,33,63,82,53,35,21,24,21,1,63
2284,Washington,Spokane,SRTC,1,0,4783646.507,0,0,16,0,0,3,134,87,42,1,1,18,0,0,30,6,2,1,2,76,1,4,1,2,451,53,63,53063,559,317,74,147,50,25,12,6,3,85,115,97,20,73,125,119,16,10,10,12,25,25,28,27,23,22,30,30,20,13,14,12,1,63
2285,Washington,Spokane,SRTC,1,0,255074.8706,0,0,0,0,0,2,117,117,2,0,0,6,0,0,2,0,2,0,2,4,0,2,0,2,315,53,63,53063,30,249,82,49,28,61,30,0,0,63,97,67,22,114,60,75,0,41,41,0,32,0,0,0,32,28,28,15,16,0,0,16,1,63
2286,Washington,Spokane,SRTC,1,0,932835.6824,0,0,0,0,0,6,5,3,8,2,2,1,0,8,85,0,4,2,4,15,2,6,2,4,165,53,63,53063,109,687,194,233,32,114,45,23,45,177,260,200,50,204,272,211,63,22,21,42,56,56,56,84,28,48,60,50,34,25,25,17,1,63
2287,Washington,Spokane,SRTC,1,0,316568.881,0,0,0,0,0,604,350,350,3,0,0,66,0,17,38,0,604,0,604,4,0,604,0,604,4031,53,63,53063,37,260,108,77,39,18,18,0,0,82,103,75,0,157,71,32,39,40,39,39,0,22,22,0,22,5,5,11,5,0,6,5,1,63
2288,Washington,Spokane,SRTC,1,0,219606.911,0,0,0,0,0,1,2,2,2,0,0,2,0,0,86,0,1,0,1,3,0,1,0,0,162,53,63,53063,26,167,43,52,28,44,0,0,0,41,63,47,16,34,86,47,0,0,0,0,34,34,0,34,0,18,18,10,9,10,0,0,1,63
2289,Washington,Spokane,SRTC,1,0,885651.0617,0,0,0,0,0,2,47,31,8,1,1,26,0,0,6,13,2,1,2,14,1,4,1,2,224,53,63,53063,103,367,150,120,65,14,11,7,0,117,145,89,16,208,99,60,61,41,41,41,24,12,24,24,24,15,25,11,9,4,7,4,1,63
2290,Washington,Spokane,SRTC,1,0,1422119.745,0,0,7,0,0,13,33,20,12,6,3,83,0,0,9,21,10,3,10,22,3,16,6,10,495,53,63,53063,166,549,228,233,47,26,10,3,3,350,405,231,51,254,406,377,66,33,32,50,73,97,74,73,73,89,108,97,54,43,32,43,1,63
2291,Washington,Spokane,SRTC,1,0,2666835.467,0,0,1,0,0,19,6,4,24,11,5,1,0,0,16,0,16,5,16,42,5,27,8,16,2863,53,63,53063,312,122,35,43,18,14,7,3,2,36,44,35,8,28,33,62,7,5,5,6,5,5,6,6,6,10,13,17,11,8,7,6,1,63
2292,Washington,Spokane,SRTC,1,0,76356922.02,0,0,3,0,0,3,31,20,656,2,1,278,0,0,476,88,3,1,3,1191,1,5,2,3,2115,53,63,53063,8712,739,72,256,124,157,76,33,21,135,260,284,60,172,158,409,49,34,31,38,20,21,21,22,19,75,98,106,70,46,46,43,1,63
2293,Washington,Spokane,SRTC,1,0,1109254.277,0,0,0,0,0,2,12,9,9,1,1,1,0,0,8,0,2,1,2,18,1,3,1,1,75,53,63,53063,130,649,99,258,92,100,50,17,33,141,231,228,49,77,179,393,17,17,11,11,21,32,32,32,22,61,76,100,67,50,50,50,1,63
2294,Washington,Spokane,SRTC,1,0,3244698.409,0,0,2,0,0,6,22,13,28,4,1,8,0,0,104,3,6,2,6,52,2,9,3,5,270,53,63,53063,379,860,135,307,129,157,79,35,17,181,309,303,67,80,136,644,21,12,12,17,18,18,18,19,15,66,88,195,127,78,78,78,1,63
2295,Washington,Spokane,SRTC,1,0,1656771.71,0,0,5,0,0,2,30,20,15,1,0,4,0,0,10,1,2,0,2,27,0,2,1,2,98,53,63,53063,194,658,87,159,125,153,77,38,19,116,239,256,47,63,116,479,19,11,12,11,10,9,10,13,13,71,83,132,92,53,66,53,1,63
2296,Washington,Spokane,SRTC,1,0,1763244.658,0,0,3,0,0,3,17,12,15,2,1,2,0,8,68,1,2,1,2,28,1,4,1,2,177,53,63,53063,206,836,23,346,191,162,65,16,32,129,271,337,76,35,124,654,4,4,3,4,20,20,20,20,15,49,64,197,137,99,78,79,1,63
2297,Washington,Spokane,SRTC,1,0,325335.6557,0,0,0,0,0,1,2,2,3,1,0,2,0,0,2,0,1,0,1,4,0,1,0,1,19,53,63,53063,38,241,64,91,65,5,10,5,0,65,90,69,17,61,95,85,61,0,0,0,0,20,19,0,20,36,35,17,8,8,9,8,1,63
2298,Washington,Spokane,SRTC,1,0,219914.7166,0,0,0,0,0,10,3,3,2,0,0,2,0,0,2,0,10,0,10,3,0,10,0,0,71,53,63,53063,26,221,61,58,45,38,0,19,0,54,84,62,21,69,63,89,9,8,9,8,35,0,0,34,0,29,30,24,11,0,12,12,1,63
2299,Washington,Spokane,SRTC,1,0,4563760.428,0,0,106,0,5,55,851,532,40,32,14,69,0,0,28,25,50,18,50,74,18,78,27,46,3099,53,63,53063,533,494,122,217,53,58,28,9,7,163,225,188,38,283,186,145,83,55,48,62,35,40,39,40,35,32,45,34,22,15,15,14,1,63
2300,Washington,Spokane,SRTC,1,0,5250737.011,0,0,1,0,0,2,5,3,46,1,0,7,0,0,33,2,1,0,1,84,0,2,1,1,162,53,63,53063,614,155,29,47,32,25,13,5,4,33,57,54,11,37,43,75,9,7,6,7,8,8,7,9,7,12,17,20,13,8,9,8,1,63
2301,Washington,Spokane,SRTC,1,0,4257958.664,0,0,178,0,0,0,1338,892,38,0,0,16,0,0,27,4,0,0,0,68,0,0,0,0,2619,53,63,53063,497,2,1,1,0,0,0,0,0,1,0,1,0,1,1,0,0,0,0,1,0,0,0,0,1,0,0,0,0,0,0,0,1,63
2302,Washington,Spokane,SRTC,1,0,2825359.737,0,0,79,0,0,2,794,476,26,1,1,4,0,0,18,1,2,1,2,45,1,3,1,2,1449,53,63,53063,330,269,85,136,12,19,10,5,1,83,100,72,14,106,116,47,24,20,17,20,25,25,24,25,25,17,25,7,5,4,3,3,1,63
2303,Washington,Spokane,SRTC,1,0,9761442.053,0,0,4,1,0,6,32,20,86,3,2,3,0,0,9,1,5,2,5,156,2,8,3,5,1222,53,63,53063,1141,594,188,204,75,70,34,13,11,165,227,166,36,184,177,233,51,32,30,38,33,34,33,37,31,42,52,62,41,26,27,25,1,63
2304,Washington,Spokane,SRTC,1,0,1828758.076,0,0,2,0,0,2,13,8,16,1,0,8,0,0,12,2,2,0,2,28,0,3,1,2,103,53,63,53063,214,426,71,197,89,39,15,12,4,102,151,143,30,83,117,226,18,19,14,14,18,19,18,19,14,47,71,53,34,24,25,19,1,63
2305,Washington,Spokane,SRTC,1,0,570787.4245,0,0,0,0,0,6,28,14,4,3,0,2,0,0,3,0,3,0,3,9,0,6,3,3,102,53,63,53063,67,458,145,154,76,42,28,0,14,127,175,137,19,164,193,101,43,22,21,43,35,34,35,34,34,56,55,15,10,6,5,10,1,63
2306,Washington,Spokane,SRTC,1,0,33401090.77,0,0,1,0,0,1,13,8,294,1,0,124,0,0,213,39,1,0,1,534,0,1,0,1,431,53,63,53063,3903,300,22,116,47,63,30,13,8,54,104,117,25,23,57,220,4,3,3,3,10,11,11,11,10,14,18,69,45,30,30,28,1,63
2307,Washington,Spokane,SRTC,1,0,539043.9341,0,0,0,0,0,2,5,3,4,2,0,2,0,0,4,0,2,0,2,9,0,4,2,2,44,53,63,53063,63,323,78,125,55,49,0,0,16,83,119,94,27,50,109,164,9,10,9,10,12,24,24,12,12,37,37,38,25,13,26,25,1,63
2308,Washington,Spokane,SRTC,1,0,747002.92,0,0,0,0,0,1,46,30,6,0,0,3,0,0,4,1,1,0,1,12,0,1,0,1,226,53,63,53063,88,607,151,230,101,62,47,16,0,156,225,188,38,123,169,315,26,13,27,13,44,22,22,44,22,59,79,85,50,34,33,34,1,63
2309,Washington,Spokane,SRTC,1,0,740802.4274,0,0,0,0,0,1,1,1,6,0,0,2,0,0,4,1,1,0,1,12,0,1,0,1,38,53,63,53063,86,393,58,137,68,74,37,19,0,81,141,140,31,46,65,282,12,12,5,12,5,10,10,5,10,30,45,79,59,40,39,20,1,63
2310,Washington,Spokane,SRTC,1,0,326973.9899,0,0,0,0,0,7,3,3,3,7,0,114,0,0,2,0,7,0,7,4,0,7,0,7,645,53,63,53063,38,16,5,5,3,2,1,0,0,26,32,32,6,15,29,52,7,0,0,0,8,7,0,8,0,14,15,15,7,8,0,7,1,63
2311,Washington,Spokane,SRTC,1,0,636402.0696,0,0,0,0,0,1,3,2,6,1,0,3,0,0,32,2,1,1,1,10,0,1,1,1,95,53,63,53063,75,403,97,156,68,41,10,10,20,103,149,134,17,62,127,214,16,7,8,16,15,15,30,31,15,36,55,49,37,24,25,24,1,63
2312,Washington,Spokane,SRTC,1,0,44671258.66,0,0,5,1,0,2,48,31,393,1,1,4,0,0,285,1,2,1,2,714,1,3,1,2,399,53,63,53063,5221,669,115,311,118,68,33,14,9,161,238,223,47,67,179,423,13,9,8,10,27,28,27,28,25,71,93,112,75,48,49,46,1,63
2313,Washington,Spokane,SRTC,1,0,5615908.565,0,0,7,0,0,7,66,43,50,4,2,12,0,0,36,3,6,2,6,90,2,10,3,6,557,53,63,53063,656,1558,268,725,276,166,75,32,16,376,553,521,108,157,413,988,30,20,20,24,63,63,62,68,57,163,220,264,170,109,116,109,1,63
2314,Washington,Spokane,SRTC,1,0,608118.2672,0,0,0,0,0,4,3,2,6,2,0,2,0,0,84,0,2,0,2,9,0,4,2,2,128,53,63,53063,71,425,123,154,73,28,19,9,19,115,160,133,17,68,97,260,21,10,10,11,16,32,16,16,16,17,26,85,64,43,21,21,1,63
2315,Washington,Spokane,SRTC,1,0,1154803.294,0,0,0,0,0,6,14,10,10,4,2,24,0,0,8,8,6,2,6,18,2,8,2,4,476,53,63,53063,135,448,119,197,43,49,25,16,0,123,165,124,36,92,104,252,26,17,18,17,14,13,14,20,14,43,43,73,42,31,32,31,1,63
2316,Washington,Spokane,SRTC,1,0,309841.0212,0,0,0,0,0,8,1,1,3,0,0,24,0,0,3,0,8,0,8,4,0,8,0,8,139,53,63,53063,36,231,48,85,36,61,0,0,0,55,84,92,0,24,50,157,4,4,0,4,12,13,13,0,13,11,22,38,39,19,20,19,1,63
2317,Washington,Spokane,SRTC,1,0,399572.241,0,0,0,0,0,1,8,8,3,1,0,2,0,0,3,0,1,0,1,6,0,1,0,1,69,53,63,53063,47,374,73,147,87,44,22,0,0,89,136,112,37,80,131,163,12,12,11,12,33,33,33,33,0,32,66,33,16,16,16,16,1,63
2318,Washington,Spokane,SRTC,1,0,341811.1464,0,0,0,0,0,1,8,8,3,1,0,3,0,0,2,0,1,0,1,6,0,1,0,1,35,53,63,53063,40,282,83,59,25,38,38,19,19,67,109,106,0,79,95,108,79,0,0,0,0,0,0,23,23,49,49,23,12,12,12,0,1,63
2319,Washington,Spokane,SRTC,1,0,1068331.807,0,0,0,0,0,4,37,19,9,2,1,4,0,0,8,2,4,1,2,16,1,5,1,2,769,53,63,53063,125,779,324,311,96,37,12,0,0,260,305,176,38,312,228,239,78,52,51,78,53,52,52,35,35,54,68,54,45,18,27,27,1,63
2320,Washington,Spokane,SRTC,1,0,219437.1629,0,0,0,0,0,237,190,190,2,0,0,99,0,0,476,0,237,0,237,3,0,237,0,0,3681,53,63,53063,25,377,156,193,1,9,9,9,0,545,597,270,135,1381,126,40,0,691,690,0,0,0,0,120,0,6,5,14,7,7,0,7,1,63
2321,Washington,Spokane,SRTC,1,0,237094.8294,0,0,0,0,0,4,2,2,2,0,0,2,0,0,2,0,4,0,4,4,0,4,0,4,34,53,63,53063,28,11,3,4,2,1,0,0,1,3,3,3,1,3,3,4,1,0,0,1,1,0,1,0,1,1,1,1,1,0,1,0,1,63
2322,Washington,Spokane,SRTC,1,0,38054.61751,0,0,0,0,0,0,0,0,0,0,0,0,0,0,0,0,0,0,0,0,0,0,0,0,369,53,63,53063,5,2,1,0,0,0,0,1,0,0,0,328,0,0,109,219,0,0,0,0,0,109,0,0,0,0,110,0,0,109,0,0,1,63
2323,Washington,Spokane,SRTC,1,0,37681.76869,0,0,0,0,0,0,0,0,0,0,0,0,0,0,0,0,0,0,0,0,0,0,0,0,154,53,63,53063,4,115,48,55,12,0,0,0,0,55,60,0,0,0,81,34,0,0,0,0,0,0,0,81,0,0,0,34,0,0,0,0,1,63
2324,Washington,Spokane,SRTC,1,0,90669.00832,0,0,0,0,0,0,0,0,2,0,0,0,0,0,0,0,0,0,0,2,0,0,0,0,858,53,63,53063,11,89,36,42,9,1,1,0,0,30,34,23,0,0,51,36,0,0,0,0,0,0,0,0,0,51,0,0,0,0,0,36,1,63
2325,Washington,Spokane,SRTC,1,0,46537.00114,0,0,0,0,0,0,0,0,0,0,0,0,0,0,0,0,0,0,0,0,0,0,0,0,404,53,63,53063,5,15,6,7,2,1,0,0,0,7,7,0,0,13,0,1,13,0,0,0,0,0,0,0,0,0,0,0,0,0,1,0,1,63
2326,Washington,Spokane,SRTC,1,0,37313.93608,0,0,0,0,0,0,0,0,0,0,0,0,0,0,0,0,0,0,0,0,0,0,0,0,1397,53,63,53063,4,1,0,1,0,0,0,0,0,1,0,1,0,0,0,2,0,0,0,0,0,0,0,0,0,0,1,1,0,0,0,0,1,63
2327,Washington,Spokane,SRTC,1,0,223464.5398,0,0,0,0,0,26,17,17,2,0,0,24,0,0,2,0,26,0,26,3,0,26,0,0,672,53,63,53063,26,225,93,89,31,6,0,0,6,75,88,47,15,145,58,22,0,0,72,73,0,17,17,0,17,7,8,7,0,7,0,0,1,63
2328,Washington,Spokane,SRTC,1,0,341419.0466,0,0,0,0,0,6,1,1,3,6,0,1,0,0,22,0,6,0,6,6,0,6,0,6,128,53,63,53063,40,617,256,182,115,32,32,0,0,195,245,142,35,403,152,62,169,169,0,0,65,0,0,65,65,22,22,11,12,5,6,6,1,63
2329,Washington,Spokane,SRTC,1,0,521405.5298,0,0,0,0,0,19,13,6,4,19,0,6,0,8,4,0,19,0,19,9,0,38,19,19,238,53,63,53063,61,708,294,279,68,33,17,17,0,235,277,172,24,367,244,97,126,63,63,63,52,51,52,51,52,38,58,13,9,4,9,4,1,63
2330,Washington,Spokane,SRTC,1,0,426105.1373,0,0,0,0,0,28,48,24,3,28,0,15,0,0,3,0,28,0,28,8,0,56,28,28,657,53,63,53063,50,1118,465,460,84,110,0,0,0,393,460,269,54,665,325,186,188,0,188,187,102,101,102,101,0,21,42,54,36,18,18,18,1,63
2331,Washington,Spokane,SRTC,1,0,444925.0519,0,0,0,0,0,0,3,2,4,0,0,2,0,0,3,0,0,0,0,8,0,1,0,0,23,53,63,53063,52,125,52,51,9,6,6,0,0,42,49,25,9,69,37,19,15,15,15,15,9,8,9,8,9,3,4,4,2,2,3,4,1,63
2332,Washington,Spokane,SRTC,1,0,231708.682,0,0,0,0,0,8,9,9,2,0,0,3,0,0,220,0,8,0,8,3,0,8,0,0,4370,53,63,53063,27,481,200,223,49,3,3,3,0,169,189,129,0,271,137,79,0,121,0,121,29,29,29,29,29,21,22,28,15,14,0,0,1,63
2333,Washington,Spokane,SRTC,1,0,197419.9748,0,0,0,0,0,100,3,0,2,0,0,0,0,0,14,0,0,0,0,3,0,100,0,0,416,53,63,53063,23,273,113,135,14,5,0,0,5,96,105,48,24,231,16,26,231,0,0,0,0,0,0,0,0,16,17,2,3,0,2,2,1,63
2334,Washington,Spokane,SRTC,1,0,91252.63588,0,0,0,0,0,0,0,0,2,0,0,0,0,0,0,0,0,0,0,2,0,0,0,0,304,53,63,53063,11,87,39,48,0,0,0,0,0,33,36,25,0,0,0,94,0,0,0,0,0,0,0,0,0,0,0,47,0,47,0,0,1,63
2335,Washington,Spokane,SRTC,1,0,571691.1751,0,0,0,0,0,90,479,240,4,45,0,2,0,0,3,0,45,0,45,9,0,90,45,45,1180,53,63,53063,67,25,7,7,4,4,2,1,0,6,10,7,2,11,9,5,4,2,2,2,1,3,2,2,1,1,3,1,0,0,1,0,1,63
2336,Washington,Spokane,SRTC,1,0,153483.8478,0,0,0,0,0,0,44,0,2,0,0,0,0,0,60,0,0,0,0,3,0,40,0,0,985,53,63,53063,18,247,110,135,2,0,0,0,0,105,116,78,0,279,11,9,0,0,133,134,12,0,0,0,11,0,2,4,0,0,0,3,1,63
2337,Washington,Spokane,SRTC,1,0,75840.12539,0,0,0,0,0,0,0,0,0,0,0,0,0,0,0,0,0,0,0,2,0,0,0,0,305,53,63,53063,9,61,25,31,0,1,1,1,1,21,24,16,0,59,1,1,0,59,0,0,0,0,0,0,0,1,0,0,0,1,0,0,1,63
2338,Washington,Spokane,SRTC,1,0,59543.8709,0,0,0,0,0,0,0,0,0,0,0,0,0,0,0,0,0,0,0,2,0,0,0,0,738,53,63,53063,7,207,86,106,0,15,0,0,0,99,108,0,0,202,0,5,202,0,0,0,0,0,0,0,0,0,0,5,0,0,0,0,1,63
2339,Washington,Spokane,SRTC,1,0,223390.3,0,0,0,0,0,2,2,2,2,0,0,12,0,0,2,0,2,0,2,3,0,2,0,0,77,53,63,53063,26,229,93,58,38,40,0,0,0,69,91,52,17,0,151,78,0,0,0,0,0,35,34,35,0,47,48,10,10,0,10,0,1,63
2340,Washington,Spokane,SRTC,1,0,619602.5939,0.41,0.12,0,0,0,9,32,16,6,4,0,58,0,0,12,0,4,4,4,10,0,9,4,4,503,53,63,53063,72,675,208,242,106,90,30,0,0,205,279,202,50,323,279,134,77,39,38,78,91,46,45,46,91,51,77,19,10,9,10,9,1,63
2341,Washington,Spokane,SRTC,1,0,416239.4123,0.41,0.12,0,0,0,2,6,6,3,2,0,2,0,0,69,0,2,0,2,6,0,4,2,2,427,53,63,53063,49,356,98,75,100,36,24,12,12,85,136,116,19,109,154,93,19,20,19,19,32,32,33,32,0,57,57,10,11,5,5,5,1,63
2342,Washington,Spokane,SRTC,1,0,816315.5446,0.2,0.06,0,0,0,5,506,337,8,2,2,21,0,0,4,10,5,2,5,14,2,7,2,5,1788,53,63,53063,95,212,62,56,36,33,17,8,0,54,81,64,13,96,78,38,35,18,18,17,8,16,16,15,16,15,20,7,3,3,2,3,1,63
2343,Washington,Spokane,SRTC,1,0,626653.0372,0,0,0,0,0,21,983,492,6,10,0,269,0,0,12,0,10,10,10,10,0,21,10,10,2333,53,63,53063,73,172,71,52,28,10,7,3,0,54,69,39,10,116,29,27,30,30,14,30,12,6,6,6,6,5,9,5,4,3,3,3,1,63
2344,Washington,Spokane,SRTC,1,0,571434.121,0,0,0,0,0,174,276,138,4,87,0,58,0,0,100,0,87,0,87,9,0,174,87,87,2717,53,63,53063,67,130,54,40,21,9,3,0,3,66,83,52,8,134,43,32,32,31,32,32,7,7,7,15,7,7,10,8,6,2,3,3,1,63
2345,Washington,Spokane,SRTC,1,0,587224.2756,0,0,0,0,0,65,81,40,4,32,0,270,0,1584,3,0,32,0,32,9,0,65,32,32,2537,53,63,53063,69,65,27,20,10,4,2,1,1,105,132,76,19,215,66,51,80,41,40,40,14,14,14,13,14,11,15,13,7,6,7,3,1,63
2346,Washington,Spokane,SRTC,1,0,833899.2943,0,0,0,0,0,11,170,114,8,6,6,64,0,2670,33,32,11,6,11,14,6,17,6,11,3977,53,63,53063,97,112,47,27,14,16,8,0,0,121,162,101,19,271,99,33,71,36,71,72,21,21,21,21,21,15,20,4,4,1,2,2,1,63
2347,Washington,Spokane,SRTC,1,0,394763.4843,0,0,0,0,0,5,2,2,3,5,0,8,0,0,3,0,5,0,5,6,0,5,0,5,400,53,63,53063,46,448,135,152,45,38,38,38,0,121,170,131,26,197,150,101,98,99,0,0,0,29,30,29,30,32,32,23,11,12,11,12,1,63
2348,Washington,Spokane,SRTC,1,0,544556.9875,0,0,0,0,0,35,19,10,4,35,0,8,0,8,3,0,35,0,35,9,0,70,35,35,434,53,63,53063,64,543,124,157,120,81,20,20,20,126,202,167,48,258,131,154,72,35,36,72,43,22,22,22,21,44,45,43,22,11,11,22,1,63
2349,Washington,Spokane,SRTC,1,0,327976.9291,0,0,0,0,0,2,2,2,3,2,0,2,0,0,2,0,2,0,2,4,0,2,0,2,28,53,63,53063,38,204,52,58,34,39,20,0,0,49,77,62,16,79,82,43,26,27,26,0,0,34,33,0,0,15,31,4,3,2,1,2,1,63
2350,Washington,Spokane,SRTC,1,0,373315.4171,0,0,0,0,0,12,1,1,3,12,0,2,0,8,3,0,12,0,12,6,0,12,0,12,93,53,63,53063,44,319,82,91,54,46,46,0,0,77,120,102,20,145,119,55,62,0,0,62,21,21,21,20,21,36,36,8,4,3,4,0,1,63
2351,Washington,Spokane,SRTC,1,0,1077400.91,0,0,0,0,0,1,5,3,9,1,0,4,0,0,92,2,1,0,1,16,0,1,0,1,145,53,63,53063,126,729,220,274,85,88,38,13,13,202,276,220,31,191,206,332,55,37,37,37,25,26,26,38,26,90,136,59,49,29,30,29,1,63
2352,Washington,Spokane,SRTC,1,0,870606.7578,0,0,0,0,0,1,6,4,8,1,1,3,0,0,2,2,1,1,1,14,1,2,1,1,85,53,63,53063,102,584,86,204,101,86,43,43,21,120,210,199,55,73,95,416,15,16,15,15,12,12,12,11,12,48,63,126,76,50,51,50,1,63
2353,Washington,Spokane,SRTC,1,0,1433664.444,0,0,1,0,0,1,6,3,12,1,0,1,0,0,9,0,1,0,1,22,0,1,1,1,44,53,63,53063,167,523,54,184,54,125,71,18,18,96,184,199,44,35,96,392,7,4,4,5,15,16,15,16,15,34,46,116,76,52,51,51,1,63
2354,Washington,Spokane,SRTC,1,0,801654.3826,0,0,0,0,0,6,1580,1053,8,3,3,3,0,0,6,2,6,3,6,14,3,10,3,6,3246,53,63,53063,94,1,0,0,0,0,0,0,0,0,1,0,0,0,1,0,0,0,0,0,0,1,0,0,0,0,0,0,0,0,0,0,1,63
2355,Washington,Spokane,SRTC,1,0,861541.3142,0,0,0,0,0,21,752,501,8,10,10,144,0,0,123,72,21,10,21,14,10,31,10,21,2213,53,63,53063,101,54,18,13,10,7,5,0,2,14,21,16,3,27,19,8,7,4,7,4,5,3,5,3,5,3,4,1,1,1,0,1,1,63
2356,Washington,Spokane,SRTC,1,0,707661.7132,0,0,0,0,0,3,265,176,6,2,2,5,0,0,21,3,3,2,3,12,2,5,2,3,1473,53,63,53063,82,252,80,64,53,28,14,7,7,79,116,88,18,202,67,32,55,56,27,56,8,16,17,16,9,9,12,7,4,4,3,2,1,63
2357,Washington,Spokane,SRTC,1,0,445653.6892,0,0,0,0,0,3,2,1,4,3,0,2,0,0,3,0,3,0,3,8,0,6,3,3,72,53,63,53063,52,566,200,136,91,93,46,0,0,155,223,157,31,271,218,77,57,58,57,57,42,42,43,42,42,49,50,8,5,3,6,5,1,63
2358,Washington,Spokane,SRTC,1,0,601005.5413,0,0,0,0,0,4,7,4,6,2,0,2,0,0,82,0,2,0,2,9,0,4,2,2,129,53,63,53063,71,642,148,269,94,75,37,19,0,165,235,194,48,166,196,280,52,25,26,26,37,37,37,37,36,49,73,75,57,37,19,19,1,63
2359,Washington,Spokane,SRTC,1,0,418115.9142,0,0,0,0,0,16,55,55,3,16,0,21,0,0,3,0,16,0,16,6,0,32,16,16,486,53,63,53063,48,158,40,42,31,15,15,15,0,37,60,51,10,91,48,19,40,0,0,41,10,11,11,10,11,5,10,3,2,1,2,1,1,63
2360,Washington,Spokane,SRTC,1,0,2446143.369,0,0,214,0,0,15,1929,1286,21,8,4,3,0,0,15,1,13,4,13,39,4,19,6,11,3777,53,63,53063,286,294,81,96,58,35,15,5,5,76,111,88,19,125,95,74,36,25,21,25,18,17,17,21,17,23,28,16,10,6,8,6,1,63
2361,Washington,Spokane,SRTC,1,0,378428.6508,0,0,0,0,0,1,2,2,3,1,0,15,0,0,282,0,1,0,1,6,0,1,0,1,1381,53,63,53063,45,19,6,6,3,1,1,1,1,5,7,5,1,5,4,9,1,1,1,1,1,1,1,0,1,1,2,2,2,1,1,1,1,63
2362,Washington,Spokane,SRTC,1,0,640506.927,0,0,0,0,0,9,697,349,6,4,0,3,0,0,4,2,9,4,4,10,0,9,4,4,1340,53,63,53063,74,387,97,103,76,63,32,16,0,91,146,120,30,219,124,44,49,50,49,49,22,22,22,43,22,15,23,8,3,4,2,4,1,63
2363,Washington,Spokane,SRTC,1,0,426548.601,0,0,0,0,0,2,252,126,3,2,0,2,0,0,3,0,2,0,2,8,0,3,2,2,727,53,63,53063,50,3,1,1,1,0,0,0,0,1,1,1,0,1,1,1,0,1,0,0,0,1,0,0,0,0,1,0,0,0,0,0,1,63
2364,Washington,Spokane,SRTC,1,0,819804.3993,0,0,0,0,0,14,755,503,8,7,7,3,0,0,12,2,14,7,14,14,7,21,7,14,1514,53,63,53063,96,23,7,7,5,2,1,0,1,6,9,7,1,11,7,5,3,2,1,3,2,2,1,2,1,1,2,1,1,0,1,0,1,63
2365,Washington,Spokane,SRTC,1,0,1641847.354,0,0,325,0,0,8,1948,1299,15,6,2,6,0,0,86,2,8,2,8,26,2,12,4,8,4325,53,63,53063,192,129,41,41,29,11,5,2,0,56,77,58,11,92,69,41,24,19,18,18,13,18,13,14,13,11,18,8,6,3,3,3,1,63
2366,Washington,Spokane,SRTC,1,0,1053582.984,0,0,0,0,0,4,7,3,9,3,1,1,0,8,117,0,3,1,3,16,1,5,1,3,180,53,63,53063,123,896,283,304,162,74,44,15,15,250,342,247,57,405,318,173,116,77,77,77,58,59,59,88,58,54,67,39,22,17,17,11,1,63
2367,Washington,Spokane,SRTC,1,0,421245.3854,0,0,0,0,0,0,36,18,3,0,0,2,0,0,3,0,0,0,0,6,0,1,0,0,93,53,63,53063,49,255,65,86,18,65,22,0,0,63,95,83,14,55,138,62,10,10,0,10,25,26,25,26,25,36,37,7,7,4,3,4,1,63
2368,Washington,Spokane,SRTC,1,0,438481.3306,0,0,0,0,0,10,181,90,4,10,0,2,0,0,3,0,10,0,10,8,0,21,10,10,424,53,63,53063,52,237,27,56,49,42,42,21,0,40,85,80,32,39,90,108,6,5,6,6,16,17,16,17,16,24,47,26,9,9,8,9,1,63
2369,Washington,Spokane,SRTC,1,0,1210371.587,0,0,0,0,0,1,317,238,10,0,0,15,0,0,12,5,1,0,1,20,0,1,0,1,731,53,63,53063,141,268,83,116,46,12,5,2,4,79,101,74,14,103,107,58,30,14,15,15,29,19,28,20,19,21,26,10,8,5,4,5,1,63
2370,Washington,Spokane,SRTC,1,0,2025587.515,0,0,3,0,0,9,23,16,18,5,4,1,0,0,70,0,9,4,9,33,4,12,4,7,234,53,63,53063,237,477,94,189,89,61,22,17,6,113,173,160,31,110,129,238,29,17,18,29,17,20,17,21,16,55,71,56,37,23,28,23,1,63
2371,Washington,Spokane,SRTC,1,0,1367112.498,0,0,0,0,0,112,104,63,12,56,28,361,0,0,16,120,84,28,84,22,28,140,56,84,2527,53,63,53063,160,1609,501,693,276,74,43,11,11,477,604,427,101,582,668,359,148,112,111,74,137,138,137,138,137,118,164,63,46,31,24,31,1,63
2372,Washington,Spokane,SRTC,1,0,1274349.71,0,0,0,0,0,1,13,8,10,1,0,2,0,0,8,1,1,0,1,21,0,2,1,1,57,53,63,53063,148,483,30,157,92,110,47,31,16,78,169,191,45,15,89,379,2,1,1,1,10,10,16,15,10,38,46,121,76,45,46,45,1,63
2373,Washington,Spokane,SRTC,1,0,1878441.224,0,0,6,0,0,0,39,22,16,0,0,8,0,0,495,2,0,0,0,30,0,0,0,0,615,53,63,53063,220,336,21,109,64,79,40,8,16,55,117,136,28,13,58,265,1,1,1,1,9,8,7,9,9,25,33,80,51,36,36,29,1,63
2374,Washington,Spokane,SRTC,1,0,3450440.743,0,0,1,0,0,3,9,6,30,1,1,1,0,0,22,0,2,1,2,56,1,4,1,2,127,53,63,53063,403,602,38,249,98,115,60,30,12,109,207,237,49,42,137,423,6,4,4,4,24,26,26,24,23,38,51,124,83,53,59,53,1,63
2375,Washington,Spokane,SRTC,1,0,1723041.492,0,0,4,0,0,3,25,16,15,2,1,6,0,0,98,2,2,1,2,27,1,3,1,2,218,53,63,53063,202,455,36,189,88,86,38,10,10,86,157,173,39,33,116,306,5,2,3,4,19,15,14,20,14,53,61,85,59,33,34,34,1,63
2376,Washington,Spokane,SRTC,1,0,65280164.68,0,0,5,1,1,11,49,31,573,6,3,243,0,0,182,78,10,3,10,1044,3,15,5,9,1734,53,63,53063,7629,498,149,175,103,39,19,8,5,137,189,142,30,106,114,278,29,20,18,22,17,16,17,17,15,49,63,73,49,31,32,30,1,63
2377,Washington,Spokane,SRTC,1,0,7773712.394,0,0,7,0,0,1,62,40,69,0,0,28,0,0,50,9,1,0,1,124,0,1,0,1,325,53,63,53063,909,96,10,28,18,22,11,5,3,17,34,37,8,10,25,61,2,2,2,2,2,3,3,3,3,13,17,14,11,6,7,6,1,63
2378,Washington,Spokane,SRTC,1,0,622274.8075,0,0,0,0,0,22,173,86,6,11,0,60,0,0,2,0,11,11,11,10,0,22,11,11,1524,53,63,53063,72,237,75,80,31,26,9,9,9,66,90,65,16,112,77,48,20,20,20,40,12,24,12,12,13,16,26,8,4,4,2,4,1,63
2379,Washington,Spokane,SRTC,1,0,843396.7826,0,0,0,0,0,6,19,13,8,3,3,1,0,0,6,0,6,3,6,14,3,9,3,6,637,53,63,53063,99,767,242,258,101,83,62,21,0,212,293,222,40,376,241,150,162,54,54,54,52,26,52,52,52,59,78,26,15,10,11,10,1,63
2380,Washington,Spokane,SRTC,1,0,566834.9538,0,0,0,0,0,4,54,27,4,2,0,2,0,0,3,0,2,0,2,9,0,4,2,2,116,53,63,53063,66,448,91,129,108,60,20,20,20,99,166,142,41,84,140,224,12,12,12,25,23,47,23,23,23,24,36,62,48,31,31,16,1,63
2381,Washington,Spokane,SRTC,1,0,2523123.534,0,0,9,0,0,6,84,56,22,3,2,9,0,0,16,3,5,2,5,40,2,7,2,4,262,53,63,53063,295,146,36,64,21,14,6,3,2,39,54,45,8,57,62,27,14,11,8,10,14,11,14,14,12,11,15,4,3,1,2,2,1,63
2382,Washington,Spokane,SRTC,1,0,1126727.723,0,0,0,0,0,2,54,40,10,2,1,7,0,0,8,2,2,1,2,18,1,3,1,2,135,53,63,53063,132,587,108,250,113,63,32,11,11,140,211,184,52,131,221,235,31,20,20,21,39,40,40,39,40,62,77,58,33,25,17,25,1,63
2383,Washington,Spokane,SRTC,1,0,488626.5815,0,0,0,0,0,14,7,3,4,14,0,9,0,0,3,0,14,0,14,8,0,28,14,14,574,53,63,53063,57,213,50,64,27,43,29,0,0,79,127,115,19,95,130,115,20,20,20,20,15,31,15,16,15,53,52,21,14,7,14,7,1,63
2384,Washington,Spokane,SRTC,1,0,751659.2472,0,0,0,0,0,5,31,21,6,3,3,3,0,0,30,2,5,3,5,12,3,8,3,5,175,53,63,53063,88,355,112,149,56,16,5,11,5,105,134,97,19,138,147,70,32,16,16,33,41,20,42,41,20,24,31,12,9,6,6,6,1,63
2385,Washington,Spokane,SRTC,1,0,338371.2957,0,0,0,0,0,1,40,40,3,1,0,2,0,0,9,0,1,0,1,6,0,1,0,1,325,53,63,53063,39,122,35,47,24,10,6,0,0,34,46,34,8,37,56,29,12,13,12,0,0,15,0,15,15,11,21,3,2,1,1,1,1,63
2386,Washington,Spokane,SRTC,1,0,254873.714,0,0,0,0,0,0,151,151,2,0,0,50,0,0,2,0,0,0,0,4,0,0,0,0,723,53,63,53063,30,7,2,2,1,2,0,0,0,2,3,2,0,2,2,3,1,0,0,1,0,0,1,0,1,0,1,1,0,1,0,0,1,63
2387,Washington,Spokane,SRTC,1,0,1303846.707,0,0,0,0,0,15,462,277,12,8,4,11,0,0,9,4,11,4,11,21,4,19,8,11,3000,53,63,53063,152,1,0,0,0,0,0,0,0,0,1,0,0,0,1,0,0,0,0,0,0,1,0,0,0,0,0,0,0,0,0,0,1,63
2388,Washington,Spokane,SRTC,1,0,229378.2541,0,0,0,0,0,1,7,7,2,0,0,11,0,0,2,0,1,0,1,3,0,1,0,0,81,53,63,53063,27,120,38,50,15,18,0,0,0,35,45,30,10,39,46,35,14,0,14,0,11,10,0,11,11,14,13,11,6,5,0,0,1,63
2389,Washington,Spokane,SRTC,1,0,10273036.19,0,0,1,0,0,2,9,5,90,1,1,38,0,0,2,12,2,1,2,164,1,2,1,1,265,53,63,53063,1201,522,38,205,77,111,54,24,14,94,181,204,43,41,78,403,10,7,6,8,10,10,10,10,8,40,52,120,79,50,52,50,1,63
2390,Washington,Spokane,SRTC,1,0,57425092.83,0,0,6,1,0,1,54,35,504,0,0,5,0,0,366,1,1,0,1,918,0,1,0,1,503,53,63,53063,6710,406,45,166,79,63,30,13,9,82,143,149,32,53,114,239,11,7,7,8,20,19,20,21,18,36,47,65,44,28,28,27,1,63
2391,Washington,Spokane,SRTC,1,0,1075668.048,0,0,0,0,0,0,6,3,9,0,0,4,0,8,93,2,0,0,0,16,0,0,0,0,157,53,63,53063,126,398,43,115,75,82,49,16,16,70,142,153,33,43,97,258,11,7,7,7,11,10,11,16,11,49,74,68,39,29,29,19,1,63
2392,Washington,Spokane,SRTC,1,0,1083350.716,0,0,0,0,0,36,33,17,9,24,12,4,0,0,76,2,36,12,36,18,12,47,12,24,452,53,63,53063,126,351,45,112,97,53,26,9,9,69,125,129,28,73,137,141,15,9,10,10,29,28,19,19,19,52,65,25,17,13,8,13,1,63
2393,Washington,Spokane,SRTC,1,0,2102437.459,0,0,12,0,0,4,94,59,18,2,1,8,0,0,3,3,3,1,3,33,1,5,2,3,284,53,63,53063,246,674,158,222,117,97,53,18,9,162,250,214,48,197,261,216,51,35,25,43,43,43,54,53,54,57,70,50,35,19,23,19,1,63
2394,Washington,Spokane,SRTC,1,0,55530879.4,0,0,7,1,0,3,65,41,488,2,1,1,0,0,2,0,3,1,3,888,1,5,2,3,1064,53,63,53063,6487,555,77,154,97,124,59,26,17,104,200,207,44,96,133,326,25,18,15,20,18,19,18,19,17,60,79,84,56,36,37,34,1,63
2395,Washington,Spokane,SRTC,1,0,654735.5527,0,0,0,0,0,19,42,21,6,9,0,19,0,0,2,9,19,9,19,10,9,19,9,9,2296,53,63,53063,77,414,131,159,65,26,17,9,9,119,157,110,28,170,135,109,51,25,25,51,18,18,35,36,18,28,42,22,17,11,11,6,1,63
2396,Washington,Spokane,SRTC,1,0,1514719.086,0,0,6,0,0,23,31,18,14,11,6,7,0,0,9,2,23,6,23,24,6,34,11,17,499,53,63,53063,177,1152,156,373,215,244,81,54,27,225,413,428,86,99,245,808,22,17,17,16,27,27,28,27,27,136,182,209,139,93,92,93,1,63
2397,Washington,Spokane,SRTC,1,0,670815.1694,0,0,0,0,0,1,5,5,6,0,0,1,0,0,2,0,1,0,1,10,0,1,0,0,66,53,63,53063,78,487,142,161,118,38,19,0,9,131,185,137,34,146,163,178,45,22,23,22,34,33,17,34,17,62,94,30,16,7,16,15,1,63
2398,Washington,Spokane,SRTC,1,0,4533525.308,0,0,350,0,7,79,2802,1751,40,46,20,1128,0,0,28,410,73,26,73,72,26,113,40,66,8585,53,63,53063,530,206,62,100,17,14,7,4,2,83,102,76,15,44,68,164,11,9,6,9,9,10,10,11,9,28,36,43,29,19,19,18,1,63
2399,Washington,Spokane,SRTC,1,0,6879165.897,0,0,1,0,0,0,7,4,60,0,0,26,0,0,44,8,0,0,0,110,0,0,0,0,208,53,63,53063,804,89,15,38,14,12,6,2,2,21,31,30,7,12,23,54,2,2,2,2,4,3,4,4,3,9,12,14,10,6,6,6,1,63
2400,Washington,Spokane,SRTC,1,0,4813109.88,0,0,1,0,0,3,7,4,42,2,1,4,0,6,30,2,3,1,3,76,1,5,2,3,100,53,63,53063,562,692,118,296,105,94,47,22,11,160,247,236,49,89,182,421,20,14,12,15,28,28,27,31,27,69,94,114,75,47,48,43,1,63
2401,Washington,Spokane,SRTC,1,0,4719232.206,0,0,11,0,0,6,96,62,42,3,1,66,0,0,15,22,5,2,5,75,2,8,3,4,1541,53,63,53063,552,696,177,235,49,131,63,21,21,171,261,220,44,151,364,181,28,17,17,19,70,76,70,69,63,86,112,23,16,10,10,10,1,63
2402,Washington,Spokane,SRTC,1,0,1644304.52,0,0,20,0,0,0,122,81,15,0,0,6,0,0,100,2,0,0,0,27,0,1,0,0,1113,53,63,53063,192,395,104,154,50,49,20,15,5,104,147,116,28,146,140,109,33,34,17,33,29,23,29,29,23,36,49,19,15,9,8,9,1,63
2403,Washington,Spokane,SRTC,1,0,55555715.22,0,0,5,1,0,1,49,31,488,1,0,207,0,0,272,66,1,0,1,888,0,2,1,1,1615,53,63,53063,6493,857,84,336,186,138,66,28,19,167,299,323,68,79,230,548,14,10,9,11,35,37,37,38,33,85,111,148,99,64,66,60,1,63
2404,Washington,Spokane,SRTC,1,0,2711379.082,0,0,1,0,0,0,8,5,24,0,0,10,0,0,18,3,0,0,0,44,0,0,0,0,114,53,63,53063,317,393,97,172,57,36,18,8,5,105,145,119,24,149,172,72,35,25,25,30,34,34,34,40,34,30,39,12,7,5,5,4,1,63
2405,Washington,Spokane,SRTC,1,0,1533170.176,0,0,0,0,0,5,2,1,14,2,1,6,0,0,284,2,5,1,5,24,1,7,2,4,363,53,63,53063,179,247,6,127,22,46,29,6,12,44,83,99,21,29,63,155,7,6,3,6,7,10,9,10,7,27,39,39,25,18,17,17,1,63
2406,Washington,Spokane,SRTC,1,0,4661514.38,0,0,1,0,0,2,9,6,40,1,1,16,0,0,30,5,2,1,2,75,1,3,1,2,176,53,63,53063,545,489,30,182,73,111,53,27,13,83,170,194,42,29,95,365,6,4,3,5,11,12,10,11,11,51,67,101,70,43,44,40,1,63
2407,Washington,Spokane,SRTC,1,0,544830.299,0,0,0,0,0,7,6,3,4,7,0,60,0,0,3,0,7,0,7,9,0,14,7,7,1025,53,63,53063,64,246,56,100,26,39,13,0,13,61,91,82,12,62,85,99,12,12,12,12,14,14,28,13,14,16,23,25,17,9,8,17,1,63
2408,Washington,Spokane,SRTC,1,0,685157.2236,0,0,0,0,0,7,8,8,6,3,3,3,0,0,4,2,7,3,7,10,3,10,3,3,105,53,63,53063,80,450,112,106,76,89,45,22,0,102,171,145,32,129,111,210,37,37,18,19,18,9,9,18,18,57,58,50,38,26,25,13,1,63
2409,Washington,Spokane,SRTC,1,0,482050.5673,0,0,0,0,0,3,3,2,4,3,0,2,0,0,3,0,3,0,3,8,0,5,3,3,226,53,63,53063,56,433,106,178,45,62,21,21,0,127,181,136,46,145,146,199,58,0,29,28,30,30,29,30,30,27,54,44,29,14,29,29,1,63
2410,Washington,Spokane,SRTC,1,0,929050.4664,0,0,0,0,0,3,8,5,8,1,1,3,0,0,93,2,2,1,2,15,1,3,1,2,131,53,63,53063,109,459,105,180,87,35,26,9,18,116,168,150,25,91,166,202,15,14,15,14,33,33,34,33,17,49,63,56,27,19,18,19,1,63
2411,Washington,Spokane,SRTC,1,0,1863275.005,0,0,11,0,0,3,78,44,16,2,1,8,0,0,98,2,2,1,2,30,1,4,1,2,390,53,63,53063,217,499,120,191,94,62,22,11,0,127,184,156,32,188,189,122,51,40,30,41,26,34,34,34,35,52,69,18,13,8,8,6,1,63
2412,Washington,Spokane,SRTC,1,0,56654.76927,0,0,0,0,0,0,0,0,0,0,0,0,0,0,0,0,0,0,0,2,0,0,0,0,592,53,63,53063,7,60,27,33,0,0,0,0,0,23,25,17,0,0,8,57,0,0,0,0,0,0,0,0,0,8,8,0,0,0,0,49,1,63
2413,Washington,Spokane,SRTC,1,0,43455.60459,0,0,0,0,0,0,0,0,0,0,0,0,0,0,0,0,0,0,0,0,0,0,0,0,205,53,63,53063,5,18,7,8,2,0,0,1,1,160,177,0,0,168,169,0,0,0,0,0,168,169,0,0,0,0,0,0,0,0,0,0,1,63
2414,Washington,Spokane,SRTC,1,0,161991.3616,0,0,0,0,0,0,2,0,2,0,0,0,0,0,2,0,0,0,0,3,0,428,0,0,475,53,63,53063,19,321,133,153,34,1,0,0,0,112,124,56,28,246,37,37,123,0,0,123,0,0,13,12,12,0,22,4,3,4,4,0,1,63
2415,Washington,Spokane,SRTC,1,0,238783.671,0,0,0,0,0,1,2,2,2,0,0,16,0,0,78,0,1,0,1,4,0,1,0,1,3080,53,63,53063,28,39,8,14,9,4,4,0,0,9,14,12,4,24,5,10,0,0,24,0,0,0,0,0,0,5,6,2,1,0,0,1,1,63
2416,Washington,Spokane,SRTC,1,0,660746.5872,0,0,0,0,0,29,2,2,6,15,0,11,0,8,507,6,29,15,29,10,15,29,15,15,916,53,63,53063,77,549,227,91,105,95,32,0,0,158,222,152,17,274,159,116,80,79,40,40,35,35,18,35,17,54,54,22,12,11,11,6,1,63
2417,Washington,Spokane,SRTC,1,0,336916.345,0,0,0,0,0,5,13,13,3,5,0,2,0,0,2,0,5,0,5,6,0,5,0,5,113,53,63,53063,40,375,70,141,100,22,22,22,0,87,136,122,30,127,151,97,64,0,0,63,0,46,46,0,46,13,14,23,24,12,12,12,1,63
2418,Washington,Spokane,SRTC,1,0,400560.6323,0,0,0,0,0,6,137,137,3,6,0,3,0,0,90,0,6,0,6,6,0,6,0,6,647,53,63,53063,46,355,66,133,78,47,16,0,16,82,128,121,24,185,118,52,38,38,37,38,34,0,33,33,34,18,36,5,3,3,2,3,1,63
2419,Washington,Spokane,SRTC,1,0,640071.3004,0,0,0,0,0,0,4,2,6,0,0,3,0,0,68,2,0,0,0,10,0,0,0,0,96,53,63,53063,75,425,113,175,50,52,17,0,17,114,158,122,31,103,153,169,25,12,13,12,41,40,20,41,20,32,31,43,31,22,21,21,1,63
2420,Washington,Spokane,SRTC,1,0,476853.1962,0,0,0,0,0,0,580,290,4,0,0,111,0,0,2,0,0,0,0,8,0,0,0,0,1097,53,63,53063,56,28,9,7,5,3,2,2,0,7,11,9,1,14,9,5,3,3,3,2,3,2,2,2,2,1,3,1,0,0,1,0,1,63
2421,Washington,Spokane,SRTC,1,0,432712.8034,0,0,0,0,0,1,1,0,4,1,0,2,0,0,3,0,1,0,1,8,0,2,1,1,32,53,63,53063,50,422,90,181,67,56,28,0,0,106,153,122,41,120,197,105,29,30,0,29,32,32,32,32,32,69,68,14,9,5,4,5,1,63
2422,Washington,Spokane,SRTC,1,0,443911.4401,0,0,0,0,0,2,29,14,4,2,0,2,0,0,3,0,2,0,2,8,0,3,2,2,73,53,63,53063,52,228,44,47,51,64,21,0,0,45,85,84,14,30,111,87,12,6,6,6,0,20,20,20,20,31,30,19,9,10,9,10,1,63
2423,Washington,Spokane,SRTC,1,0,329962.6484,0,0,0,0,0,4,51,51,3,4,0,2,0,0,2,0,4,0,4,6,0,4,0,4,512,53,63,53063,39,358,84,108,61,35,35,35,0,84,133,113,28,202,87,69,0,0,71,72,59,0,59,0,0,28,28,11,12,6,6,6,1,63
2424,Washington,Spokane,SRTC,1,0,483747.2094,0,0,0,0,0,2,10,5,4,2,0,2,0,0,3,0,2,0,2,8,0,5,2,2,68,53,63,53063,56,576,198,123,121,80,27,0,27,154,226,168,28,236,207,133,98,49,0,49,40,41,40,40,41,45,68,24,17,8,8,8,1,63
2425,Washington,Spokane,SRTC,1,0,503937.6661,0,0,0,0,0,2,1,0,4,2,0,2,0,0,98,0,2,0,2,8,0,5,2,2,131,53,63,53063,59,508,103,203,96,63,21,0,21,123,184,176,25,174,188,146,36,36,36,36,30,30,30,61,30,37,76,21,14,14,14,7,1,63
2426,Washington,Spokane,SRTC,1,0,524853.0808,0,0,0,0,0,3,33,16,4,3,0,10,0,0,3,0,3,0,3,9,0,6,3,3,529,53,63,53063,62,750,237,233,112,72,48,48,0,204,287,194,65,210,177,363,76,37,38,38,21,41,21,21,21,73,110,95,63,32,31,32,1,63
2427,Washington,Spokane,SRTC,1,0,368776.0711,0,0,0,0,0,2,1,1,3,2,0,2,0,0,3,0,2,0,2,6,0,2,0,2,121,53,63,53063,43,464,151,108,70,68,68,0,0,121,180,136,27,234,182,48,46,45,46,45,52,0,52,52,52,26,13,12,6,5,6,6,1,63
2428,Washington,Spokane,SRTC,1,0,516833.3875,0,0,0,0,0,4,14,7,4,4,0,2,0,0,3,0,4,0,4,9,0,8,4,4,92,53,63,53063,60,642,192,193,117,60,40,20,20,169,245,200,28,267,230,145,55,56,55,55,46,46,45,46,46,47,70,30,15,8,7,15,1,63
2429,Washington,Spokane,SRTC,1,0,621658.1951,0,0,0,0,0,20,15,8,6,10,0,9,0,0,93,0,10,10,10,10,0,20,10,10,313,53,63,53063,73,655,208,222,103,98,24,0,0,183,250,178,44,281,263,111,95,47,48,47,44,87,44,44,43,45,68,11,12,8,8,4,1,63
2430,Washington,Spokane,SRTC,1,0,489983.5225,0,0,0,0,0,3,3,2,4,3,0,2,0,0,3,0,3,0,3,8,0,7,3,3,122,53,63,53063,57,567,224,152,95,58,38,0,0,170,224,148,25,274,202,91,59,60,59,59,37,36,37,37,36,56,56,13,9,4,5,4,1,63
2431,Washington,Spokane,SRTC,1,0,239043.2288,0,0,0,0,0,14,27,27,2,0,0,94,0,0,2,0,14,0,14,4,0,14,0,14,1368,53,63,53063,28,384,96,136,78,37,0,37,0,98,143,107,36,198,94,92,150,0,0,0,48,0,47,47,0,0,68,8,4,4,4,4,1,63
2432,Washington,Spokane,SRTC,1,0,134302.8709,0,0,0,0,0,0,0,0,2,0,0,0,0,0,4,0,0,0,0,2,0,0,0,0,474,53,63,53063,16,347,144,166,37,0,0,0,0,134,148,101,0,310,60,13,0,0,0,310,0,23,0,0,23,14,13,0,0,0,0,0,1,63
2433,Washington,Spokane,SRTC,1,0,548692.7117,0,0,0,0,0,11,33,17,4,11,0,311,0,0,3,0,11,0,11,9,0,22,11,11,854,53,63,53063,64,446,110,196,51,45,15,15,15,119,163,128,36,133,181,132,24,25,24,24,36,35,35,35,35,41,42,33,16,8,17,16,1,63
2434,Washington,Spokane,SRTC,1,0,234467.7179,0,0,0,0,0,13,101,101,2,0,0,2,0,0,12,0,13,0,13,3,0,13,0,13,449,53,63,53063,27,329,137,131,9,26,13,0,13,108,129,92,0,213,72,44,92,92,0,0,29,0,30,29,0,13,27,6,5,6,0,0,1,63
2435,Washington,Spokane,SRTC,1,0,261848.4737,0,0,0,0,0,85,65,65,3,0,0,4,0,0,3,0,85,0,85,4,0,85,0,85,628,53,63,53063,31,240,85,65,28,31,31,0,0,67,94,59,20,105,101,34,35,0,35,35,0,41,0,0,41,19,20,5,2,2,3,2,1,63
2436,Washington,Spokane,SRTC,1,0,657486.9768,0,0,0,0,0,5,10,10,6,3,0,26,0,0,4,13,5,3,5,10,3,5,3,3,415,53,63,53063,77,709,243,216,143,72,18,18,0,202,275,190,42,292,233,184,57,58,57,57,63,31,63,62,32,45,67,43,31,11,21,11,1,63
2437,Washington,Spokane,SRTC,1,0,476579.379,0,0,0,0,0,1,9,4,4,1,0,2,0,0,106,0,1,0,1,8,0,3,1,1,421,53,63,53063,55,452,89,164,100,59,40,0,0,105,165,156,26,202,180,70,67,33,34,33,35,35,36,35,35,39,39,9,6,7,3,6,1,63
2438,Washington,Spokane,SRTC,1,0,321956.697,0,0,0,0,0,4,4,4,3,0,0,3,0,0,66,0,4,0,4,4,0,4,0,4,658,53,63,53063,38,312,130,116,35,11,11,11,0,102,123,70,17,143,128,41,48,47,0,48,0,39,0,39,39,11,21,10,5,0,5,0,1,63
2439,Washington,Spokane,SRTC,1,0,644714.7747,0,0,0,0,0,11,16,8,6,5,0,30,0,0,68,15,11,5,11,10,5,11,5,5,758,53,63,53063,75,374,151,113,50,30,10,10,10,116,148,88,22,139,144,91,24,23,24,23,45,23,45,23,22,31,46,11,12,7,8,7,1,63
2440,Washington,Spokane,SRTC,1,0,481070.9077,0,0,0,0,0,2,3,2,4,2,0,2,0,0,2,0,2,0,2,8,0,5,2,2,123,53,63,53063,57,477,138,121,91,77,51,0,0,119,183,150,25,186,165,126,62,31,31,31,31,32,31,32,31,39,39,33,21,11,11,11,1,63
2441,Washington,Spokane,SRTC,1,0,503530.7707,0,0,0,0,0,2,3,2,4,2,0,2,0,0,3,0,2,0,2,8,0,4,2,2,76,53,63,53063,58,529,139,162,77,90,30,30,0,131,199,174,25,210,161,158,47,47,46,47,23,23,23,22,23,70,70,29,20,19,10,10,1,63
2442,Washington,Spokane,SRTC,1,0,497938.7408,0,0,0,0,0,1,188,94,4,1,0,10,0,0,3,0,1,0,1,8,0,3,1,1,1616,53,63,53063,59,11,5,4,1,0,0,0,0,4,4,2,1,4,4,3,1,1,1,0,1,2,0,1,1,0,2,0,0,1,0,0,1,63
2443,Washington,Spokane,SRTC,1,0,257387.6244,0,0,0,0,0,5,10,10,3,0,0,2,0,0,2,0,5,0,5,4,0,5,0,5,65,53,63,53063,30,280,66,86,47,54,0,0,27,66,105,109,0,79,146,55,40,0,0,39,0,0,0,96,0,50,50,2,1,1,1,0,1,63
2444,Washington,Spokane,SRTC,1,0,474886.2044,0,0,0,0,0,3,29,14,4,3,0,2,0,0,3,0,3,0,3,8,0,5,3,3,150,53,63,53063,55,296,77,89,43,44,22,22,0,72,112,87,25,159,104,33,35,35,35,34,20,20,20,19,20,25,25,3,2,1,1,1,1,63
2445,Washington,Spokane,SRTC,1,0,272433.7813,0,0,0,0,0,3,4,4,3,0,0,2,0,0,2,0,3,0,3,4,0,3,0,3,97,53,63,53063,32,304,126,77,27,74,0,0,0,92,121,91,0,156,95,53,62,63,0,0,31,32,32,0,31,0,26,7,7,0,6,7,1,63
2446,Washington,Spokane,SRTC,1,0,105892.1055,0,0,0,0,0,0,0,0,2,0,0,0,0,0,0,0,0,0,0,2,0,0,0,0,526,53,63,53063,12,6,2,1,0,0,2,1,0,1,1,1,1,1,2,1,0,0,1,0,0,0,0,1,0,1,0,0,0,1,0,0,1,63
2447,Washington,Spokane,SRTC,1,0,240211.7899,0,0,0,0,0,1,2,2,2,0,0,2,0,0,2,0,1,0,1,4,0,1,0,1,17,53,63,53063,29,268,63,82,45,77,0,0,0,63,100,105,0,122,94,52,76,0,0,0,46,0,46,0,0,48,48,1,1,0,1,1,1,63
2448,Washington,Spokane,SRTC,1,0,290667.2467,0,0,0,0,0,8,12,12,3,0,0,2,0,0,76,0,8,0,8,4,0,8,0,8,270,53,63,53063,33,324,135,64,58,45,22,0,0,95,131,78,20,169,115,40,42,43,42,42,0,34,0,33,33,15,29,4,2,1,2,2,1,63
2449,Washington,Spokane,SRTC,1,0,11772642.02,0,0,12,3,0,6,131,84,104,3,2,44,0,0,24,14,5,2,5,188,2,8,3,5,592,53,63,53063,1376,243,46,73,51,40,19,9,6,52,89,84,18,58,68,117,15,10,9,12,12,12,12,13,11,20,26,31,21,13,14,12,1,63
2450,Washington,Spokane,SRTC,1,0,825383.3307,0,0,0,0,0,167,50,33,8,84,84,3,0,0,3,2,167,84,167,14,84,251,84,167,1903,53,63,53063,97,718,298,237,67,93,23,0,0,228,285,173,32,364,248,106,124,83,41,83,33,65,66,65,33,19,25,27,16,16,11,11,1,63
2451,Washington,Spokane,SRTC,1,0,324365.316,0,0,0,0,0,1,4,4,3,0,0,2,0,0,2,0,1,0,1,4,0,1,0,1,44,53,63,53063,38,275,114,91,26,22,11,0,11,88,108,63,16,160,73,42,63,0,64,0,33,34,0,0,33,6,11,12,7,0,6,6,1,63
2452,Washington,Spokane,SRTC,1,0,529661.2368,0,0,0,0,0,7,19,10,4,7,0,2,0,0,3,0,7,0,7,9,0,14,7,7,97,53,63,53063,62,518,181,161,89,38,25,25,0,149,201,131,37,253,188,77,57,57,56,57,26,25,50,51,25,37,36,14,9,9,4,5,1,63
2453,Washington,Spokane,SRTC,1,0,690859.4642,0,0,0,0,0,11,38,38,6,6,6,3,0,1257,22,2,11,6,11,10,6,17,6,6,1452,53,63,53063,80,29,10,10,4,3,1,0,1,9,12,9,2,8,6,18,2,2,1,2,1,1,1,1,1,2,5,4,3,2,2,2,1,63
2454,Washington,Spokane,SRTC,1,0,555575.5946,0,0,0,0,0,11,5,3,4,11,0,26,0,0,3,0,11,0,11,9,0,23,11,11,185,53,63,53063,65,526,159,143,99,71,36,18,0,137,201,165,23,176,216,134,25,24,25,25,77,39,39,38,39,61,62,21,15,7,15,14,1,63
2455,Washington,Spokane,SRTC,1,0,570252.9026,0,0,0,0,0,6,7,4,4,3,0,4,0,0,3,0,3,0,3,9,0,6,3,3,70,53,63,53063,67,716,187,293,102,101,34,0,0,192,265,201,58,287,258,171,102,51,51,50,33,64,32,64,32,66,99,29,21,8,7,7,1,63
2456,Washington,Spokane,SRTC,1,0,454790.6518,0,0,0,0,0,37,35,17,4,37,0,20,0,0,3,0,37,0,37,8,0,74,37,37,1104,53,63,53063,53,99,32,23,15,12,8,4,4,26,38,30,5,48,39,12,10,9,10,10,9,9,9,8,9,4,5,2,1,2,1,1,1,63
2457,Washington,Spokane,SRTC,1,0,441696.0846,0,0,0,0,0,1,8,4,4,1,0,10,0,0,3,0,1,0,1,8,0,2,1,1,77,53,63,53063,52,424,132,126,101,65,0,0,0,115,163,125,21,87,141,196,31,0,0,30,26,26,25,26,26,38,39,45,45,22,23,22,1,63
2458,Washington,Spokane,SRTC,1,0,245391.6485,0,0,0,0,0,20,27,27,2,0,0,38,0,0,9,0,20,0,20,4,0,20,0,20,317,53,63,53063,28,634,263,222,81,34,17,17,0,205,250,134,45,348,192,94,87,87,87,87,0,0,87,0,88,17,33,24,13,0,12,12,1,63
2459,Washington,Spokane,SRTC,1,0,476060.9297,0,0,0,0,0,1,9,4,4,1,0,6,0,0,6,0,1,0,1,8,0,1,1,1,395,53,63,53063,56,654,257,225,96,30,30,0,15,205,256,165,28,247,268,139,41,41,41,41,83,83,83,83,0,19,37,34,23,22,12,11,1,63
2460,Washington,Spokane,SRTC,1,0,206925.2174,0,0,0,0,0,8,2,0,2,0,0,2,0,0,2,0,0,0,0,3,0,8,0,0,46,53,63,53063,24,187,51,77,24,23,0,11,0,51,70,44,22,58,75,54,40,0,0,0,18,18,0,18,18,21,21,11,11,0,11,0,1,63
2461,Washington,Spokane,SRTC,1,0,247426.4112,0,0,0,0,0,1,1,1,2,0,0,2,0,0,2,0,1,0,1,4,0,1,0,1,16,53,63,53063,29,257,103,70,25,29,29,0,0,77,102,78,0,0,166,91,0,0,0,0,0,0,126,0,0,40,40,12,13,13,0,13,1,63
2462,Washington,Spokane,SRTC,1,0,195860.3559,0,0,0,0,0,0,2,0,2,0,0,0,0,0,2,0,0,0,0,3,0,0,0,0,8,53,63,53063,23,170,53,67,23,28,0,0,0,49,64,38,19,32,89,49,8,8,8,8,0,0,0,36,37,16,16,17,8,0,8,0,1,63
2463,Washington,Spokane,SRTC,1,0,794967.0322,0,0,0,0,0,4,3,2,8,2,2,2,0,0,2,1,4,2,4,12,2,5,2,4,71,53,63,53063,93,670,131,191,214,75,30,15,15,148,246,230,46,63,143,464,12,6,6,12,27,27,27,13,14,62,83,117,88,59,58,59,1,63
2464,Washington,Spokane,SRTC,1,0,211963.5169,0,0,0,0,0,7,5,0,2,0,0,16,0,0,2,0,0,0,0,3,0,7,0,0,222,53,63,53063,25,180,59,52,33,18,18,0,0,49,70,46,15,91,51,38,37,37,0,0,17,17,0,17,17,0,24,5,2,2,3,2,1,63
2465,Washington,Spokane,SRTC,1,0,306694.4472,0,0,0,0,0,93,5,5,3,0,0,4,0,0,2,0,93,0,93,4,0,93,0,93,2367,53,63,53063,36,284,118,113,39,15,0,0,0,133,156,109,0,154,143,101,0,0,77,77,0,0,58,58,0,27,27,18,19,18,0,19,1,63
2466,Washington,Spokane,SRTC,1,0,413358.9478,0,0,0,0,0,13,2,2,3,13,0,4,0,8,36,0,13,0,13,6,0,26,13,13,369,53,63,53063,48,526,219,110,125,29,29,15,0,157,212,131,26,272,178,76,149,74,0,0,49,50,50,0,50,28,29,16,10,5,11,5,1,63
2467,Washington,Spokane,SRTC,1,0,192679.844,0,0,0,0,0,20,2,0,2,0,0,0,0,0,3,0,0,0,0,3,0,20,0,0,9454,53,63,53063,22,170,16,82,20,51,0,0,0,52,86,84,28,35,55,160,0,0,17,18,0,9,0,10,0,36,36,124,0,0,0,0,1,63
2468,Washington,Spokane,SRTC,1,0,472650.7824,0,0,0,0,0,1,9,4,4,1,0,2,0,0,3,0,1,0,1,8,0,2,1,1,41,53,63,53063,56,354,96,138,51,35,12,12,12,95,132,109,18,110,107,137,22,23,22,22,21,20,21,20,21,25,51,32,22,10,11,11,1,63
2469,Washington,Spokane,SRTC,1,0,209518.6154,0,0,0,0,0,0,5,0,2,0,0,12,0,0,2,0,0,0,0,3,0,0,0,0,27,53,63,53063,24,198,57,61,43,12,12,0,12,52,75,53,18,62,81,55,17,17,0,0,28,0,27,0,28,26,26,5,6,6,6,6,1,63
2470,Washington,Spokane,SRTC,1,0,386008.149,0,0,0,0,0,1,10,10,3,1,0,27,0,8,100,0,1,0,1,6,0,1,0,1,226,53,63,53063,45,377,139,111,39,58,29,0,0,110,147,96,24,89,117,171,15,0,15,15,44,43,0,43,0,31,31,40,40,20,20,20,1,63
2471,Washington,Spokane,SRTC,1,0,737844.3139,0,0,0,0,0,4,2,1,6,2,2,16,0,0,4,8,4,2,4,12,2,6,2,4,80,53,63,53063,86,346,111,87,67,46,23,12,0,91,134,101,20,72,111,163,17,16,8,17,14,14,27,28,28,14,28,48,29,20,19,19,1,63
2472,Washington,Spokane,SRTC,1,0,510677.434,0,0,0,0,0,4,36,18,4,4,0,2,0,0,84,0,4,0,4,8,0,8,4,4,331,53,63,53063,60,453,112,181,77,62,21,0,0,118,167,144,24,149,186,118,30,31,30,30,28,56,28,27,28,47,46,27,18,9,9,9,1,63
2473,Washington,Spokane,SRTC,1,0,1342440.92,0,0,0,0,0,7,8,4,12,3,2,4,0,0,9,2,5,2,5,21,2,8,3,5,83,53,63,53063,157,780,180,305,100,98,56,28,14,195,286,245,54,91,148,541,28,15,14,14,20,14,20,21,13,80,96,148,93,74,74,56,1,63
2474,Washington,Spokane,SRTC,1,0,350679.7521,0,0,0,0,0,2,5,5,3,2,0,2,0,0,2,0,2,0,2,6,0,2,0,2,32,53,63,53063,41,296,66,76,66,87,0,0,0,66,111,95,24,70,149,77,13,12,0,13,32,32,32,32,32,21,40,13,6,6,6,6,1,63
2475,Washington,Spokane,SRTC,1,0,286999.1614,0,0,0,0,0,22,41,41,3,0,0,3,0,0,2,0,22,0,22,4,0,22,0,22,273,53,63,53063,34,436,127,184,46,40,20,20,0,123,163,120,30,210,166,60,70,0,70,70,0,60,0,0,59,47,48,6,3,0,0,3,1,63
2476,Washington,Spokane,SRTC,1,0,429741.6001,0,0,0,0,0,2,19,10,4,2,0,2,0,0,3,0,2,0,2,8,0,4,2,2,180,53,63,53063,50,436,91,171,56,30,59,0,30,104,159,144,29,79,128,229,13,14,13,14,25,25,25,25,25,28,29,57,57,29,28,29,1,63
2477,Washington,Spokane,SRTC,1,0,194280.8691,0,0,0,0,0,15,5,0,2,0,0,0,0,0,2,0,0,0,0,3,0,15,0,0,780,53,63,53063,23,299,124,119,37,13,0,0,6,100,117,82,0,44,122,133,0,0,0,0,44,0,43,44,0,35,34,40,20,19,20,0,1,63
2478,Washington,Spokane,SRTC,1,0,579081.9757,0,0,0,0,0,2,7,3,4,1,0,62,0,0,63,0,1,0,1,9,0,2,1,1,731,53,63,53063,67,537,149,248,45,48,16,32,0,152,199,145,41,147,171,219,46,23,23,22,33,32,32,32,32,43,63,47,31,16,31,31,1,63
2479,Washington,Spokane,SRTC,1,0,709908.5806,0,0,0,0,0,4,1,1,6,2,2,7,0,0,4,3,4,2,4,12,2,6,2,4,480,53,63,53063,83,464,78,153,88,97,49,0,0,98,168,162,36,169,171,124,43,42,21,43,20,39,20,39,20,53,79,16,13,8,4,4,1,63
2480,Washington,Spokane,SRTC,1,0,651711.4528,0,0,0,0,0,3,2,1,6,1,0,1,0,0,85,1,3,1,3,10,1,3,1,1,344,53,63,53063,76,462,103,190,79,52,26,13,0,117,168,145,32,175,183,104,51,26,25,26,47,23,47,23,47,43,57,15,10,8,7,7,1,63
2481,Washington,Spokane,SRTC,1,0,36326.99614,0,0,0,0,0,0,0,0,0,0,0,0,0,0,0,0,0,0,0,0,0,0,0,0,837,53,63,53063,5,99,41,47,10,0,0,0,1,47,51,0,0,0,0,98,0,0,0,0,0,0,0,0,0,0,0,98,0,0,0,0,1,63
2482,Washington,Spokane,SRTC,1,0,647480.4926,0,0,0,0,0,5,57,28,6,3,0,3,0,8,84,2,5,3,5,10,3,5,3,3,222,53,63,53063,75,516,105,176,121,68,46,0,0,120,189,169,38,61,221,234,9,8,9,8,27,54,27,55,27,58,88,40,26,27,26,27,1,63
2483,Washington,Spokane,SRTC,1,0,460279.2696,0,0,0,0,0,2,4,2,4,2,0,2,0,0,2,0,2,0,2,8,0,4,2,2,53,53,63,53063,54,385,103,95,61,42,21,42,21,91,147,122,25,114,139,132,36,17,18,18,25,26,25,25,26,37,38,35,24,11,12,12,1,63
2484,Washington,Spokane,SRTC,1,0,1609625.722,0,0,3,0,0,0,16,11,14,0,0,6,0,0,10,2,0,0,0,26,0,1,0,0,115,53,63,53063,188,329,40,136,67,51,23,6,6,69,115,122,23,22,59,248,4,4,3,4,7,7,7,7,7,31,40,72,50,29,28,29,1,63
2485,Washington,Spokane,SRTC,1,0,1285554.361,0,0,0,0,0,13,60,36,12,9,4,1,0,0,45,0,13,4,13,21,4,22,9,13,279,53,63,53063,150,296,49,137,62,26,15,7,0,71,105,97,23,58,81,157,15,10,10,10,13,13,13,13,9,33,49,38,23,14,19,14,1,63
2486,Washington,Spokane,SRTC,1,0,463189.279,0,0,0,0,0,1,4,2,4,1,0,2,0,0,34,0,1,0,1,8,0,2,1,1,62,53,63,53063,55,343,75,96,72,50,25,0,25,77,127,119,20,88,148,107,24,12,12,12,28,27,28,28,28,37,38,17,17,18,8,9,1,63
2487,Washington,Spokane,SRTC,1,0,266479.9129,0,0,0,0,0,1,71,71,3,0,0,2,0,0,2,0,1,0,1,4,0,1,0,1,167,53,63,53063,31,129,41,33,27,19,0,0,9,34,50,34,11,90,26,13,0,42,0,41,7,0,7,7,7,5,4,4,2,0,1,2,1,63
2488,Washington,Spokane,SRTC,1,0,321951.0512,0,0,0,0,0,3,16,16,3,0,0,2,0,0,2,0,3,0,3,4,0,3,0,3,55,53,63,53063,37,248,78,94,36,10,20,10,0,71,94,83,0,98,94,56,33,0,33,32,0,79,0,0,0,15,32,10,4,5,5,0,1,63
2489,Washington,Spokane,SRTC,1,0,492003.7858,0,0,0,0,0,1,17,8,4,1,0,3,0,0,3,0,1,0,1,8,0,3,1,1,60,53,63,53063,58,408,127,120,75,65,22,0,0,109,157,106,36,100,154,154,37,18,0,18,27,27,26,27,26,48,47,36,24,11,12,24,1,63
2490,Washington,Spokane,SRTC,1,0,583665.8136,0,0,0,0,0,10,8,4,4,5,0,12,0,0,236,0,5,0,5,9,0,10,5,5,533,53,63,53063,68,366,152,129,56,24,6,0,0,119,144,92,11,145,112,109,33,33,33,34,12,13,25,25,25,24,36,24,16,17,8,8,1,63
2491,Washington,Spokane,SRTC,1,0,428684.4542,0,0,0,0,0,0,10,5,4,0,0,2,0,0,3,0,0,0,0,8,0,1,0,0,128,53,63,53063,50,308,73,119,50,26,13,13,13,78,113,84,33,52,75,181,7,8,7,8,22,22,0,22,0,31,30,57,37,19,19,19,1,63
2492,Washington,Spokane,SRTC,1,0,736224.7263,0,0,0,0,0,8,11,7,6,4,4,4,0,0,4,2,8,4,8,12,4,12,4,8,113,53,63,53063,86,857,354,298,117,50,25,12,0,277,338,202,40,291,270,296,93,47,46,47,58,58,58,29,58,67,101,60,45,30,30,30,1,63
2493,Washington,Spokane,SRTC,1,0,287406.8081,0,0,0,0,0,3,2,2,3,0,0,12,0,0,12,0,3,0,3,4,0,3,0,3,282,53,63,53063,34,258,107,109,5,12,12,12,0,86,101,71,0,97,59,102,24,24,25,24,0,0,29,28,0,2,5,32,17,16,16,16,1,63
2494,Washington,Spokane,SRTC,1,0,569631.5691,0,0,0,0,0,17,16,8,4,8,0,2,0,0,87,0,8,0,8,9,0,17,8,8,215,53,63,53063,66,320,76,143,26,60,15,0,0,84,117,95,24,87,70,163,28,14,13,14,18,17,9,8,9,27,28,49,37,12,25,12,1,63
2495,Washington,Spokane,SRTC,1,0,351377.8914,0,0,0,0,0,2,2,2,3,2,0,2,0,0,2,0,2,0,2,6,0,2,0,2,69,53,63,53063,41,300,100,144,11,23,11,0,11,93,113,75,19,55,117,128,27,0,0,28,0,0,31,31,31,24,24,35,17,17,18,17,1,63
2496,Washington,Spokane,SRTC,1,0,213675.4624,0,0,0,0,0,98,2,0,2,0,0,102,0,0,3,0,98,0,0,3,0,98,0,0,1167,53,63,53063,25,156,65,77,8,2,2,0,2,93,102,70,0,194,52,19,0,87,87,0,20,19,0,0,20,13,12,4,3,0,0,0,1,63
2497,Washington,Spokane,SRTC,1,0,1343975.247,0,0,0,0,0,6,3,2,12,3,2,4,0,0,9,2,4,2,4,21,2,8,3,4,80,53,63,53063,157,166,17,58,17,40,23,11,0,30,59,62,15,12,29,125,2,1,2,1,6,5,5,5,4,10,15,35,22,18,17,18,1,63
2498,Washington,Spokane,SRTC,1,0,240641.1682,0,0,0,0,0,4,2,2,2,0,0,2,0,0,2,0,4,0,4,4,0,4,0,4,44,53,63,53063,29,223,55,72,40,28,0,28,0,55,83,64,21,43,99,81,0,43,0,0,0,0,0,39,40,20,40,14,13,14,0,0,1,63
2499,Washington,Spokane,SRTC,1,0,366959.5291,0,0,0,0,0,14,4,4,3,14,0,34,0,21,56,0,14,0,14,6,0,14,0,14,324,53,63,53063,42,355,142,87,86,20,10,0,10,113,150,95,19,183,145,49,47,0,47,47,42,41,42,42,0,20,10,17,11,0,5,6,1,63
2500,Washington,Spokane,SRTC,1,0,461145.9325,0,0,0,0,0,3,35,18,4,3,0,39,0,0,3,0,3,0,3,8,0,6,3,3,831,53,63,53063,54,341,116,117,37,53,18,0,0,98,132,95,16,95,88,158,30,16,15,15,19,19,19,19,18,13,37,30,15,31,30,15,1,63
2501,Washington,Spokane,SRTC,1,0,885340.0139,0,0,0,0,0,5,19,13,8,2,2,13,0,0,6,6,5,2,5,14,2,7,2,5,166,53,63,53063,104,647,190,234,100,77,31,15,0,177,244,191,35,95,164,388,19,18,10,18,30,30,30,29,30,45,44,129,86,43,43,43,1,63
2502,Washington,Spokane,SRTC,1,0,1736376.694,0,0,1,0,0,10,6,4,15,6,2,6,0,0,74,2,8,2,8,28,2,12,4,8,194,53,63,53063,203,191,50,59,19,30,19,8,8,47,72,59,13,42,41,108,13,8,9,8,4,6,6,6,5,18,25,28,19,11,11,14,1,63
2503,Washington,Spokane,SRTC,1,0,921832.2173,0,0,0,0,0,0,280,187,8,0,0,3,0,0,6,2,0,0,0,15,0,1,0,0,724,53,63,53063,108,56,18,18,13,5,2,1,0,15,22,15,4,26,19,11,5,6,5,6,4,4,4,4,4,3,5,2,1,1,1,1,1,63
2504,Washington,Spokane,SRTC,1,0,324968.1068,0,0,0,0,0,2,38,38,3,0,0,2,0,0,26,0,2,0,2,4,0,2,0,2,265,53,63,53063,38,200,63,67,33,12,12,0,12,56,76,68,0,94,54,52,28,0,0,28,38,0,0,0,38,16,32,7,3,3,4,3,1,63
2505,Washington,Spokane,SRTC,1,0,169988.147,0,0,0,0,0,0,109,0,2,0,0,0,0,0,2,0,0,0,0,3,0,284,0,0,768,53,63,53063,19,82,19,30,23,5,3,3,0,20,31,21,10,23,43,16,12,11,0,0,0,11,11,12,0,9,10,3,3,0,0,0,1,63
2506,Washington,Spokane,SRTC,1,0,681947.1633,0,0,0,0,0,5,11,11,6,2,2,3,0,0,2,2,5,2,5,10,2,5,2,2,612,53,63,53063,80,645,220,222,70,67,22,22,22,186,248,173,38,203,166,276,24,24,48,47,60,30,30,30,29,47,47,76,39,38,38,38,1,63
2507,Washington,Spokane,SRTC,1,0,305952.3587,0,0,0,0,0,2,19,19,3,0,0,5,0,0,2,0,2,0,2,4,0,2,0,2,210,53,63,53063,36,309,57,100,81,47,24,0,0,68,113,96,32,66,129,114,66,0,0,0,0,18,18,18,17,58,58,18,19,10,9,0,1,63
2508,Washington,Spokane,SRTC,1,0,655921.185,0,0,0,0,0,4,3,2,6,2,0,3,0,0,4,2,4,2,4,10,2,4,2,2,55,53,63,53063,76,591,187,223,86,48,32,16,0,169,224,178,20,297,162,132,67,67,34,67,62,31,31,31,31,38,75,21,10,5,11,10,1,63
2509,Washington,Spokane,SRTC,1,0,4564767.268,0,0,12,0,0,5,97,60,40,3,1,16,0,0,28,6,4,2,4,74,2,7,2,4,333,53,63,53063,534,284,54,138,37,30,14,6,5,71,102,91,20,28,60,196,7,4,4,5,8,9,8,9,8,26,32,55,37,25,24,23,1,63
2510,Washington,Spokane,SRTC,1,0,553767.0675,0,0,0,0,0,3,4,2,4,3,0,2,0,0,3,0,3,0,3,9,0,6,3,3,113,53,63,53063,65,400,97,131,78,56,19,19,0,98,149,136,17,81,88,231,28,15,14,14,10,11,10,21,10,36,54,48,49,32,16,32,1,63
2511,Washington,Spokane,SRTC,1,0,22366528.18,0,0,1,0,0,2,7,4,196,1,0,84,0,0,142,27,1,0,1,357,0,2,1,1,824,53,63,53063,2614,198,22,86,38,28,14,6,4,41,69,73,15,24,54,120,5,3,3,4,9,10,9,10,8,17,21,34,22,15,14,14,1,63
2512,Washington,Spokane,SRTC,1,0,357810.9384,0,0,0,0,0,0,2,2,3,0,0,2,0,0,3,0,0,0,0,6,0,0,0,0,46,53,63,53063,42,240,75,100,29,36,0,0,0,70,91,66,13,73,87,80,28,28,0,0,17,17,17,17,17,19,37,12,13,6,6,6,1,63
2513,Washington,Spokane,SRTC,1,0,245175.4171,0,0,0,0,0,89,4,4,2,0,0,2,0,0,2,0,89,0,89,4,0,89,0,89,462,53,63,53063,28,324,132,106,58,14,7,0,7,103,128,70,23,258,18,48,54,0,54,55,95,0,0,0,0,18,18,6,6,6,6,6,1,63
2514,Washington,Spokane,SRTC,1,0,229996.7977,0,0,0,0,0,2,1,1,2,0,0,2,0,0,2,0,2,0,2,3,0,2,0,0,44,53,63,53063,27,193,57,86,20,15,0,0,15,56,72,65,0,0,103,90,0,0,0,0,0,17,17,17,18,34,35,37,18,0,0,0,1,63
2515,Washington,Spokane,SRTC,1,0,360684.8832,0,0,0,0,0,49,24,24,3,49,0,39,0,0,28,0,49,0,49,6,0,49,0,49,810,53,63,53063,42,126,40,52,15,9,6,3,0,37,47,35,7,44,40,42,7,8,7,7,15,0,0,15,15,10,19,8,4,3,4,4,1,63
2516,Washington,Spokane,SRTC,1,0,956709.2741,0,0,0,0,0,6,252,168,9,2,2,2,0,0,6,1,4,2,4,15,2,9,2,4,644,53,63,53063,112,264,72,104,41,31,8,8,0,71,99,75,19,82,109,73,23,16,8,15,20,21,20,20,11,37,37,12,8,6,6,4,1,63
2517,Washington,Spokane,SRTC,1,0,336549.9985,0,0,0,0,0,0,39,39,3,0,0,2,0,0,2,0,0,0,0,6,0,0,0,0,100,53,63,53063,39,309,77,121,82,12,12,6,0,81,114,91,23,97,89,123,27,0,27,26,17,17,17,17,16,22,43,32,16,16,0,16,1,63
2518,Washington,Spokane,SRTC,1,0,821489.7921,0,0,0,0,0,2,8,5,8,1,1,37,0,0,76,18,2,1,2,14,1,2,1,2,243,53,63,53063,96,1001,316,358,147,113,45,0,23,282,381,286,52,271,450,280,74,73,37,37,50,99,100,50,100,101,134,49,29,19,30,19,1,63
2519,Washington,Spokane,SRTC,1,0,687482.3543,0,0,0,0,0,5,133,133,6,2,2,8,0,0,236,4,5,2,5,10,2,7,2,2,1158,53,63,53063,81,237,35,95,39,34,22,11,0,51,85,83,18,40,91,106,7,3,3,7,20,9,10,20,10,42,42,23,18,6,5,12,1,63
2520,Washington,Spokane,SRTC,1,0,659863.9296,0,0,0,0,0,43,56,56,6,21,0,63,0,0,4,31,43,21,43,10,21,43,21,21,1022,53,63,53063,77,402,127,144,59,41,10,10,10,151,203,145,36,148,234,153,29,30,29,30,30,61,61,31,30,51,75,24,18,12,12,12,1,63
2521,Washington,Spokane,SRTC,1,0,984975.7704,0,0,0,0,0,23,280,140,9,15,8,26,0,0,6,13,15,8,15,15,8,30,8,15,1079,53,63,53063,115,656,97,264,109,93,56,19,19,142,233,244,37,90,259,307,18,13,12,12,35,34,35,52,34,104,130,59,39,30,29,20,1,63
2522,Washington,Spokane,SRTC,1,0,656882.6771,0,0,0,0,0,16,40,20,6,8,0,4,0,0,93,2,16,8,16,10,8,16,8,8,670,53,63,53063,77,396,120,136,52,44,29,15,0,108,150,110,28,159,131,106,35,17,18,35,54,27,27,27,27,23,35,26,13,6,13,13,1,63
2523,Washington,Spokane,SRTC,1,0,330881.7491,0.16,0.04,0,0,0,28,7,7,3,28,0,31,0,0,95,0,28,0,28,6,0,28,0,28,775,53,63,53063,38,163,49,56,22,36,0,0,0,44,62,46,11,43,79,41,14,15,14,0,0,17,17,16,17,12,12,11,12,6,0,0,1,63
2524,Washington,Spokane,SRTC,1,0,329555.2568,0,0,0,0,0,11,3,3,3,11,0,6,0,0,10,0,11,0,11,6,0,11,0,11,232,53,63,53063,39,250,75,83,51,20,20,0,0,68,95,72,15,80,84,86,19,19,0,19,23,24,23,0,23,14,27,12,12,11,12,12,1,63
2525,Washington,Spokane,SRTC,1,0,538118.4027,0,0,0,0,0,1,22,11,4,1,0,2,0,0,3,0,1,0,1,9,0,1,1,1,55,53,63,53063,63,313,99,100,49,28,19,9,9,86,120,94,13,95,123,95,19,19,19,19,19,18,18,37,19,31,47,17,9,4,9,9,1,63
2526,Washington,Spokane,SRTC,1,0,615594.4944,0,0,0,0,0,2,11,5,6,1,0,3,0,0,4,0,1,0,1,10,0,2,1,1,73,53,63,53063,72,294,88,98,60,24,8,8,8,80,112,79,23,89,112,93,27,13,14,13,22,22,22,22,22,24,24,20,21,14,7,7,1,63
2527,Washington,Spokane,SRTC,1,0,673209.1807,0,0,0,0,0,1,18,18,6,1,0,3,0,0,2,2,1,1,1,10,1,1,1,1,61,53,63,53063,78,365,115,116,57,51,25,0,0,100,140,102,23,126,128,111,30,14,15,30,37,36,19,18,19,36,55,18,10,9,10,9,1,63
2528,Washington,Spokane,SRTC,1,0,572497.1311,0,0,0,0,0,31,48,24,4,16,0,146,0,0,3,0,16,0,16,9,0,31,16,16,626,53,63,53063,67,287,73,128,35,25,8,8,8,78,105,91,13,92,105,90,20,21,20,20,11,12,22,23,11,37,38,19,14,5,9,5,1,63
2529,Washington,Spokane,SRTC,1,0,569769.0064,0,0,0,0,0,279,23,12,4,139,0,60,0,0,42,0,139,0,139,9,0,279,139,139,2240,53,63,53063,67,217,55,97,27,26,13,0,0,59,80,62,16,73,71,73,25,12,12,12,12,12,12,12,12,23,33,14,8,9,5,4,1,63
2530,Washington,Spokane,SRTC,1,0,574123.457,0.13,0.04,0,0,0,17,21,10,4,9,0,42,0,0,8,0,9,0,9,9,0,17,9,9,999,53,63,53063,67,268,68,120,33,24,8,16,0,101,136,104,30,122,124,125,26,26,27,26,17,17,17,17,34,39,57,25,12,6,13,12,1,63
2531,Washington,Spokane,SRTC,1,0,326660.8995,0,0,0,0,0,67,4,4,3,67,0,40,0,0,2,0,67,0,67,4,0,67,0,67,482,53,63,53063,38,210,61,80,42,14,14,0,0,58,79,73,0,83,95,32,16,16,16,16,19,20,19,20,0,36,19,4,5,2,0,2,1,63
2532,Washington,Spokane,SRTC,1,0,326699.1534,0.1,0.03,0,0,0,81,3,3,3,81,0,97,0,0,2,0,81,0,81,4,0,81,0,81,743,53,63,53063,38,161,38,48,21,27,27,0,0,37,61,50,13,49,49,63,19,0,0,19,11,11,0,11,11,16,33,12,6,6,6,0,1,63
2533,Washington,Spokane,SRTC,1,0,2233321.325,0,0,1,0,0,5,8,5,20,2,2,1,0,0,15,0,4,2,4,36,2,7,2,4,251,53,63,53063,261,816,238,270,197,55,28,14,14,241,337,260,54,250,322,320,68,46,46,45,45,45,56,56,45,120,166,50,35,23,23,23,1,63
2534,Washington,Spokane,SRTC,1,0,306230.9642,0,0,0,0,0,4,136,136,3,0,0,2,0,0,2,0,4,0,4,4,0,4,0,4,842,53,63,53063,36,50,16,21,8,5,0,0,0,15,19,13,3,19,22,9,5,4,0,5,5,6,6,0,6,4,3,3,1,0,1,1,1,63
2535,Washington,Spokane,SRTC,1,0,657365.2297,0,0,0,0,0,1,12,12,6,0,0,2,0,0,4,1,1,0,1,10,0,1,0,0,97,53,63,53063,77,398,90,114,104,60,15,15,0,92,148,126,32,31,150,217,6,2,6,3,14,29,14,29,14,64,94,41,31,20,21,10,1,63
2536,Washington,Spokane,SRTC,1,0,736161.353,0,0,0,0,0,18,2,1,6,9,9,3,0,0,4,2,18,9,18,12,9,28,9,18,176,53,63,53063,86,481,88,119,107,105,63,0,0,97,177,173,34,81,121,279,19,9,10,19,24,12,24,12,12,61,81,61,45,31,30,31,1,63
2537,Washington,Spokane,SRTC,1,0,1071393.509,0,0,0,0,0,11,19,10,9,7,4,4,0,0,84,2,11,4,11,16,4,14,4,7,283,53,63,53063,125,513,102,226,77,49,20,20,20,127,184,166,36,65,198,250,9,9,9,9,29,30,30,44,30,64,81,59,34,25,26,25,1,63
2538,Washington,Spokane,SRTC,1,0,751735.424,0,0,0,0,0,10,24,16,6,5,5,11,0,0,4,6,10,5,10,12,5,15,5,10,240,53,63,53063,88,618,112,221,99,106,53,27,0,137,224,210,47,124,219,275,34,34,18,17,21,43,22,21,43,90,89,62,47,31,15,31,1,63
2539,Washington,Spokane,SRTC,1,0,1722080.952,0,0,3,0,0,0,18,12,15,0,0,1,0,0,10,0,0,0,0,27,0,0,0,0,203,53,63,53063,201,485,35,191,71,100,55,22,11,87,168,187,43,38,72,375,10,5,6,8,9,10,9,10,7,36,49,116,73,42,53,42,1,63
2540,Washington,Spokane,SRTC,1,0,1739101.767,0,0,1,0,0,6,3,2,15,4,1,6,0,0,10,2,5,1,5,28,1,7,2,5,146,53,63,53063,204,514,27,120,119,146,58,15,29,73,181,221,39,44,73,397,12,7,5,10,10,8,10,10,10,35,51,111,79,55,56,45,1,63
2541,Washington,Spokane,SRTC,1,0,427636.9325,0,0,0,0,0,1,3,2,4,1,0,4,0,0,86,0,1,0,1,8,0,1,1,1,118,53,63,53063,50,242,35,132,41,13,13,7,0,59,84,71,28,50,83,109,9,9,9,0,23,24,23,24,0,12,12,41,14,14,14,14,1,63
2542,Washington,Spokane,SRTC,1,0,744990.0256,0,0,0,0,0,2,25,17,6,1,1,1,0,0,189,0,2,1,2,12,1,2,1,2,257,53,63,53063,87,322,62,124,40,64,16,16,0,75,116,109,22,45,130,147,11,6,5,12,11,24,12,23,24,47,48,30,23,16,15,15,1,63
2543,Washington,Spokane,SRTC,1,0,569532.1528,0,0,0,0,0,1,1,1,4,1,0,2,0,0,3,0,1,0,1,9,0,1,1,1,42,53,63,53063,66,413,101,112,78,52,35,17,17,96,155,142,20,91,126,196,18,18,18,18,19,19,19,19,19,50,76,48,36,12,12,12,1,63
2544,Washington,Spokane,SRTC,1,0,658836.4244,0,0,0,0,0,2,50,50,6,1,0,5,0,0,4,3,2,1,2,10,1,2,1,1,159,53,63,53063,77,424,117,166,57,50,17,0,17,115,158,124,27,145,125,154,38,19,19,38,31,15,31,15,15,49,73,27,13,14,13,14,1,63
2545,Washington,Spokane,SRTC,1,0,245897.338,0,0,0,0,0,53,8,8,2,0,0,8,0,0,30,0,53,0,53,4,0,53,0,53,517,53,63,53063,29,280,88,89,44,39,19,0,0,77,107,72,24,68,134,78,23,23,22,0,0,33,0,33,33,35,35,14,15,0,14,0,1,63
2546,Washington,Spokane,SRTC,1,0,328835.0998,0,0,0,0,0,4,11,11,3,4,0,4,0,0,39,0,4,0,4,6,0,4,0,4,409,53,63,53063,38,294,81,115,40,29,15,15,0,80,109,105,0,98,83,113,26,27,0,26,19,18,19,18,0,28,57,18,19,10,0,9,1,63
2547,Washington,Spokane,SRTC,1,0,666791.2138,0,0,0,0,0,3,9,9,6,2,0,3,0,0,126,2,3,2,3,10,2,3,2,2,221,53,63,53063,78,314,95,94,69,42,14,0,0,84,120,88,22,78,136,100,20,11,20,10,17,18,17,17,35,49,50,16,9,8,9,8,1,63
2548,Washington,Spokane,SRTC,1,0,328155.1862,0,0,0,0,0,1,79,79,3,1,0,17,0,0,8,0,1,0,1,4,0,1,0,1,696,53,63,53063,39,150,46,45,33,13,4,4,4,40,57,44,9,42,52,56,0,0,0,29,13,12,12,13,0,15,32,7,7,3,4,3,1,63
2549,Washington,Spokane,SRTC,1,0,658716.8796,0,0,0,0,0,1,8,8,6,1,0,1,0,0,4,0,1,1,1,10,1,1,1,1,172,53,63,53063,77,362,106,136,50,35,23,12,0,99,137,101,25,106,150,106,28,28,14,15,21,22,44,22,43,19,29,28,14,14,14,7,1,63
2550,Washington,Spokane,SRTC,1,0,667270.5293,0,0,0,0,0,4,46,46,6,2,0,27,0,0,82,14,4,2,4,10,2,4,2,2,304,53,63,53063,78,510,152,187,75,64,32,0,0,141,192,145,32,168,180,162,43,21,21,43,40,40,20,40,20,60,59,34,26,9,17,17,1,63
2551,Washington,Spokane,SRTC,1,0,658997.8029,0,0,0,0,0,1,43,43,6,0,0,3,0,0,122,2,1,0,1,10,0,1,0,0,231,53,63,53063,77,327,44,90,52,53,35,18,35,60,118,119,30,43,127,157,9,5,4,5,20,21,20,20,20,46,68,30,22,15,7,15,1,63
2552,Washington,Spokane,SRTC,1,0,441509.0707,0,0,0,0,0,1,20,10,4,1,0,2,0,0,3,0,1,0,1,8,0,3,1,1,58,53,63,53063,51,239,34,105,36,64,0,0,0,53,84,87,15,16,71,152,2,1,2,2,9,10,9,10,9,33,33,51,17,17,17,17,1,63
2553,Washington,Spokane,SRTC,1,0,487969.5915,0,0,0,0,0,7,25,13,4,7,0,10,0,8,3,0,7,0,7,8,0,14,7,7,302,53,63,53063,57,324,119,109,32,27,18,18,0,97,126,87,14,133,129,62,26,26,26,26,29,28,29,28,29,15,29,8,8,4,9,4,1,63
2554,Washington,Spokane,SRTC,1,0,660074.6176,0.11,0.03,0,0,0,2,2,2,6,1,0,1,0,0,4,0,2,1,2,10,1,2,1,1,41,53,63,53063,78,366,48,105,67,110,37,0,0,68,132,133,33,47,83,236,16,9,8,8,6,5,12,11,6,49,66,62,46,31,16,15,1,63
2555,Washington,Spokane,SRTC,1,0,515511.3353,0,0,0,0,0,1,2,1,4,1,0,2,0,0,3,0,1,0,1,8,0,2,1,1,25,53,63,53063,60,340,48,141,60,39,26,13,13,74,120,128,18,63,132,145,12,11,12,11,17,33,17,17,16,49,49,35,17,9,17,18,1,63
2556,Washington,Spokane,SRTC,1,0,392488.4927,0,0,0,0,0,1,6,6,3,1,0,2,0,0,3,0,1,0,1,6,0,1,0,1,46,53,63,53063,46,206,47,84,20,37,18,0,0,52,75,66,13,32,65,109,5,4,5,4,14,0,13,13,13,26,52,16,17,8,8,8,1,63
2557,Washington,Spokane,SRTC,1,0,654966.8956,0,0,0,0,0,3,4,2,6,2,0,3,0,0,126,2,3,2,3,10,2,3,2,2,171,53,63,53063,76,372,49,107,68,89,60,0,0,69,134,138,31,53,76,243,17,8,8,9,11,12,6,6,6,46,70,63,31,32,31,16,1,63
2558,Washington,Spokane,SRTC,1,0,532155.0745,0,0,0,0,0,2,10,5,4,2,0,2,0,0,3,0,2,0,2,9,0,3,2,2,39,53,63,53063,62,269,61,109,27,36,9,18,9,67,99,77,26,38,106,125,12,6,0,6,14,13,14,14,13,52,51,25,16,8,9,16,1,63
2559,Washington,Spokane,SRTC,1,0,656217.0277,0,0,0,0,0,0,3,2,6,0,0,3,0,0,4,2,0,0,0,10,0,0,0,0,71,53,63,53063,77,286,51,120,32,42,28,0,14,66,103,105,12,27,89,170,3,3,6,7,8,9,9,18,17,36,49,40,30,21,20,10,1,63
2560,Washington,Spokane,SRTC,1,0,660683.9531,0,0,0,0,0,8,80,80,6,4,0,54,0,0,36,27,8,4,8,10,4,8,4,4,1347,53,63,53063,77,460,134,173,64,51,25,13,0,126,173,129,32,135,191,134,43,21,22,21,28,56,55,28,27,25,36,33,24,17,8,16,1,63
2561,Washington,Spokane,SRTC,1,0,659982.659,0,0,0,0,0,7,82,82,6,3,0,385,0,0,4,192,7,3,7,10,3,7,3,3,1826,53,63,53063,77,342,106,125,84,17,11,0,0,97,130,94,21,123,142,77,26,14,13,26,44,22,22,44,22,32,32,16,8,9,8,4,1,63
2562,Washington,Spokane,SRTC,1,0,659852.562,0,0,0,0,0,3,42,42,6,2,0,3,0,0,4,2,3,2,3,10,2,3,2,2,127,53,63,53063,78,361,48,99,58,78,19,39,19,66,131,131,33,41,146,174,9,8,4,5,15,32,32,16,16,50,76,33,24,8,17,16,1,63
2563,Washington,Spokane,SRTC,1,0,653622.4257,0,0,0,0,0,3,33,16,6,2,0,24,0,0,4,12,3,2,3,10,2,3,2,2,832,53,63,53063,76,426,125,168,70,38,25,0,0,119,160,132,15,144,161,121,49,25,24,25,21,20,21,41,41,38,57,20,14,10,10,10,1,63
2564,Washington,Spokane,SRTC,1,0,1064731.3,0,0,0,0,0,0,18,9,9,0,0,4,0,0,81,2,0,0,0,16,0,0,0,0,239,53,63,53063,124,405,56,142,90,64,32,11,11,83,144,145,33,85,160,160,12,12,11,12,38,25,25,25,25,60,75,30,20,15,10,10,1,63
2565,Washington,Spokane,SRTC,1,0,1152082.858,0,0,0,0,0,53,26,19,10,35,18,19,0,0,2,6,53,18,53,18,18,70,18,35,1850,53,63,53063,135,447,131,176,74,33,16,11,5,191,257,185,50,233,256,194,59,40,39,59,36,53,53,54,35,61,91,34,20,15,19,15,1,63
2566,Washington,Spokane,SRTC,1,0,763771.0909,0,0,0,0,0,0,6,4,6,0,0,3,0,0,309,2,0,0,0,12,0,0,0,0,346,53,63,53063,89,387,120,130,46,65,13,13,0,106,147,112,22,116,100,171,43,14,15,14,30,16,15,15,16,38,39,47,28,19,19,19,1,63
2567,Washington,Spokane,SRTC,1,0,1757652.115,0,0,11,0,0,5,65,43,15,3,1,1,0,0,118,0,4,1,4,28,1,6,2,4,396,53,63,53063,206,831,219,323,104,92,62,10,21,219,309,256,47,290,314,227,70,53,53,70,44,59,59,58,59,79,101,42,34,16,17,17,1,63
2568,Washington,Spokane,SRTC,1,0,8688032.335,0,0,2,0,0,0,22,14,76,0,0,1,0,0,56,0,0,0,0,140,0,0,0,0,239,53,63,53063,1015,348,75,113,39,66,31,16,8,79,129,115,25,63,73,212,17,12,10,12,12,12,11,12,11,27,36,60,40,25,27,24,1,63
2569,Washington,Spokane,SRTC,1,0,6722525.353,0,0,19,0,0,2,233,145,58,1,1,13,0,8,94,4,2,1,2,106,1,3,1,2,635,53,63,53063,782,681,98,188,145,140,64,27,19,130,246,252,53,126,261,294,27,18,16,21,44,45,44,48,38,86,109,63,41,28,27,26,1,63
2570,Washington,Spokane,SRTC,1,0,1159858.833,0,0,0,0,0,1,30,23,10,0,0,2,0,0,8,1,1,0,1,18,0,1,0,0,138,53,63,53063,136,241,39,71,68,32,19,6,6,50,87,87,17,50,112,79,9,9,6,6,20,14,20,20,20,38,46,11,8,5,4,5,1,63
2571,Washington,Spokane,SRTC,1,0,312017.5879,0,0,0,0,0,1,2,2,3,0,0,2,0,0,2,0,1,0,1,4,0,1,0,1,18,53,63,53063,37,323,93,99,71,40,20,0,0,85,122,93,23,56,163,104,19,0,18,19,0,135,0,0,0,28,56,19,10,9,10,0,1,63
2572,Washington,Spokane,SRTC,1,0,477957.7685,0,0,0,0,0,1,5,3,4,1,0,2,0,0,3,0,1,0,1,8,0,3,1,1,39,53,63,53063,55,492,158,136,78,60,30,30,0,132,190,146,24,129,243,120,23,23,23,24,36,37,36,36,37,97,98,5,6,3,2,6,1,63
2573,Washington,Spokane,SRTC,1,0,300872.5789,0.41,0.12,0,0,0,2,2,2,3,0,0,2,0,0,2,0,2,0,2,4,0,2,0,2,27,53,63,53063,36,295,91,43,73,44,22,0,22,70,116,87,22,72,111,112,27,27,0,0,18,18,18,18,18,39,40,29,14,15,14,0,1,63
2574,Washington,Spokane,SRTC,1,0,1626313.369,0,0,100,0,0,5,600,400,15,3,1,5,0,0,10,1,5,1,5,26,1,7,2,3,1348,53,63,53063,190,84,20,32,16,9,4,2,1,21,31,26,6,32,31,21,8,6,5,8,5,6,5,7,5,8,12,3,2,2,1,1,1,63
2575,Washington,Spokane,SRTC,1,0,379523.7227,0,0,0,0,0,1,4,4,3,1,0,2,0,0,3,0,1,0,1,6,0,1,0,1,26,53,63,53063,44,356,66,123,38,64,64,0,0,78,130,123,25,85,117,154,33,0,0,32,20,21,20,20,20,36,72,27,14,14,13,14,1,63
2576,Washington,Spokane,SRTC,1,0,1700352.258,0,0,52,0,0,4,309,206,15,2,1,65,0,0,10,16,3,1,3,27,1,5,2,3,840,53,63,53063,199,372,155,151,40,15,6,3,3,124,146,86,16,143,145,84,42,25,25,25,26,33,34,25,25,28,37,16,12,6,7,6,1,63
2577,Washington,Spokane,SRTC,1,0,905412.8218,0,0,0,0,0,1,124,82,8,0,0,32,0,0,220,16,1,0,1,15,0,1,0,1,697,53,63,53063,106,576,239,153,74,63,32,16,0,176,230,136,34,164,147,265,36,37,36,36,19,20,19,19,19,70,70,65,43,22,33,32,1,63
2578,Washington,Spokane,SRTC,1,0,910223.2561,0,0,0,0,0,7,49,33,8,4,4,83,0,0,36,41,7,4,7,15,4,11,4,7,1313,53,63,53063,106,652,161,247,96,67,40,27,13,166,242,206,38,178,234,240,49,32,16,33,48,48,49,48,24,65,109,44,26,26,18,17,1,63
2579,Washington,Spokane,SRTC,1,0,331852.9984,0,0,0,0,0,3,4,4,3,3,0,18,0,0,2,0,3,0,3,6,0,3,0,3,97,53,63,53063,39,307,84,127,40,56,0,0,0,84,114,91,18,105,114,88,0,0,33,33,39,0,0,40,39,35,34,16,15,8,7,8,1,63
2580,Washington,Spokane,SRTC,1,0,1015813.773,0,0,0,0,0,12,24,12,9,8,4,7,0,0,6,2,8,4,8,16,4,17,4,8,228,53,63,53063,118,1005,417,407,107,37,22,7,7,336,393,224,52,387,395,223,119,79,40,79,70,70,106,70,70,79,97,45,29,15,22,15,1,63
2581,Washington,Spokane,SRTC,1,0,352264.1823,0,0,0,0,0,12,7,7,3,12,0,1066,0,0,2,0,12,0,12,6,0,12,0,12,1313,53,63,53063,42,139,46,32,26,17,9,0,9,37,54,38,10,70,46,23,19,19,19,0,13,14,0,13,13,6,13,4,2,1,2,1,1,63
2582,Washington,Spokane,SRTC,1,0,603689.5895,0,0,0,0,0,13,3,2,6,6,0,7,0,0,94,0,6,0,6,9,0,13,6,6,197,53,63,53063,70,469,157,222,43,31,8,8,0,146,177,130,16,42,143,284,6,3,3,6,24,23,48,23,24,25,24,87,58,57,29,29,1,63
2583,Washington,Spokane,SRTC,1,0,461790.3415,0,0,0,0,0,322,394,197,4,322,0,518,0,0,122,0,322,0,322,8,0,644,322,322,5923,53,63,53063,54,97,40,29,14,3,7,3,0,239,303,166,55,509,157,97,115,116,115,115,48,48,0,48,48,13,18,30,19,10,10,10,1,63
2584,Washington,Spokane,SRTC,1,0,760092.2778,0,0,0,0,0,25,14,9,6,12,12,19,0,0,194,10,25,12,25,12,12,37,12,25,852,53,63,53063,89,346,85,144,56,43,9,0,9,126,175,147,29,102,182,193,26,13,12,13,38,38,38,38,19,49,48,52,31,21,20,21,1,63
2585,Washington,Spokane,SRTC,1,0,11136038.44,0,0,53,13,5,71,528,330,98,40,19,42,0,0,70,14,62,21,62,178,21,98,33,57,2443,53,63,53063,1301,15,4,7,2,2,1,0,0,70,97,80,17,123,79,62,35,23,22,27,16,16,17,17,15,14,19,15,9,6,7,6,1,63
2586,Washington,Spokane,SRTC,1,0,199906.6627,0,0,0,0,0,10,2,0,2,0,0,0,0,0,2,0,0,0,0,3,0,10,0,0,174,53,63,53063,24,211,55,65,38,53,0,0,0,60,91,68,23,66,27,149,22,22,0,22,0,0,0,0,0,27,27,61,31,30,0,0,1,63
2587,Washington,Spokane,SRTC,1,0,542666.3194,0,0,0,0,0,39,123,62,4,39,0,44,0,0,111,0,39,0,39,9,0,78,39,39,2918,53,63,53063,63,340,123,120,38,47,12,0,0,102,132,93,13,141,122,77,29,29,29,29,25,25,25,25,25,22,33,14,10,5,10,5,1,63
2588,Washington,Spokane,SRTC,1,0,3777305.904,0,0,28,0,0,3,390,251,33,2,1,2,0,0,24,1,3,1,3,60,1,4,1,2,1412,53,63,53063,442,5,1,3,1,0,0,0,0,1,2,2,0,2,2,1,1,0,0,1,0,0,1,0,0,1,0,1,0,0,0,0,1,63
2589,Washington,Spokane,SRTC,1,0,10558436.32,0,0,2,1,0,1,22,14,93,1,0,39,0,0,68,12,1,0,1,170,0,2,1,1,222,53,63,53063,1234,293,37,110,46,55,27,11,8,59,104,107,23,40,88,165,9,6,5,7,13,13,13,13,11,38,48,40,27,17,17,16,1,63
2590,Washington,Spokane,SRTC,1,0,1292152.561,0,0,0,0,0,1,68,41,12,1,0,9,0,0,8,3,1,0,1,21,0,2,1,1,511,53,63,53063,151,105,21,42,18,13,6,4,2,25,38,34,8,24,37,44,6,4,4,6,4,5,6,5,4,17,20,8,5,4,3,4,1,63
2591,Washington,Spokane,SRTC,1,0,4349183.78,0,0,7,0,0,2,60,37,38,1,0,1,0,0,372,0,2,1,2,69,0,2,1,1,553,53,63,53063,508,793,193,263,146,107,49,22,13,194,296,253,50,279,263,251,77,52,45,58,47,48,48,53,48,66,83,57,40,25,24,22,1,63
2592,Washington,Spokane,SRTC,1,0,37752537.33,0,0,10,1,0,2,95,61,332,1,1,141,0,0,422,45,2,1,2,603,1,3,1,2,853,53,63,53063,4412,759,82,269,137,149,71,31,20,143,268,287,61,157,160,442,44,31,27,34,21,21,20,22,19,78,103,116,76,49,51,47,1,63
2593,Washington,Spokane,SRTC,1,0,1053365.845,0,0,0,0,0,2,36,18,9,1,1,1,0,0,6,0,1,1,1,16,1,3,1,1,91,53,63,53063,123,316,59,126,57,37,22,7,7,74,114,105,23,51,86,179,15,10,5,10,11,11,10,11,11,43,54,40,26,20,19,20,1,63
2594,Washington,Spokane,SRTC,1,0,3366171.064,0,0,1,0,0,4,8,5,30,2,1,1,0,0,4,0,4,1,4,54,1,6,2,3,166,53,63,53063,394,688,103,260,146,103,49,16,11,147,246,244,51,72,146,470,15,10,11,11,25,25,25,28,21,47,62,139,96,56,62,55,1,63
2595,Washington,Spokane,SRTC,1,0,356763.6011,0,0,0,0,0,2,7,7,3,2,0,2,0,0,2,0,2,0,2,6,0,2,0,2,98,53,63,53063,41,318,98,104,46,23,23,23,0,87,121,92,18,99,142,77,23,23,0,23,30,31,30,30,31,20,11,33,11,11,0,11,1,63
2596,Washington,Spokane,SRTC,1,0,907195.2446,0,0,0,0,0,7,29,19,8,4,4,3,0,0,87,2,7,4,7,15,4,11,4,7,362,53,63,53063,106,620,153,231,119,64,21,11,21,159,229,196,36,146,201,273,42,28,28,29,19,39,39,39,40,44,74,59,46,36,35,23,1,63
2597,Washington,Spokane,SRTC,1,0,4403376.009,0,0,1,0,0,0,10,6,39,0,0,11,0,0,2,3,0,0,0,70,0,0,0,0,340,53,63,53063,515,766,18,392,69,161,77,28,21,138,255,308,65,97,192,477,23,15,13,17,29,27,26,27,24,88,117,123,81,52,52,52,1,63
2598,Washington,Spokane,SRTC,1,0,2401934.374,0,0,4,0,0,37,33,18,21,25,12,33,0,0,15,11,37,12,37,39,12,55,18,31,1210,53,63,53063,281,727,23,278,156,146,79,34,11,118,248,295,66,38,150,539,5,4,3,4,22,23,22,26,22,57,70,160,107,63,75,64,1,63
2599,Washington,Spokane,SRTC,1,0,29190120.56,0,0,16,3,0,5,152,98,256,3,2,9,0,0,90,3,5,2,5,466,2,7,2,4,453,53,63,53063,3411,1351,123,523,252,247,119,53,34,255,471,516,109,145,344,862,34,22,21,26,42,45,44,45,40,170,222,218,145,93,96,88,1,63
2600,Washington,Spokane,SRTC,1,0,3981629.351,0,0,2,0,0,3,33,21,34,2,1,5,0,2,2,1,3,1,3,63,1,5,2,3,201,53,63,53063,466,1427,188,392,279,322,153,61,31,262,515,535,115,83,297,1047,15,11,9,12,36,37,41,41,37,141,170,296,198,136,123,124,1,63
2601,Washington,Spokane,SRTC,1,0,34849408.84,0,0,7,1,0,4,70,45,306,3,1,7,0,8,68,2,4,1,4,556,1,6,2,4,316,53,63,53063,4073,984,141,347,181,172,83,36,25,201,353,355,75,226,254,504,60,40,37,46,43,45,44,46,41,78,102,137,91,58,60,56,1,63
2602,Washington,Spokane,SRTC,1,0,89080845.14,0,0,12,2,1,13,123,78,783,7,3,15,0,0,568,5,11,4,11,1424,4,17,6,10,1053,53,63,53063,10410,1197,181,437,162,229,111,47,31,250,429,428,90,325,461,411,80,54,50,61,80,83,81,85,74,138,179,79,52,34,35,32,1,63
2603,Washington,Spokane,SRTC,1,0,130907223.2,0,0,9,1,0,2,89,57,1150,1,0,488,0,0,9,156,1,0,1,2092,0,2,1,1,2912,53,63,53063,15299,783,94,278,134,151,73,32,21,152,278,291,62,190,260,333,49,34,30,38,39,39,40,41,36,104,136,67,44,29,30,27,1,63
2604,Washington,Spokane,SRTC,1,0,445795.2388,0,0,0,0,0,17,17,8,4,17,0,136,0,0,84,0,17,0,17,8,0,35,17,17,502,53,63,53063,52,346,78,127,96,22,15,7,0,86,127,111,22,126,141,79,24,25,24,24,29,28,28,29,28,28,55,9,6,3,3,3,1,63
2605,Washington,Spokane,SRTC,1,0,112372679.9,0,0,4,1,0,1,37,24,987,1,0,1,0,0,4,0,1,0,1,1797,0,1,0,1,1960,53,63,53063,13133,280,51,102,49,43,21,9,6,63,101,96,20,75,77,128,20,13,13,15,14,14,14,14,13,22,30,33,22,15,14,14,1,63
2606,Washington,Spokane,SRTC,1,0,271547.1223,0,0,0,0,0,1,25,25,3,0,0,5,0,0,2,0,1,0,1,4,0,1,0,1,314,53,63,53063,32,310,129,99,24,39,0,0,20,98,123,67,22,0,239,71,0,0,0,0,0,66,67,0,66,40,39,13,6,0,7,6,1,63
2607,Washington,Spokane,SRTC,1,0,7131282.006,0,0,62,0,1,16,541,333,63,9,4,1,0,0,111,0,14,5,14,114,5,22,7,12,1586,53,63,53063,834,327,80,99,87,32,17,8,4,80,122,104,21,135,110,82,38,24,23,28,22,22,22,23,20,23,31,17,12,8,7,7,1,63
2608,Washington,Spokane,SRTC,1,0,201218085,0,0,13,2,1,21,125,80,1758,12,6,16,0,0,52,5,19,6,18,3198,6,29,10,17,753,53,63,53063,23378,1083,124,417,208,183,88,38,25,216,381,401,85,151,307,625,35,24,22,27,43,44,43,45,40,135,176,153,102,65,67,62,1,63
2609,Washington,Spokane,SRTC,1,0,17163225.93,0,0,11,2,35,814,107,68,152,460,230,25,0,10,75,8,708,248,708,274,230,1115,372,655,6505,53,63,53063,2006,1123,7,319,295,275,132,57,39,149,385,487,102,269,604,250,47,32,29,36,125,128,125,132,115,104,136,39,26,16,17,16,1,63
2610,Washington,Spokane,SRTC,1,0,9300193.303,0,0,3,1,0,0,33,21,81,0,0,34,0,0,60,10,0,0,0,148,0,0,0,0,392,53,63,53063,1087,73,6,16,14,20,10,4,3,11,26,30,6,6,10,57,1,1,1,1,2,1,2,1,2,4,7,17,11,8,7,7,1,63
2611,Washington,Spokane,SRTC,1,0,42247600.8,0,0,11,1,0,2,110,70,372,1,0,6,0,0,270,2,2,1,2,675,1,2,1,1,506,53,63,53063,4937,642,153,227,85,97,47,20,13,157,238,204,43,166,185,291,44,30,27,33,32,33,32,34,30,56,74,73,50,32,32,30,1,63
2612,Washington,Spokane,SRTC,1,0,1260346.463,0,0,0,0,0,26,36,22,10,18,9,42,0,0,9,14,26,9,26,20,9,44,18,26,846,53,63,53063,148,821,202,323,190,57,33,8,8,226,320,255,64,559,195,111,172,115,115,114,43,29,43,44,43,36,44,23,15,9,11,9,1,63
2613,Washington,Spokane,SRTC,1,0,497655.9519,0,0,0,0,0,9,1,0,4,9,0,6,0,0,80,0,9,0,9,8,0,19,9,9,375,53,63,53063,58,413,95,180,73,65,0,0,0,108,151,132,22,88,156,169,26,13,13,14,22,23,23,23,23,64,64,39,27,13,13,13,1,63
2614,Washington,Spokane,SRTC,1,0,6141569.096,0,0,0,0,0,0,5,3,54,0,0,22,0,0,39,8,0,0,0,98,0,0,0,0,176,53,63,53063,718,130,16,54,26,18,9,4,3,27,46,47,10,9,23,98,2,1,1,2,3,3,2,3,3,12,16,28,19,12,12,11,1,63
2615,Washington,Spokane,SRTC,1,0,376767058.7,0,0,4,1,1,15,37,24,3310,9,4,21,0,3,33,7,13,5,13,6021,4,21,7,12,6341,53,63,53063,44020,778,168,221,127,143,69,30,20,173,289,261,55,222,292,264,56,38,35,43,50,51,51,53,46,91,118,50,33,21,22,20,1,63
2616,Washington,Spokane,SRTC,1,0,5184280.673,0,0,2,0,0,1,23,14,45,1,0,3,0,0,33,1,1,0,1,82,0,2,1,1,174,53,63,53063,606,377,46,156,77,52,27,12,8,79,132,136,30,25,68,284,6,4,3,4,8,8,9,8,8,35,46,80,54,37,33,34,1,63
2617,Washington,Spokane,SRTC,1,0,485239727.5,0,0,7,1,0,3,70,45,4263,2,1,4,0,0,202,1,3,1,3,7756,1,4,1,3,8116,53,63,53063,56702,496,108,217,70,55,26,11,7,126,180,157,33,117,180,199,29,20,17,23,28,30,29,30,27,64,84,39,26,17,17,16,1,63
2618,Washington,Spokane,SRTC,1,0,1303576.654,0,0,0,0,0,2,1,1,12,1,1,4,0,0,9,2,2,1,2,21,1,3,1,2,75,53,63,53063,152,424,110,154,59,50,28,7,14,109,158,127,30,122,187,115,35,17,17,18,35,35,35,35,35,47,55,20,15,10,8,7,1,63
2619,Washington,Spokane,SRTC,1,0,288344.2229,0,0,0,0,0,15,25,25,3,0,0,13,0,0,2,0,15,0,15,4,0,15,0,15,197,53,63,53063,34,311,80,97,52,83,0,0,0,77,117,117,0,138,104,69,24,23,24,23,44,0,44,44,0,16,32,18,10,0,9,0,1,63
2620,Washington,Spokane,SRTC,1,0,7766399.745,0,0,0,0,0,1,1,1,69,1,0,28,0,0,50,9,1,0,1,124,0,1,1,1,228,53,63,53063,908,94,17,51,13,7,3,2,1,24,34,30,6,15,22,57,3,3,2,3,4,4,4,4,4,6,9,16,11,7,7,7,1,63
2621,Washington,Spokane,SRTC,1,0,376131.2767,0,0,0,0,0,14,10,10,3,14,0,8,0,0,3,0,14,0,14,6,0,14,0,14,478,53,63,53063,43,245,87,40,77,8,17,8,8,65,97,69,14,117,86,42,52,0,0,52,13,12,13,12,13,36,19,7,4,4,4,4,1,63
2622,Washington,Spokane,SRTC,1,0,1094872.395,0,0,0,0,0,15,118,59,9,10,5,37,0,0,58,12,15,5,15,18,5,20,5,10,839,53,63,53063,128,364,82,106,75,64,28,9,0,101,164,144,31,100,177,163,21,14,14,14,37,36,37,36,37,31,47,35,29,17,18,17,1,63
2623,Washington,Spokane,SRTC,1,0,654040.9307,0,0,0,0,0,4,72,36,6,2,0,1,0,0,80,0,4,2,4,10,2,4,2,2,224,53,63,53063,77,356,107,119,72,29,10,10,10,97,135,101,23,100,137,119,27,27,13,14,19,19,38,38,19,23,35,28,14,14,14,14,1,63
2624,Washington,Spokane,SRTC,1,0,660183.6036,0,0,0,0,0,7,61,61,6,4,0,2,0,0,87,1,7,4,7,10,4,7,4,4,499,53,63,53063,77,386,122,137,74,30,15,0,8,109,147,104,26,112,133,141,28,13,14,28,29,29,14,14,29,47,48,31,23,16,15,8,1,63
2625,Washington,Spokane,SRTC,1,0,495797.8975,0,0,0,0,0,13,76,38,4,13,0,60,0,0,3,0,13,0,13,8,0,26,13,13,922,53,63,53063,58,365,110,126,48,48,16,16,0,99,139,111,16,127,137,101,24,24,24,25,30,29,30,30,30,18,36,24,17,8,8,8,1,63
2626,Washington,Spokane,SRTC,1,0,340907.5376,0,0,0,0,0,3,1,1,3,3,0,16,0,0,2,0,3,0,3,6,0,3,0,3,49,53,63,53063,40,343,121,115,76,31,0,0,0,102,133,86,22,70,143,130,35,0,35,0,0,0,60,60,0,23,23,36,17,18,18,18,1,63
2627,Washington,Spokane,SRTC,1,0,361980.2776,0,0,0,0,0,8,5,5,3,8,0,21,0,0,3,0,8,0,8,6,0,8,0,8,174,53,63,53063,42,352,128,77,71,31,31,15,0,97,139,97,19,142,129,81,37,38,0,37,30,29,30,29,30,11,21,17,17,9,8,9,1,63
2628,Washington,Spokane,SRTC,1,0,348442.1958,0,0,0,0,0,24,21,21,3,24,0,6,0,8,2,0,24,0,24,6,0,24,0,24,505,53,63,53063,41,349,145,80,42,41,21,21,0,104,140,84,21,105,121,123,21,20,21,20,23,24,0,23,23,51,51,31,10,10,11,10,1,63
2629,Washington,Spokane,SRTC,1,0,290884.0591,0,0,0,0,0,42,1,1,3,0,0,2,0,0,2,0,42,0,42,4,0,42,0,42,307,53,63,53063,34,240,61,90,54,23,0,0,11,63,89,70,18,93,93,54,47,0,0,46,0,39,39,0,0,15,30,8,8,0,0,8,1,63
2630,Washington,Spokane,SRTC,1,0,300224.917,0,0,0,0,0,33,14,14,3,0,0,2,0,0,2,0,33,0,33,4,0,33,0,33,362,53,63,53063,35,197,47,67,38,15,31,0,0,48,73,61,15,63,62,72,17,18,17,0,11,0,11,11,11,29,29,14,15,7,7,0,1,63
2631,Washington,Spokane,SRTC,1,0,247276.3214,0,0,0,0,0,1,2,2,2,0,0,2,0,0,2,0,1,0,1,4,0,1,0,1,16,53,63,53063,29,242,46,100,60,37,0,0,0,58,88,96,0,36,126,80,0,0,0,36,0,101,0,0,0,25,25,19,9,9,9,9,1,63
2632,Washington,Spokane,SRTC,1,0,410444.4663,0,0,0,0,0,2,4,4,3,2,0,9,0,0,87,0,2,0,2,6,0,3,2,2,123,53,63,53063,48,403,160,124,62,29,10,10,10,124,159,86,34,137,172,94,53,26,27,0,31,31,31,31,31,48,48,15,8,8,7,8,1,63
2633,Washington,Spokane,SRTC,1,0,210704.676,0,0,0,0,0,11,6,0,2,0,0,4,0,0,338,0,0,0,0,3,0,11,0,0,506,53,63,53063,24,211,103,93,15,0,0,0,0,81,97,70,0,170,43,35,0,0,0,134,36,0,0,36,0,7,7,7,7,0,7,7,1,63
2634,Washington,Spokane,SRTC,1,0,420929.2091,0.24,0.07,0,0,0,3,4,2,3,3,0,4,0,0,3,0,3,0,3,6,0,7,3,3,44,53,63,53063,50,217,51,73,41,31,20,0,0,53,80,70,14,67,60,90,14,15,14,14,10,10,10,9,10,21,43,17,12,6,6,6,1,63
2635,Washington,Spokane,SRTC,1,0,510426.1351,0,0,0,0,0,1,15,8,4,1,0,2,0,0,87,0,1,0,1,8,0,1,1,1,220,53,63,53063,59,335,100,149,34,31,10,10,0,97,125,88,25,86,115,134,27,13,14,13,19,19,19,19,19,39,57,26,17,17,8,9,1,63
2636,Washington,Spokane,SRTC,1,0,461251.3547,0,0,0,0,0,1,15,7,4,1,0,2,0,0,3,0,1,0,1,8,0,2,1,1,47,53,63,53063,54,439,130,167,73,28,14,14,14,122,166,129,22,138,143,158,28,29,28,29,24,24,24,24,24,47,46,42,28,14,14,14,1,63
2637,Washington,Spokane,SRTC,1,0,236058.3134,0,0,0,0,0,43,2,2,2,0,0,6,0,0,2,0,43,0,43,4,0,43,0,43,256,53,63,53063,28,283,84,47,49,69,35,0,0,66,110,80,27,0,162,121,0,0,0,0,0,54,54,0,54,0,114,1,2,1,2,1,1,63
2638,Washington,Spokane,SRTC,1,0,563121.5817,0,0,0,0,0,2,10,5,4,1,0,2,0,0,3,0,1,0,1,9,0,2,1,1,41,53,63,53063,66,604,174,219,87,93,31,0,0,163,228,186,27,152,214,238,50,25,25,25,27,27,27,54,26,80,80,59,40,20,19,20,1,63
2639,Washington,Spokane,SRTC,1,0,462108.781,0,0,0,0,0,1,7,3,4,1,0,20,0,0,3,0,1,0,1,8,0,2,1,1,52,53,63,53063,54,1172,487,474,125,43,22,22,0,392,459,275,46,460,429,283,92,93,92,93,90,90,90,90,90,69,136,49,33,16,33,16,1,63
2640,Washington,Spokane,SRTC,1,0,394415.1159,0,0,0,0,0,5,11,11,3,5,0,2,0,0,3,0,5,0,5,6,0,5,0,5,89,53,63,53063,46,447,118,138,61,65,65,0,0,110,169,140,28,139,170,138,32,31,0,32,44,45,44,45,0,36,36,44,14,15,14,15,1,63
2641,Washington,Spokane,SRTC,1,0,1473924.978,0,0,2,0,0,10,12,7,14,5,3,73,0,0,297,18,8,3,8,24,3,13,5,8,1202,53,63,53063,172,712,175,265,137,72,27,18,18,182,264,220,46,186,218,308,45,33,34,33,41,40,41,40,40,57,80,73,55,36,27,37,1,63
2642,Washington,Spokane,SRTC,1,0,518746.3385,0,0,0,0,0,0,14,7,4,0,0,4,0,0,3,0,0,0,0,9,0,1,0,0,47,53,63,53063,61,522,168,200,67,52,17,17,0,151,198,130,43,171,209,142,52,27,26,26,40,41,40,41,40,47,46,38,20,9,19,10,1,63
2643,Washington,Spokane,SRTC,1,0,213079.69,0,0,0,0,0,3,3,0,2,0,0,2,0,0,2,0,3,0,0,3,0,3,0,0,46,53,63,53063,25,204,63,80,27,8,17,0,8,58,77,69,0,82,63,59,0,0,0,38,44,0,0,0,44,19,20,13,13,13,0,0,1,63
2644,Washington,Spokane,SRTC,1,0,311832.783,0,0,0,0,0,0,2,2,3,0,0,2,0,0,2,0,0,0,0,4,0,0,0,0,42,53,63,53063,36,325,65,165,37,58,0,0,0,84,116,100,25,36,129,160,18,18,0,0,0,27,28,27,0,47,93,22,11,12,11,11,1,63
2645,Washington,Spokane,SRTC,1,0,351108.5162,0,0,0,0,0,0,2,2,3,0,0,2,0,0,2,0,0,0,0,6,0,0,0,0,31,53,63,53063,41,357,40,136,81,50,50,0,0,71,125,134,27,45,136,176,9,0,9,9,18,19,18,19,18,62,63,32,32,17,16,16,1,63
2646,Washington,Spokane,SRTC,1,0,658909.0575,0,0,0,0,0,2,3,3,6,1,0,3,0,0,4,2,2,1,2,10,1,2,1,1,1835,53,63,53063,77,31,9,10,4,4,2,2,0,9,11,9,2,7,7,17,2,2,1,1,1,1,2,1,1,2,4,5,2,1,3,2,1,63
2647,Washington,Spokane,SRTC,1,0,412692.7587,0,0,0,0,0,1,4,4,3,1,0,2,0,0,3,0,1,0,1,6,0,2,1,1,92,53,63,53063,48,347,80,145,51,42,14,0,14,89,127,109,22,90,112,145,17,18,17,18,20,20,20,19,20,33,33,32,32,16,16,16,1,63
2648,Washington,Spokane,SRTC,1,0,427296.2259,0,0,0,0,0,28,776,388,4,28,0,2,0,0,3,0,28,0,28,8,0,57,28,28,1493,53,63,53063,50,79,20,25,14,13,0,0,7,19,30,26,4,21,33,25,4,4,3,4,6,5,6,5,6,11,11,5,4,1,2,2,1,63
2649,Washington,Spokane,SRTC,1,0,159789.9263,0,0,0,0,0,0,2,0,2,0,0,0,0,0,2,0,0,0,0,3,0,8,0,0,1946,53,63,53063,19,8,2,3,0,1,1,1,0,2,3,2,1,1,2,5,0,0,0,1,0,0,0,2,0,0,1,1,0,2,1,0,1,63
2650,Washington,Spokane,SRTC,1,0,936937.478,0,0,0,0,0,119,516,344,8,40,40,137,0,0,6,68,79,40,79,15,40,119,40,79,2829,53,63,53063,109,129,54,39,21,11,4,0,0,89,112,69,12,183,56,43,73,49,24,25,12,11,12,12,11,10,13,10,8,4,4,4,1,63
2651,Washington,Spokane,SRTC,1,0,572352.6525,0,0,0,0,0,2,9,5,4,1,0,286,0,0,220,0,1,0,1,9,0,2,1,1,561,53,63,53063,67,500,103,149,118,65,43,22,0,112,184,159,45,215,195,90,50,25,25,50,65,32,32,33,32,66,65,9,5,4,2,5,1,63
2652,Washington,Spokane,SRTC,1,0,1164215.664,0,0,0,0,0,1,3,2,10,1,0,4,0,0,8,2,1,0,1,18,0,2,0,1,96,53,63,53063,136,513,61,157,82,98,65,33,16,94,183,197,39,62,113,338,17,12,11,11,11,16,16,17,10,54,82,81,58,35,47,35,1,63
2653,Washington,Spokane,SRTC,1,0,4716789.383,0,0,3,0,0,5,29,19,42,3,1,6,0,0,91,2,5,2,5,75,2,7,3,4,292,53,63,53063,552,881,208,346,121,116,49,22,18,223,324,275,59,218,279,384,51,39,34,43,51,51,51,52,46,79,102,96,66,41,41,38,1,63
2654,Washington,Spokane,SRTC,1,0,109579139.1,0,0,9,1,0,7,89,57,963,4,2,2,0,0,699,1,6,2,6,1752,2,9,3,6,2707,53,63,53063,12806,789,89,344,151,112,54,23,15,169,281,294,62,100,216,490,20,14,13,15,38,38,38,39,35,66,86,138,91,59,60,56,1,63
2655,Washington,Spokane,SRTC,1,0,25530466.53,0,0,5,1,0,1,47,30,225,1,0,3,0,0,164,1,1,0,1,408,0,1,0,1,675,53,63,53063,2984,490,43,197,75,95,47,20,13,92,171,187,40,69,92,329,19,13,12,15,10,10,11,11,9,51,67,89,59,39,39,36,1,63
2656,Washington,Spokane,SRTC,1,0,129267772,0,0,4,1,0,1,43,27,1124,1,0,476,0,0,816,152,1,0,1,2044,0,2,1,1,3854,53,63,53063,14944,824,107,308,158,138,66,28,19,168,292,300,64,131,321,372,24,16,15,19,57,58,58,61,53,91,119,86,57,37,38,35,1,63
2657,Washington,Spokane,SRTC,1,0,5467110.278,0,0,7,0,0,7,73,44,48,3,2,21,0,0,34,6,6,2,6,87,2,9,3,5,351,53,63,53063,639,625,119,197,79,125,63,25,17,135,229,215,46,122,154,349,32,22,19,24,25,22,25,24,23,60,78,93,62,40,39,37,1,63
2658,Washington,Spokane,SRTC,1,0,2572029.321,0,0,2,0,0,1,15,10,22,1,0,9,0,0,16,3,1,0,1,40,0,1,0,1,142,53,63,53063,301,218,21,83,33,45,19,10,6,41,77,82,18,27,71,120,5,3,4,3,12,14,12,14,11,20,27,32,21,14,14,12,1,63
2659,Washington,Spokane,SRTC,1,0,528489.3023,0,0,0,0,0,0,20,10,4,0,0,2,0,0,381,0,0,0,0,9,0,1,0,0,511,53,63,53063,62,188,55,62,45,15,5,5,0,51,71,58,8,54,71,63,14,15,0,14,11,10,10,11,10,30,30,11,8,3,4,7,1,63
2660,Washington,Spokane,SRTC,1,0,2208741.426,0,0,5,0,0,1,41,26,20,0,0,8,0,0,14,3,1,0,1,36,0,1,0,1,147,53,63,53063,258,294,91,99,35,36,20,7,7,80,112,84,18,80,80,134,21,13,14,17,15,14,15,14,12,25,34,33,23,16,15,13,1,63
2661,Washington,Spokane,SRTC,1,0,329216.5902,0,0,0,0,0,14,14,14,3,14,0,21,0,0,2,0,14,0,14,6,0,14,0,14,489,53,63,53063,38,587,172,232,97,43,22,22,0,164,221,162,40,169,264,154,56,0,57,56,0,0,67,66,66,65,66,29,15,15,14,15,1,63
2662,Washington,Spokane,SRTC,1,0,2012526.486,0,0,32,0,0,7,222,159,18,4,1,11,0,8,14,4,7,3,7,32,3,9,3,5,876,53,63,53063,236,1,0,1,0,0,0,0,0,0,1,0,0,0,1,0,0,0,0,0,0,1,0,0,0,0,0,0,0,0,0,0,1,63
2663,Washington,Spokane,SRTC,1,0,1276855.104,0,0,0,0,0,0,12,7,10,0,0,4,0,0,4,2,0,0,0,21,0,1,0,0,105,53,63,53063,149,535,74,187,119,77,44,11,22,109,191,198,37,93,222,220,23,17,11,11,31,30,45,46,30,71,108,39,24,15,19,15,1,63
2664,Washington,Spokane,SRTC,1,0,520382.2012,0,0,0,0,0,1,12,6,4,1,0,12,0,0,10,0,1,0,1,9,0,2,1,1,2509,53,63,53063,61,23,7,9,3,2,1,1,0,7,9,7,1,4,7,13,1,0,1,1,1,1,2,1,1,2,3,3,3,2,1,1,1,63
2665,Washington,Spokane,SRTC,1,0,2010458.672,0,0,270,0,0,29,1893,1352,18,17,6,22,0,0,70,9,29,12,29,32,12,41,12,23,4311,53,63,53063,235,91,27,32,13,11,5,2,1,19,23,19,4,16,17,32,4,3,2,4,3,3,3,3,3,5,7,8,6,4,3,4,1,63
2666,Washington,Spokane,SRTC,1,0,448349.5282,0,0,0,0,0,2,51,26,4,2,0,2,0,0,3,0,2,0,2,8,0,3,2,2,641,53,63,53063,52,21,5,8,3,3,1,1,0,6,8,6,1,4,6,11,1,1,1,0,1,1,1,1,1,2,3,3,1,1,2,1,1,63
2667,Washington,Spokane,SRTC,1,0,886575.2692,0,0,0,0,0,6,710,474,8,3,3,10,0,0,6,5,6,3,6,14,3,9,3,6,2155,53,63,53063,104,34,11,12,6,2,2,1,1,9,13,10,2,16,11,7,3,4,3,3,3,2,3,3,1,2,3,1,1,1,0,1,1,63
2668,Washington,Spokane,SRTC,1,0,896568.719,0,0,0,0,0,17,927,618,8,8,8,56,0,0,134,28,17,8,17,15,8,25,8,17,2726,53,63,53063,104,448,141,164,56,57,19,10,0,203,273,208,35,451,184,84,176,59,59,118,39,40,40,40,40,24,31,18,10,11,7,7,1,63
2669,Washington,Spokane,SRTC,1,0,2965523.463,0,0,6,0,0,4,68,43,26,3,1,4,0,0,20,1,4,1,4,48,1,6,2,3,246,53,63,53063,347,864,163,421,114,89,48,18,12,217,308,280,59,86,176,602,20,14,13,14,25,28,25,25,24,74,102,170,113,66,76,75,1,63
2670,Washington,Spokane,SRTC,1,0,5366793.479,0,0,0,0,0,0,3,2,46,0,0,0,0,0,34,0,0,0,0,86,0,0,0,0,177,53,63,53063,627,119,22,58,16,13,6,3,2,30,42,39,8,12,25,82,3,2,1,2,4,3,4,4,3,11,13,24,16,10,10,9,1,63
2671,Washington,Spokane,SRTC,1,0,2772584.513,0,0,39,0,0,18,390,234,24,10,5,10,0,0,28,3,18,5,15,45,5,25,8,15,1203,53,63,53063,324,57,20,17,12,4,2,1,1,16,23,15,3,26,20,11,7,5,4,6,4,4,4,4,4,4,5,2,1,1,1,1,1,63
2672,Washington,Spokane,SRTC,1,0,5193594.266,0,0,7,0,1,14,69,44,45,8,4,1,0,0,204,0,12,4,12,82,4,19,6,11,479,53,63,53063,607,650,49,141,126,180,87,40,27,95,232,267,56,52,94,504,12,9,8,10,13,13,13,14,12,42,55,153,104,69,64,59,1,63
2673,Washington,Spokane,SRTC,1,0,4351977.714,0,0,8,0,0,3,67,42,38,2,1,6,0,0,28,2,3,1,3,69,1,4,1,2,264,53,63,53063,509,568,89,203,85,102,51,25,13,120,204,200,44,53,90,425,14,9,8,10,12,12,12,12,10,44,58,127,80,52,56,52,1,63
2674,Washington,Spokane,SRTC,1,0,2025164.557,0,0,4,0,0,1,31,22,18,0,0,4,0,0,22,2,1,0,1,33,0,1,0,1,156,53,63,53063,236,392,62,140,59,76,35,7,14,83,141,136,32,36,63,293,9,7,6,6,8,8,7,10,7,31,40,87,57,37,36,36,1,63
2675,Washington,Spokane,SRTC,1,0,577664.2985,0,0,0,0,0,1,4,2,4,1,0,2,0,0,3,0,1,0,1,9,0,1,1,1,29,53,63,53063,68,353,111,121,45,38,25,13,0,98,135,107,13,110,115,128,24,23,24,24,15,16,32,16,16,35,52,23,23,7,15,8,1,63
2676,Washington,Spokane,SRTC,1,0,542792.8804,0,0,0,0,0,0,14,7,4,0,0,2,0,0,60,0,0,0,0,9,0,1,0,0,110,53,63,53063,63,242,50,104,51,22,7,7,0,61,87,73,21,53,97,92,19,9,0,9,16,16,16,16,16,33,50,13,8,8,5,8,1,63
2677,Washington,Spokane,SRTC,1,0,1266200.113,0,0,0,0,0,22,8,4,10,15,7,4,0,823,56,2,22,7,22,20,7,37,15,22,1097,53,63,53063,148,170,55,68,34,7,3,1,2,50,59,40,8,112,35,10,28,19,29,28,8,8,5,8,7,7,7,1,1,0,1,0,1,63
2678,Washington,Spokane,SRTC,1,0,57168.07476,0,0,0,0,0,0,0,0,0,0,0,0,0,0,0,0,0,0,0,2,0,0,0,0,130,53,63,53063,7,46,21,26,0,0,0,0,0,18,19,13,0,0,0,50,0,0,0,0,0,0,0,0,0,0,0,0,0,0,50,0,1,63
2679,Washington,Spokane,SRTC,1,0,10307437.96,0,0,17,4,0,0,158,103,90,0,0,5,0,0,66,1,0,0,0,165,0,0,0,0,538,53,63,53063,1205,326,78,134,56,31,15,7,4,91,129,108,23,75,127,149,18,12,10,14,21,22,22,23,20,40,52,33,22,14,15,13,1,63
2680,Washington,Spokane,SRTC,1,0,706937.5166,0,0,0,0,0,21,54,36,6,11,11,32,0,0,4,16,21,11,21,12,11,32,11,21,1017,53,63,53063,82,893,233,275,88,170,85,0,43,218,336,277,62,204,180,509,59,29,29,59,28,29,28,29,14,80,121,139,83,55,56,55,1,63
2681,Washington,Spokane,SRTC,1,0,4175977.805,0,0,0,0,1,15,3,2,36,8,4,15,0,0,27,4,13,4,13,68,4,20,7,12,166,53,63,53063,488,430,52,178,88,60,29,16,8,90,151,157,32,30,75,325,6,5,4,5,10,8,9,10,9,39,53,93,64,37,41,37,1,63
2682,Washington,Spokane,SRTC,1,0,4967266.721,0,0,6,0,0,1,55,34,44,0,0,1,0,0,32,0,1,0,1,80,0,1,0,1,239,53,63,53063,581,399,24,130,76,97,47,14,11,65,139,160,35,14,70,315,1,1,1,1,10,10,11,10,9,30,40,91,64,41,41,38,1,63
2683,Washington,Spokane,SRTC,1,0,654993.2261,0,0,0,0,0,4,6,3,6,2,0,3,0,0,4,2,4,2,4,10,2,4,2,2,59,53,63,53063,77,164,29,69,18,20,7,14,7,38,59,55,12,18,52,94,4,2,3,2,7,7,7,7,7,24,24,26,12,13,6,13,1,63
2684,Washington,Spokane,SRTC,1,0,663670.6496,0,0,0,0,0,1,38,38,6,0,0,3,0,0,4,2,1,0,1,10,0,1,0,0,105,53,63,53063,77,407,121,149,60,44,22,0,11,112,154,113,28,131,137,139,41,20,21,20,29,28,28,29,14,38,57,27,21,13,14,7,1,63
2685,Washington,Spokane,SRTC,1,0,323007.6376,0,0,0,0,0,3,7,7,3,0,0,2,0,0,2,0,3,0,3,4,0,3,0,3,37,53,63,53063,38,184,56,55,40,16,8,8,0,49,71,64,0,36,89,59,9,9,9,9,0,30,0,0,30,29,29,12,6,0,6,6,1,63
2686,Washington,Spokane,SRTC,1,0,326967.3811,0,0,0,0,0,16,295,295,3,16,0,10,0,0,2,0,16,0,16,4,0,16,0,16,955,53,63,53063,38,222,61,87,30,22,22,0,0,60,83,63,16,79,69,74,20,20,0,20,19,0,18,19,0,32,31,13,12,6,6,6,1,63
2687,Washington,Spokane,SRTC,1,0,12902522.31,0,0,2,0,0,1,21,13,114,0,0,1,0,0,82,0,1,0,1,206,0,1,0,1,452,53,63,53063,1508,119,24,46,17,17,8,4,2,28,44,39,8,14,27,78,3,3,2,2,4,3,4,3,3,14,17,21,14,9,9,8,1,63
2688,Washington,Spokane,SRTC,1,0,1080379.942,0,0,0,0,0,1,3,2,9,1,0,4,0,0,8,2,1,0,1,18,0,2,0,1,55,53,63,53063,126,600,181,293,49,39,19,6,13,180,223,162,35,97,137,366,23,15,15,22,22,21,22,21,22,51,87,84,69,42,42,42,1,63
2689,Washington,Spokane,SRTC,1,0,2607133.739,0,0,4,0,0,3,37,25,22,1,1,12,0,0,182,4,2,1,2,42,1,4,1,2,362,53,63,53063,305,781,106,253,146,161,69,35,12,153,280,287,61,65,170,546,16,12,9,12,16,20,20,19,17,94,122,147,92,65,65,55,1,63
2690,Washington,Spokane,SRTC,1,0,1487943.084,0,0,2,0,0,13,8,4,14,6,3,6,0,1845,9,2,13,3,10,24,3,16,6,10,1982,53,63,53063,174,247,32,55,52,57,29,7,14,43,90,94,20,83,78,86,23,16,12,17,15,15,16,15,16,16,23,22,14,10,7,10,1,63
2691,Washington,Spokane,SRTC,1,0,1187388.168,0,0,0,0,0,2,3,2,10,1,1,2,0,8,590,1,2,1,2,20,1,2,1,2,697,53,63,53063,138,982,128,217,208,234,117,78,0,170,357,364,91,334,319,329,107,54,54,54,65,44,66,65,66,78,78,80,57,34,46,34,1,63
2692,Washington,Spokane,SRTC,1,0,3871504.134,0,0,3,0,3,33,38,24,34,20,10,96,0,0,24,29,30,10,30,62,10,46,16,26,1510,53,63,53063,453,1501,196,331,318,362,172,69,52,261,550,581,119,507,479,525,129,91,90,103,94,106,95,94,82,102,138,133,87,57,58,52,1,63
2693,Washington,Spokane,SRTC,1,0,4576356.012,0,0,3,0,2,18,24,15,40,10,4,16,0,0,28,6,16,6,16,74,6,26,9,15,299,53,63,53063,535,285,39,100,60,48,23,10,6,58,102,102,23,44,88,153,10,6,5,8,15,15,15,16,15,27,37,39,27,16,17,17,1,63
2694,Washington,Spokane,SRTC,1,0,3360268.258,0,0,2,0,0,7,18,12,30,4,2,1,0,0,21,0,6,2,6,54,2,9,3,5,159,53,63,53063,392,422,67,185,68,54,27,12,9,124,194,187,39,131,167,246,34,22,23,26,26,30,26,30,23,58,72,60,39,24,27,24,1,63
2695,Washington,Spokane,SRTC,1,0,6787625.473,0,0,5,0,0,4,58,36,60,2,1,27,0,0,44,8,4,1,4,108,1,6,2,3,1215,53,63,53063,794,390,86,125,62,64,30,14,9,90,145,128,27,126,143,121,33,23,19,24,27,27,28,29,27,32,44,26,18,11,12,10,1,63
2696,Washington,Spokane,SRTC,1,0,6059235.119,0,0,3,0,0,1,34,22,52,1,0,3,0,8,438,1,1,0,1,98,0,2,1,1,608,53,63,53063,708,534,118,172,85,88,41,18,13,124,197,175,38,175,196,163,44,31,27,33,40,40,36,40,34,46,57,36,24,15,16,15,1,63
2697,Washington,Spokane,SRTC,1,0,869816.809,0,0,0,0,0,3,1,1,8,2,2,3,0,0,6,2,3,2,3,14,2,4,2,3,107,53,63,53063,102,529,69,197,101,107,54,0,0,108,187,198,36,84,198,247,14,6,14,13,37,37,37,37,37,50,85,50,41,30,21,20,1,63
2698,Washington,Spokane,SRTC,1,0,8838919.852,0,0,18,0,1,20,191,119,78,12,6,16,0,0,218,5,17,6,17,141,6,27,9,16,911,53,63,53063,1033,998,220,321,159,165,79,34,21,231,370,327,70,322,369,307,83,59,49,62,69,72,72,76,65,84,110,68,44,28,29,28,1,63
2699,Washington,Spokane,SRTC,1,0,2319035.926,0,0,22,0,0,92,177,111,21,61,31,9,0,0,15,3,77,31,77,38,31,123,46,77,1281,53,63,53063,271,259,53,79,58,38,17,9,6,85,140,129,26,114,144,122,27,18,18,23,28,28,28,29,28,31,44,25,19,11,12,11,1,63
2700,Washington,Spokane,SRTC,1,0,3671588.374,0,0,5,0,2,21,65,40,33,13,6,26,0,8,176,9,19,6,19,58,6,28,11,17,858,53,63,53063,429,1781,362,543,399,252,133,53,40,406,669,611,130,538,708,570,137,82,83,109,127,146,127,145,127,163,197,130,79,57,56,51,1,63
2701,Washington,Spokane,SRTC,1,0,5726855.138,0,0,73,0,0,4,731,475,51,2,1,49,0,0,36,17,3,1,3,92,1,5,2,3,1900,53,63,53063,669,618,152,212,134,65,32,13,11,156,232,193,42,304,215,104,84,59,52,64,45,45,45,49,41,35,45,20,13,9,9,8,1,63
2702,Washington,Spokane,SRTC,1,0,8680252.973,0,0,2,0,19,436,20,13,76,246,114,33,0,0,56,10,379,133,379,140,133,606,208,360,3286,53,63,53063,1014,22,5,7,4,3,2,1,0,5,9,7,1,6,8,8,1,1,1,1,2,1,1,2,1,3,3,2,1,1,0,1,1,63
2703,Washington,Spokane,SRTC,1,0,20971456.04,0,0,2,0,0,1,19,12,184,1,0,78,0,0,123,26,1,0,1,336,0,1,0,1,279,53,63,53063,2451,290,46,127,47,38,18,8,5,66,103,100,21,70,88,132,18,12,12,14,14,15,14,15,14,30,39,32,21,13,14,13,1,63
2704,Washington,Spokane,SRTC,1,0,916448.0627,0.15,0.04,0,0,0,1,50,34,8,1,1,3,0,1010,14,2,1,1,1,15,1,2,1,1,1434,53,63,53063,108,171,32,68,31,22,13,4,0,40,62,55,14,27,47,97,8,5,3,5,6,6,6,6,6,23,30,23,16,8,12,8,1,63
2705,Washington,Spokane,SRTC,1,0,57541955.19,0,0,3,0,0,8,27,17,506,5,2,29,0,0,368,9,7,2,7,920,2,11,4,6,1921,53,63,53063,6725,589,81,206,124,97,46,20,13,120,210,214,45,91,183,315,20,13,13,15,30,32,32,32,29,58,75,81,55,35,36,33,1,63
2706,Washington,Spokane,SRTC,1,0,671329.5972,0,0,0,0,0,17,6,6,6,8,0,12,0,0,14,6,17,8,17,10,8,17,8,8,385,53,63,53063,78,534,139,164,52,102,76,0,0,130,201,162,41,118,115,301,35,18,17,35,13,13,12,26,13,51,69,77,58,39,39,19,1,63
2707,Washington,Spokane,SRTC,1,0,108062019.2,0,0,6,1,0,5,63,40,950,3,1,402,0,0,690,129,5,2,4,1728,1,7,2,4,3085,53,63,53063,12628,389,44,159,76,61,29,13,8,79,136,144,30,50,110,229,10,8,6,8,18,19,19,20,17,35,45,63,41,27,28,25,1,63
2708,Washington,Spokane,SRTC,1,0,150882528.3,0,0,81,12,0,0,808,516,1324,0,0,561,0,0,962,178,0,0,0,2409,0,0,0,0,6809,53,63,53063,17613,191,35,69,33,29,14,6,4,43,69,65,14,51,53,87,14,9,8,10,10,9,10,10,9,15,20,23,15,10,10,9,1,63
2709,Washington,Spokane,SRTC,1,0,58787772.18,0,0,3,1,0,0,34,22,498,0,0,210,0,0,362,68,0,0,0,904,0,1,0,0,1597,53,63,53063,6614,453,44,157,76,96,47,20,13,82,160,174,37,106,96,251,30,21,19,23,13,12,13,14,11,46,61,64,44,27,29,26,1,63
2710,Washington,Spokane,SRTC,1,0,41077287.37,0,0,7,1,0,1,67,43,336,1,0,142,0,0,244,45,1,0,1,612,0,2,1,1,1190,53,63,53063,4474,540,52,187,90,115,55,24,16,98,191,207,44,126,116,298,36,25,22,28,15,15,15,16,14,56,71,77,52,33,34,31,1,63
2711,Washington,Spokane,SRTC,1,0,1030865.895,0,0,0,0,0,1,28,14,9,0,0,4,0,0,6,2,0,0,0,16,0,1,0,0,87,53,63,53063,121,250,54,81,28,58,19,0,10,57,92,82,19,46,49,155,14,9,5,9,9,10,10,6,6,17,29,42,28,21,14,21,1,63
2712,Washington,Spokane,SRTC,1,0,38774983.08,0,0,13,2,0,2,125,80,340,1,0,144,0,8,282,46,1,0,1,620,0,2,1,1,1358,53,63,53063,4532,524,79,191,71,100,48,21,13,109,188,188,39,142,202,180,35,24,22,26,35,36,36,37,33,60,78,35,23,15,15,14,1,63
2713,Washington,Spokane,SRTC,1,0,77886319.52,0,0,6,1,0,2,64,41,684,1,1,290,0,0,496,93,2,1,2,1245,1,3,1,2,2255,53,63,53063,9102,835,100,297,143,161,78,34,23,162,297,310,66,202,278,355,53,35,33,40,41,43,42,44,38,111,144,72,48,30,32,29,1,63
2714,Washington,Spokane,SRTC,1,0,938792.8151,0,0,0,0,0,18,533,355,9,6,6,15,0,0,6,7,12,6,12,15,6,18,6,12,1324,53,63,53063,109,209,55,66,39,33,11,5,0,53,78,67,11,81,76,52,19,19,9,19,15,15,14,15,15,17,20,11,8,6,3,4,1,63
2715,Washington,Spokane,SRTC,1,0,386562.0441,0,0,0,0,0,21,9,9,3,21,0,70,0,0,3,0,21,0,21,6,0,21,0,21,564,53,63,53063,46,312,98,120,49,11,23,11,0,119,158,115,23,184,129,102,51,51,51,0,31,0,31,31,31,36,35,19,19,10,9,10,1,63
2716,Washington,Spokane,SRTC,1,0,328478.747,0,0,0,0,0,8,2,2,3,8,0,2,0,0,6,0,8,0,8,6,0,8,0,8,70,53,63,53063,38,370,117,142,58,40,0,0,13,106,141,98,25,164,104,102,68,0,0,68,28,28,27,0,28,21,42,24,12,0,12,12,1,63
2717,Washington,Spokane,SRTC,1,0,655665.4499,0,0,0,0,0,1,3,2,6,1,0,3,0,0,4,2,1,1,1,10,1,1,1,1,34,53,63,53063,77,284,75,110,36,32,21,11,0,75,106,82,21,98,112,74,24,24,24,12,14,27,14,27,13,31,31,13,10,7,6,7,1,63
2718,Washington,Spokane,SRTC,1,0,747924.3427,0,0,0,0,0,1,49,33,6,0,0,3,0,0,4,2,1,0,1,12,0,1,0,1,213,53,63,53063,87,437,48,126,83,120,60,0,0,77,156,170,34,44,101,292,12,5,6,12,9,9,19,19,9,45,90,78,46,31,31,16,1,63
2719,Washington,Spokane,SRTC,1,0,19898861.87,0,0,1,0,0,1,11,7,176,1,0,26,0,0,128,9,1,0,1,318,0,2,1,1,346,53,63,53063,2326,548,40,212,86,115,55,24,16,98,190,215,45,43,102,403,8,5,5,6,19,20,19,20,18,25,33,126,83,54,55,52,1,63
2720,Washington,Spokane,SRTC,1,0,153254216.5,0,0,7,1,0,7,66,42,1347,4,2,16,0,0,3,5,6,2,6,2450,2,9,3,5,2724,53,63,53063,17911,542,84,216,93,82,40,17,11,119,193,190,40,79,166,297,18,12,11,13,25,26,26,27,23,64,84,73,48,31,32,29,1,63
2721,Washington,Spokane,SRTC,1,0,5728271.546,0,0,1,0,0,6,7,4,51,4,2,2,0,0,36,1,5,2,5,92,2,9,3,5,189,53,63,53063,669,801,135,275,132,144,70,28,19,171,290,279,61,107,166,528,30,20,16,23,18,17,18,20,16,95,122,137,92,60,61,56,1,63
2722,Washington,Spokane,SRTC,1,0,411072.6206,0,0,0,0,0,0,3,3,3,0,0,2,0,0,3,0,0,0,0,6,0,1,0,0,21,53,63,53063,48,337,135,103,19,40,20,20,0,103,133,87,14,90,120,127,17,16,17,17,23,23,23,23,22,29,58,30,10,9,10,10,1,63
2723,Washington,Spokane,SRTC,1,0,52482.84614,0,0,0,0,0,0,0,0,0,0,0,0,0,0,0,0,0,0,0,2,0,0,0,0,1,53,63,53063,6,1,0,1,0,0,0,0,0,0,2,0,0,0,1,1,0,0,0,0,0,0,0,0,0,1,0,0,0,0,0,1,1,63
2724,Washington,Spokane,SRTC,1,0,1956370.215,0,0,6,0,0,45,45,26,16,27,9,21,0,0,176,8,45,18,45,32,18,63,18,36,1196,53,63,53063,229,998,219,498,129,80,40,16,16,267,359,310,62,139,297,562,31,18,19,25,46,47,46,47,47,110,142,152,90,63,64,51,1,63
2725,Washington,Spokane,SRTC,1,0,3773947.302,0,0,2,0,1,9,26,17,33,5,3,31,0,0,6,10,8,3,8,60,3,12,4,7,559,53,63,53063,441,1121,33,404,256,237,113,45,34,176,384,458,103,58,192,871,11,7,8,9,23,24,24,27,20,97,134,246,171,106,107,107,1,63
2726,Washington,Spokane,SRTC,1,0,382060.5536,0,0,0,0,0,96,83,83,3,96,0,134,0,8,6,0,96,0,96,6,0,96,0,96,2251,53,63,53063,45,34,14,10,5,3,1,1,0,11,13,8,2,22,8,4,7,7,0,7,1,2,2,1,2,1,0,2,0,1,0,1,1,63
2727,Washington,Spokane,SRTC,1,0,284441.8366,0,0,0,0,0,11,8,8,3,0,0,6,0,0,242,0,11,0,11,4,0,11,0,11,826,53,63,53063,33,382,159,124,35,32,32,0,0,121,151,110,0,246,110,26,123,0,123,0,0,86,0,0,0,24,23,2,0,0,1,0,1,63
2728,Washington,Spokane,SRTC,1,0,407593.6172,0,0,0,0,0,4,2,2,3,4,0,2,0,8,3,0,4,0,4,6,0,4,4,4,85,53,63,53063,48,577,112,175,113,88,44,44,0,133,225,181,72,278,183,150,60,60,61,60,37,36,37,37,37,36,73,22,22,11,11,11,1,63
2729,Washington,Spokane,SRTC,1,0,318647.9279,0,0,0,0,0,38,2,2,3,0,0,38,0,8,2,0,38,0,38,4,0,38,0,38,561,53,63,53063,37,311,129,101,44,24,12,0,0,99,123,89,0,174,84,53,47,48,0,47,32,0,33,32,0,19,39,5,2,2,3,2,1,63
2730,Washington,Spokane,SRTC,1,0,4033827.583,0,0,16,0,1,8,226,145,36,5,2,30,0,0,72,9,8,2,7,64,2,12,4,7,1205,53,63,53063,471,274,67,143,38,14,7,3,3,78,99,80,17,107,106,61,29,18,18,21,21,22,20,23,20,21,27,11,8,5,5,5,1,63
2731,Washington,Spokane,SRTC,1,0,344355.9698,0,0,0,0,0,7,8,8,3,7,0,2,0,0,2,0,7,0,7,6,0,7,0,7,124,53,63,53063,41,242,53,68,52,51,0,17,0,55,90,81,16,80,74,88,22,22,0,21,15,14,14,0,15,31,64,7,7,3,4,3,1,63
2732,Washington,Spokane,SRTC,1,0,249084.5821,0,0,0,0,0,62,120,120,2,0,0,112,0,0,2,0,62,0,62,4,0,62,0,62,1658,53,63,53063,29,188,78,56,27,0,14,0,14,59,75,40,14,114,52,22,0,0,114,0,0,0,24,23,0,5,4,12,6,0,0,0,1,63
2733,Washington,Spokane,SRTC,1,0,836162.2339,0,0,0,0,0,1,5,3,8,1,1,3,0,0,6,2,1,1,1,14,1,2,1,1,49,53,63,53063,97,644,82,194,125,152,61,30,0,121,231,247,45,139,268,237,31,20,11,20,57,57,29,57,57,68,92,52,31,20,21,21,1,63
2734,Washington,Spokane,SRTC,1,0,425454.9117,0,0,0,0,0,6,6,3,3,6,0,2,0,8,96,0,6,0,6,8,0,11,6,6,172,53,63,53063,50,404,116,112,74,51,25,25,0,103,154,122,25,246,92,66,77,0,76,77,16,17,16,16,16,27,26,10,10,5,10,5,1,63
2735,Washington,Spokane,SRTC,1,0,478945.1306,0,0,0,0,0,7,11,6,4,7,0,2,0,0,3,0,7,0,7,8,0,14,7,7,133,53,63,53063,56,455,168,158,37,55,37,0,0,137,176,107,35,122,170,163,23,22,23,22,32,32,32,32,32,42,42,36,25,24,12,24,1,63
2736,Washington,Spokane,SRTC,1,0,323839.7664,0,0,0,0,0,2,1,1,3,0,0,2,0,0,87,0,2,0,2,4,0,2,0,2,111,53,63,53063,38,202,39,42,45,51,0,0,25,40,75,70,17,27,89,86,9,9,0,9,0,23,24,24,0,18,35,20,11,10,10,0,1,63
2737,Washington,Spokane,SRTC,1,0,397005.5286,0,0,0,0,0,1,7,7,3,1,0,2,0,0,3,0,1,0,1,6,0,1,0,1,336,53,63,53063,46,359,149,133,40,18,9,9,0,118,141,86,14,209,102,48,55,54,55,0,45,0,45,0,45,12,24,11,3,3,4,3,1,63
2738,Washington,Spokane,SRTC,1,0,498615.9475,0,0,0,0,0,14,25,13,4,14,0,170,0,0,3,0,14,0,14,8,0,28,14,14,515,53,63,53063,59,886,368,329,99,68,23,0,0,290,349,212,35,453,330,103,135,0,135,135,48,95,48,95,48,44,45,19,13,7,6,13,1,63
2739,Washington,Spokane,SRTC,1,0,693615.9326,0,0,0,0,0,112,86,86,6,56,56,84,0,0,4,42,112,56,112,10,56,167,56,56,1664,53,63,53063,81,1214,504,450,136,55,27,27,14,398,477,277,62,708,365,141,159,158,80,158,153,76,76,76,76,61,61,27,20,13,13,7,1,63
2740,Washington,Spokane,SRTC,1,0,773695.7389,0,0,0,0,0,2,29,19,8,1,1,2,0,0,108,1,2,1,2,12,1,3,1,2,275,53,63,53063,90,660,173,203,119,82,62,0,21,164,249,206,41,148,211,301,51,25,25,25,22,44,44,44,44,35,69,71,54,36,35,36,1,63
2741,Washington,Spokane,SRTC,1,0,356293.388,0,0,0,0,0,3,3,3,3,3,0,8,0,0,3,0,3,0,3,6,0,3,0,3,42,53,63,53063,42,355,128,126,40,31,0,31,0,106,138,89,22,154,126,75,30,31,30,30,33,0,32,33,32,29,29,17,12,5,6,6,1,63
2742,Washington,Spokane,SRTC,1,0,516203.8053,0,0,0,0,0,1,13,7,4,1,0,510,0,0,15,0,1,0,1,9,0,2,1,1,3250,53,63,53063,60,24,8,8,4,3,1,0,0,7,9,7,1,6,8,10,2,1,1,1,1,2,1,1,1,3,2,3,2,1,1,1,1,63
2743,Washington,Spokane,SRTC,1,0,1070827.859,0,0,0,0,0,1,10,5,9,0,0,4,0,0,8,2,1,0,1,16,0,1,0,0,77,53,63,53063,125,384,154,117,22,45,23,15,8,117,152,95,20,102,149,133,29,19,9,19,26,26,27,26,26,44,55,24,17,12,13,12,1,63
2744,Washington,Spokane,SRTC,1,0,1240555.936,0,0,0,0,0,19,48,36,10,13,6,24,0,0,76,8,19,6,19,20,6,32,13,19,1261,53,63,53063,145,987,243,418,169,91,39,13,13,301,417,333,83,470,390,274,112,75,75,112,96,64,96,96,64,70,104,62,39,23,23,23,1,63
2745,Washington,Spokane,SRTC,1,0,577047.0106,0,0,0,0,0,4,1,0,4,2,0,2,0,0,3,0,2,0,2,9,0,4,2,2,119,53,63,53063,68,156,29,62,28,18,18,0,0,37,56,55,8,24,42,90,5,5,5,5,4,9,5,4,5,19,29,20,14,7,13,7,1,63
2746,Washington,Spokane,SRTC,1,0,352124.6843,0,0,0,0,0,8,6,6,3,8,0,20,0,0,2,0,8,0,8,6,0,8,0,8,248,53,63,53063,41,159,39,66,26,17,6,0,6,42,58,47,12,36,59,64,5,6,5,5,15,0,14,14,14,17,16,14,13,7,7,7,1,63
2747,Washington,Spokane,SRTC,1,0,1886140.124,0,0,1,0,0,4,4,3,16,2,1,4,0,0,12,1,3,1,3,30,1,5,1,3,161,53,63,53063,220,666,226,280,141,10,5,3,1,204,246,164,33,459,144,44,143,86,86,114,30,30,30,30,30,24,32,4,3,1,2,2,1,63
2748,Washington,Spokane,SRTC,1,0,292269.1285,0,0,0,0,0,1,2,2,3,0,0,14,0,0,82,0,1,0,1,4,0,1,0,1,156,53,63,53063,34,281,84,96,28,24,24,0,24,76,106,74,25,123,88,70,41,41,41,0,0,38,0,37,0,13,27,7,14,8,7,7,1,63
2749,Washington,Spokane,SRTC,1,0,522301.5841,0,0,0,0,0,10,305,152,4,10,0,2,0,0,2,0,10,0,10,9,0,20,10,10,1047,53,63,53063,62,503,209,168,24,77,26,0,0,159,199,113,32,320,156,27,113,57,0,113,37,37,36,37,37,9,9,7,4,3,2,2,1,63
2750,Washington,Spokane,SRTC,1,0,99696.08808,0,0,0,0,0,0,0,0,2,0,0,0,0,0,0,0,0,0,0,2,0,0,0,0,810,53,63,53063,11,168,70,71,24,2,0,2,0,57,66,45,0,77,35,56,0,0,49,0,28,0,28,0,0,7,8,48,0,0,0,0,1,63
2751,Washington,Spokane,SRTC,1,0,2969093.512,0,0,0,0,0,2,2,1,26,1,1,48,0,0,20,14,2,1,2,48,1,3,1,2,387,53,63,53063,347,813,105,324,159,124,62,23,16,170,287,294,62,80,268,465,16,10,9,12,33,39,34,39,33,123,173,99,66,44,44,39,1,63
2752,Washington,Spokane,SRTC,1,0,1521608.725,0,0,1,0,0,3,6,3,14,2,1,1,0,0,60,0,3,1,3,24,1,5,2,2,362,53,63,53063,178,870,148,362,92,143,72,36,18,197,312,301,60,99,299,472,15,11,11,12,50,50,50,50,50,99,114,120,79,53,53,53,1,63
2753,Montana,Montana,Montana,0,0,3.19E+11,0,0,0,0,0,0,0,0,0,0,0,0,0,0,0,0,0,0,0,0,0,0,0,0,0,0,0,0,0,0,0,0,0,0,0,0,0,0,0,0,0,0,0,0,0,0,0,0,0,0,0,0,0,0,0,0,0,0,0,0,1,0
2754,Montana,Montana,Montana,0,0,6832693350,0,0,1083,255,190,9856,5570,3112,11817,2098,1152,2336,0,0,10924,1767,7824,396,3500,8937,3804,9231,3654,2616,89529,30,31,30031,118960,47117,12207,17616,7529,6227,2372,758,408,8815,17488,16822,3992,8948,11290,26879,2345,1533,1581,1812,1677,2057,1452,1954,1583,4244,4737,6953,4851,3125,3485,3728,1,46
2755,Montana,Montana,Montana,0,0,9329818927,0,0,354,195,14,483,190,34,339,170,48,88,0,0,352,54,164,2,76,405,39,2458,106,234,5768,30,57,30057,8623,4006,1275,1778,366,355,147,49,36,1573,1226,1061,146,849,1312,1845,130,147,191,217,164,273,288,217,180,354,502,480,444,167,70,182,1,48
2756,Montana,Montana,Montana,0,0,14422813049,0,0,477,120,44,320,98,292,609,16,46,116,0,0,657,106,159,0,40,766,72,598,226,358,5089,30,1,30001,9371,4108,1351,1623,472,400,166,69,27,1469,1396,1149,94,1393,1100,1615,320,355,185,286,247,202,278,152,142,326,375,478,243,160,186,173,1,45
2757,Montana,Montana,Montana,0,0,6211595766,0,0,366,16,88,1666,1132,424,2270,398,176,568,0,0,1676,148,1172,9,1096,3140,450,1412,830,777,17697,30,81,30081,44174,18750,5164,8007,2339,1806,840,360,234,7269,6289,4530,662,5136,5080,8534,1283,650,1300,764,1139,675,728,1130,818,1729,2385,2116,1229,1158,808,838,1,51
2758,Montana,Montana,Montana,0,0,6776091418,0,0,798,39,178,5722,3681,3314,12132,2538,1767,3394,0,0,8162,1410,6202,435,5004,16818,1917,8798,4076,4704,90489,30,63,30063,117922,50645,16130,18973,6949,5409,2027,792,365,12842,17403,17154,3246,12870,14110,23665,3058,2698,2067,2501,2546,2397,2571,2743,2040,4359,5169,6529,3904,2808,2841,2414,1,50
2759,Montana,Montana,Montana,0,0,3166335081,0,0,21,0,3,86,128,0,342,20,0,14,0,0,237,10,36,0,26,190,16,195,12,190,1515,30,61,30061,4535,2040,640,872,222,162,71,37,36,885,652,456,47,618,660,762,130,171,67,141,109,112,88,143,77,240,231,190,92,48,177,24,1,49
2760,Montana,Montana,Montana,0,0,7221621645,0,0,142,135,64,170,330,46,480,78,24,80,0,0,462,39,126,0,30,844,40,572,183,356,4174,30,89,30089,12400,5533,1730,2375,577,375,217,131,128,2776,1673,954,130,2069,1608,1856,367,480,442,480,300,277,282,283,323,443,580,619,324,92,97,144,1,52
2761,Montana,Montana,Montana,0,0,9515442435,0,0,177,27,52,558,308,48,1040,262,124,128,0,0,806,93,182,0,168,1617,212,694,312,630,7388,30,53,30053,19677,8886,2870,3717,993,706,360,163,77,4241,2622,1716,307,3434,2359,3093,613,574,827,968,452,473,557,504,299,526,610,1135,737,154,305,152,1,47
2762,Oregon,Oregon,Oregon,0,0,8164744074,0,0,333,0,24,267,222,228,402,75,22,100,0,0,224,430,126,0,56,842,46,274,198,266,4108,41,63,41063,7391,3376,1040,1395,354,304,132,101,50,1263,1173,831,109,1018,899,1459,241,148,171,181,277,109,175,158,127,330,352,417,281,130,194,85,1,57
2763,Oregon,Oregon,Oregon,0,0,7987877267,0,0,495,24,208,424,840,122,1230,158,94,166,0,0,782,57,322,26,214,1478,46,570,352,548,8103,41,1,41001,16668,7201,2302,2833,827,611,316,174,138,2996,2495,1556,154,2117,2320,2764,490,391,418,371,447,502,351,571,271,625,689,664,680,357,179,195,1,55
2764,Oregon,Oregon,Oregon,0,0,25725779158,0,0,1592,180,156,608,1734,858,3105,681,286,339,0,0,1662,96,376,28,750,3318,44,1533,454,2390,20057,41,45,41045,31571,10505,2816,3427,1489,1162,817,484,310,3302,3926,2856,421,3577,3051,3877,758,681,746,635,757,753,538,460,519,781,1220,1072,856,257,208,264,1,56
2765,Washington,Washington,Washington,0,0,3724395504,0,0,88,60,134,164,358,39,318,18,84,48,0,0,520,68,66,0,27,784,36,218,68,1022,4092,53,51,53051,13401,5621,1620,2292,668,475,263,156,147,2337,2035,1001,248,1328,1701,2592,324,228,225,192,359,237,282,388,302,492,517,949,302,264,344,216,1,62
2766,Washington,Washington,Washington,0,0,5645376914,0,0,718,9,36,570,4502,688,1620,398,154,171,0,0,10842,428,642,12,153,3212,171,1503,324,1322,27293,53,75,53075,47973,18650,6519,6514,2494,1752,780,366,225,5318,7528,5060,744,7465,4152,7033,2739,1036,1507,1075,1108,928,601,872,573,1178,1428,1985,1293,827,781,719,1,64
2767,Washington,Washington,Washington,0,0,1614052835,0,0,118,0,56,710,627,136,1636,69,78,210,0,0,915,48,324,9,130,2364,172,856,118,448,8968,53,3,53003,21699,9102,2659,3454,1262,905,480,213,129,3379,2935,2395,394,2034,3008,4061,391,397,455,336,455,480,730,434,601,763,867,1227,775,391,437,364,1,61
2768,Alabama,Alabama,Alabama,0,0,1.57E+11,0,0,0,0,0,0,0,0,0,0,0,0,0,0,0,0,0,0,0,0,0,0,0,0,0,0,0,0,0,0,0,0,0,0,0,0,0,0,0,0,0,0,0,0,0,0,0,0,0,0,0,0,0,0,0,0,0,0,0,0,1,0
2769,Arizona,Arizona,Arizona,0,0,2.95E+11,0,0,0,0,0,0,0,0,0,0,0,0,0,0,0,0,0,0,0,0,0,0,0,0,0,0,0,0,0,0,0,0,0,0,0,0,0,0,0,0,0,0,0,0,0,0,0,0,0,0,0,0,0,0,0,0,0,0,0,0,1,0
2770,Arkansas,Arkansas,Arkansas,0,0,1.51E+11,0,0,0,0,0,0,0,0,0,0,0,0,0,0,0,0,0,0,0,0,0,0,0,0,0,0,0,0,0,0,0,0,0,0,0,0,0,0,0,0,0,0,0,0,0,0,0,0,0,0,0,0,0,0,0,0,0,0,0,0,1,0
2771,California,California,California,0,0,1.08E+11,0,0,0,0,0,0,0,0,0,0,0,0,0,0,0,0,0,0,0,0,0,0,0,0,0,0,0,0,0,0,0,0,0,0,0,0,0,0,0,0,0,0,0,0,0,0,0,0,0,0,0,0,0,0,0,0,0,0,0,0,1,0
2772,California,California,California,0,0,1.54E+11,0,0,0,0,0,0,0,0,0,0,0,0,0,0,0,0,0,0,0,0,0,0,0,0,0,0,0,0,0,0,0,0,0,0,0,0,0,0,0,0,0,0,0,0,0,0,0,0,0,0,0,0,0,0,0,0,0,0,0,0,1,0
2773,California,California,California,0,0,1.49E+11,0,0,0,0,0,0,0,0,0,0,0,0,0,0,0,0,0,0,0,0,0,0,0,0,0,0,0,0,0,0,0,0,0,0,0,0,0,0,0,0,0,0,0,0,0,0,0,0,0,0,0,0,0,0,0,0,0,0,0,0,1,0
2774,Colorado,Colorado,Colorado,0,0,2.73E+11,0,0,0,0,0,0,0,0,0,0,0,0,0,0,0,0,0,0,0,0,0,0,0,0,0,0,0,0,0,0,0,0,0,0,0,0,0,0,0,0,0,0,0,0,0,0,0,0,0,0,0,0,0,0,0,0,0,0,0,0,1,0
2775,Connecticut,Connecticut,Connecticut,0,0,17042489735,0,0,0,0,0,0,0,0,0,0,0,0,0,0,0,0,0,0,0,0,0,0,0,0,0,0,0,0,0,0,0,0,0,0,0,0,0,0,0,0,0,0,0,0,0,0,0,0,0,0,0,0,0,0,0,0,0,0,0,0,1,0
2776,Delaware,Delaware,Delaware,0,0,6952823660,0,0,0,0,0,0,0,0,0,0,0,0,0,0,0,0,0,0,0,0,0,0,0,0,0,0,0,0,0,0,0,0,0,0,0,0,0,0,0,0,0,0,0,0,0,0,0,0,0,0,0,0,0,0,0,0,0,0,0,0,1,0
2777,District of C,District of C,District of C,0,0,219203214,0,0,0,0,0,0,0,0,0,0,0,0,0,0,0,0,0,0,0,0,0,0,0,0,0,0,0,0,0,0,0,0,0,0,0,0,0,0,0,0,0,0,0,0,0,0,0,0,0,0,0,0,0,0,0,0,0,0,0,0,1,0
2778,Florida,Florida,Florida,0,0,1.84E+11,0,0,0,0,0,0,0,0,0,0,0,0,0,0,0,0,0,0,0,0,0,0,0,0,0,0,0,0,0,0,0,0,0,0,0,0,0,0,0,0,0,0,0,0,0,0,0,0,0,0,0,0,0,0,0,0,0,0,0,0,1,0
2779,Georgia,Georgia,Georgia,0,0,1.86E+11,0,0,0,0,0,0,0,0,0,0,0,0,0,0,0,0,0,0,0,0,0,0,0,0,0,0,0,0,0,0,0,0,0,0,0,0,0,0,0,0,0,0,0,0,0,0,0,0,0,0,0,0,0,0,0,0,0,0,0,0,1,0
2780,Illinois,Illinois,Illinois,0,0,1.63E+11,0,0,0,0,0,0,0,0,0,0,0,0,0,0,0,0,0,0,0,0,0,0,0,0,0,0,0,0,0,0,0,0,0,0,0,0,0,0,0,0,0,0,0,0,0,0,0,0,0,0,0,0,0,0,0,0,0,0,0,0,1,0
2781,Indiana,Indiana,Indiana,0,0,1.08E+11,0,0,0,0,0,0,0,0,0,0,0,0,0,0,0,0,0,0,0,0,0,0,0,0,0,0,0,0,0,0,0,0,0,0,0,0,0,0,0,0,0,0,0,0,0,0,0,0,0,0,0,0,0,0,0,0,0,0,0,0,1,0
2782,Iowa,Iowa,Iowa,0,0,1.56E+11,0,0,0,0,0,0,0,0,0,0,0,0,0,0,0,0,0,0,0,0,0,0,0,0,0,0,0,0,0,0,0,0,0,0,0,0,0,0,0,0,0,0,0,0,0,0,0,0,0,0,0,0,0,0,0,0,0,0,0,0,1,0
2783,Kansas,Kansas,Kansas,0,0,2.23E+11,0,0,0,0,0,0,0,0,0,0,0,0,0,0,0,0,0,0,0,0,0,0,0,0,0,0,0,0,0,0,0,0,0,0,0,0,0,0,0,0,0,0,0,0,0,0,0,0,0,0,0,0,0,0,0,0,0,0,0,0,1,0
2784,Kentucky,Kentucky,Kentucky,0,0,1.22E+11,0,0,0,0,0,0,0,0,0,0,0,0,0,0,0,0,0,0,0,0,0,0,0,0,0,0,0,0,0,0,0,0,0,0,0,0,0,0,0,0,0,0,0,0,0,0,0,0,0,0,0,0,0,0,0,0,0,0,0,0,1,0
2785,Louisiana,Louisiana,Louisiana,0,0,1.32E+11,0,0,0,0,0,0,0,0,0,0,0,0,0,0,0,0,0,0,0,0,0,0,0,0,0,0,0,0,0,0,0,0,0,0,0,0,0,0,0,0,0,0,0,0,0,0,0,0,0,0,0,0,0,0,0,0,0,0,0,0,1,0
2786,Maine,Maine,Maine,0,0,64442909475,0,0,0,0,0,0,0,0,0,0,0,0,0,0,0,0,0,0,0,0,0,0,0,0,0,0,0,0,0,0,0,0,0,0,0,0,0,0,0,0,0,0,0,0,0,0,0,0,0,0,0,0,0,0,0,0,0,0,0,0,1,0
2787,Maryland,Maryland,Maryland,0,0,32382309662,0,0,0,0,0,0,0,0,0,0,0,0,0,0,0,0,0,0,0,0,0,0,0,0,0,0,0,0,0,0,0,0,0,0,0,0,0,0,0,0,0,0,0,0,0,0,0,0,0,0,0,0,0,0,0,0,0,0,0,0,1,0
2788,Massachusetts,Massachusetts,Massachusetts,0,0,28142805538,0,0,0,0,0,0,0,0,0,0,0,0,0,0,0,0,0,0,0,0,0,0,0,0,0,0,0,0,0,0,0,0,0,0,0,0,0,0,0,0,0,0,0,0,0,0,0,0,0,0,0,0,0,0,0,0,0,0,0,0,1,0
2789,Michigan,Michigan,Michigan,0,0,1.70E+11,0,0,0,0,0,0,0,0,0,0,0,0,0,0,0,0,0,0,0,0,0,0,0,0,0,0,0,0,0,0,0,0,0,0,0,0,0,0,0,0,0,0,0,0,0,0,0,0,0,0,0,0,0,0,0,0,0,0,0,0,1,0
2790,Minnesota,Minnesota,Minnesota,0,0,2.31E+11,0.31,0.09,0,0,0,0,0,0,0,0,0,0,0,0,0,0,0,0,0,0,0,0,0,0,0,0,0,0,0,0,0,0,0,0,0,0,0,0,0,0,0,0,0,0,0,0,0,0,0,0,0,0,0,0,0,0,0,0,0,0,1,0
2791,Mississippi,Mississippi,Mississippi,0,0,1.40E+11,0.35,0.1,0,0,0,0,0,0,0,0,0,0,0,0,0,0,0,0,0,0,0,0,0,0,0,0,0,0,0,0,0,0,0,0,0,0,0,0,0,0,0,0,0,0,0,0,0,0,0,0,0,0,0,0,0,0,0,0,0,0,1,0
2792,Missouri,Missouri,Missouri,0,0,1.97E+11,0.32,0.09,0,0,0,0,0,0,0,0,0,0,0,0,0,0,0,0,0,0,0,0,0,0,0,0,0,0,0,0,0,0,0,0,0,0,0,0,0,0,0,0,0,0,0,0,0,0,0,0,0,0,0,0,0,0,0,0,0,0,1,0
2793,Nebraska,Nebraska,Nebraska,0,0,2.07E+11,0.2,0.06,0,0,0,0,0,0,0,0,0,0,0,0,0,0,0,0,0,0,0,0,0,0,0,0,0,0,0,0,0,0,0,0,0,0,0,0,0,0,0,0,0,0,0,0,0,0,0,0,0,0,0,0,0,0,0,0,0,0,1,0
2794,Nevada,Nevada,Nevada,0,0,1.96E+11,0,0,0,0,0,0,0,0,0,0,0,0,0,0,0,0,0,0,0,0,0,0,0,0,0,0,0,0,0,0,0,0,0,0,0,0,0,0,0,0,0,0,0,0,0,0,0,0,0,0,0,0,0,0,0,0,0,0,0,0,1,0
2795,Nevada,Nevada,Nevada,0,0,20937429468,0,0,0,0,0,0,0,0,0,0,0,0,0,0,0,0,0,0,0,0,0,0,0,0,0,0,0,0,0,0,0,0,0,0,0,0,0,0,0,0,0,0,0,0,0,0,0,0,0,0,0,0,0,0,0,0,0,0,0,0,1,0
2796,New Hampshire,New Hampshire,New Hampshire,0,0,31477627305,0,0,0,0,0,0,0,0,0,0,0,0,0,0,0,0,0,0,0,0,0,0,0,0,0,0,0,0,0,0,0,0,0,0,0,0,0,0,0,0,0,0,0,0,0,0,0,0,0,0,0,0,0,0,0,0,0,0,0,0,1,0
2797,New Jersey,New Jersey,New Jersey,0,0,25409326487,0,0,0,0,0,0,0,0,0,0,0,0,0,0,0,0,0,0,0,0,0,0,0,0,0,0,0,0,0,0,0,0,0,0,0,0,0,0,0,0,0,0,0,0,0,0,0,0,0,0,0,0,0,0,0,0,0,0,0,0,1,0
2798,New Mexico,New Mexico,New Mexico,0,0,3.19E+11,0,0,0,0,0,0,0,0,0,0,0,0,0,0,0,0,0,0,0,0,0,0,0,0,0,0,0,0,0,0,0,0,0,0,0,0,0,0,0,0,0,0,0,0,0,0,0,0,0,0,0,0,0,0,0,0,0,0,0,0,1,0
2799,New York,New York,New York,0,0,1.59E+11,0,0,0,0,0,0,0,0,0,0,0,0,0,0,0,0,0,0,0,0,0,0,0,0,0,0,0,0,0,0,0,0,0,0,0,0,0,0,0,0,0,0,0,0,0,0,0,0,0,0,0,0,0,0,0,0,0,0,0,0,1,0
2800,North Carolin,North Carolin,North Carolin,0,0,1.62E+11,0,0,0,0,0,0,0,0,0,0,0,0,0,0,0,0,0,0,0,0,0,0,0,0,0,0,0,0,0,0,0,0,0,0,0,0,0,0,0,0,0,0,0,0,0,0,0,0,0,0,0,0,0,0,0,0,0,0,0,0,1,0
2801,North Dakota,North Dakota,North Dakota,0,0,1.88E+11,0,0,0,0,0,0,0,0,0,0,0,0,0,0,0,0,0,0,0,0,0,0,0,0,0,0,0,0,0,0,0,0,0,0,0,0,0,0,0,0,0,0,0,0,0,0,0,0,0,0,0,0,0,0,0,0,0,0,0,0,1,0
2802,Ohio,Ohio,Ohio,0,0,1.26E+11,0,0,0,0,0,0,0,0,0,0,0,0,0,0,0,0,0,0,0,0,0,0,0,0,0,0,0,0,0,0,0,0,0,0,0,0,0,0,0,0,0,0,0,0,0,0,0,0,0,0,0,0,0,0,0,0,0,0,0,0,1,0
2803,Oklahoma,Oklahoma,Oklahoma,0,0,1.92E+11,0,0,0,0,0,0,0,0,0,0,0,0,0,0,0,0,0,0,0,0,0,0,0,0,0,0,0,0,0,0,0,0,0,0,0,0,0,0,0,0,0,0,0,0,0,0,0,0,0,0,0,0,0,0,0,0,0,0,0,0,1,0
2804,Oregon,Oregon,Oregon,0,0,78168066817,0,0,0,0,0,0,0,0,0,0,0,0,0,0,0,0,0,0,0,0,0,0,0,0,0,0,0,0,0,0,0,0,0,0,0,0,0,0,0,0,0,0,0,0,0,0,0,0,0,0,0,0,0,0,0,0,0,0,0,0,1,0
2805,Oregon,Oregon,Oregon,0,0,1.33E+11,0,0,0,0,0,0,0,0,0,0,0,0,0,0,0,0,0,0,0,0,0,0,0,0,0,0,0,0,0,0,0,0,0,0,0,0,0,0,0,0,0,0,0,0,0,0,0,0,0,0,0,0,0,0,0,0,0,0,0,0,1,0
2806,Pennsylvania,Pennsylvania,Pennsylvania,0,0,1.47E+11,0,0,0,0,0,0,0,0,0,0,0,0,0,0,0,0,0,0,0,0,0,0,0,0,0,0,0,0,0,0,0,0,0,0,0,0,0,0,0,0,0,0,0,0,0,0,0,0,0,0,0,0,0,0,0,0,0,0,0,0,1,0
2807,Rhode Island,Rhode Island,Rhode Island,0,0,3631036719,0,0,0,0,0,0,0,0,0,0,0,0,0,0,0,0,0,0,0,0,0,0,0,0,0,0,0,0,0,0,0,0,0,0,0,0,0,0,0,0,0,0,0,0,0,0,0,0,0,0,0,0,0,0,0,0,0,0,0,0,1,0
2808,South Carolin,South Carolin,South Carolin,0,0,1.01E+11,0,0,0,0,0,0,0,0,0,0,0,0,0,0,0,0,0,0,0,0,0,0,0,0,0,0,0,0,0,0,0,0,0,0,0,0,0,0,0,0,0,0,0,0,0,0,0,0,0,0,0,0,0,0,0,0,0,0,0,0,1,0
2809,South Dakota,South Dakota,South Dakota,0,0,2.06E+11,0,0,0,0,0,0,0,0,0,0,0,0,0,0,0,0,0,0,0,0,0,0,0,0,0,0,0,0,0,0,0,0,0,0,0,0,0,0,0,0,0,0,0,0,0,0,0,0,0,0,0,0,0,0,0,0,0,0,0,0,1,0
2810,Tennessee,Tennessee,Tennessee,0,0,1.27E+11,0,0,0,0,0,0,0,0,0,0,0,0,0,0,0,0,0,0,0,0,0,0,0,0,0,0,0,0,0,0,0,0,0,0,0,0,0,0,0,0,0,0,0,0,0,0,0,0,0,0,0,0,0,0,0,0,0,0,0,0,1,0
2811,Texas,Texas,Texas,0,0,7.20E+11,0,0,0,0,0,0,0,0,0,0,0,0,0,0,0,0,0,0,0,0,0,0,0,0,0,0,0,0,0,0,0,0,0,0,0,0,0,0,0,0,0,0,0,0,0,0,0,0,0,0,0,0,0,0,0,0,0,0,0,0,1,0
2812,Utah,Utah,Utah,0,0,1.87E+11,0,0,0,0,0,0,0,0,0,0,0,0,0,0,0,0,0,0,0,0,0,0,0,0,0,0,0,0,0,0,0,0,0,0,0,0,0,0,0,0,0,0,0,0,0,0,0,0,0,0,0,0,0,0,0,0,0,0,0,0,1,0
2813,Utah,Utah,Utah,0,0,9327562791,0,0,0,0,0,0,0,0,0,0,0,0,0,0,0,0,0,0,0,0,0,0,0,0,0,0,0,0,0,0,0,0,0,0,0,0,0,0,0,0,0,0,0,0,0,0,0,0,0,0,0,0,0,0,0,0,0,0,0,0,1,0
2814,Vermont,Vermont,Vermont,0,0,32109185860,0,0,0,0,0,0,0,0,0,0,0,0,0,0,0,0,0,0,0,0,0,0,0,0,0,0,0,0,0,0,0,0,0,0,0,0,0,0,0,0,0,0,0,0,0,0,0,0,0,0,0,0,0,0,0,0,0,0,0,0,1,0
2815,Virginia,Virginia,Virginia,0,0,1.30E+11,0,0,0,0,0,0,0,0,0,0,0,0,0,0,0,0,0,0,0,0,0,0,0,0,0,0,0,0,0,0,0,0,0,0,0,0,0,0,0,0,0,0,0,0,0,0,0,0,0,0,0,0,0,0,0,0,0,0,0,0,1,0
2816,Washington,Washington,Washington,0,0,45992002482,0,0,0,0,0,0,0,0,0,0,0,0,0,0,0,0,0,0,0,0,0,0,0,0,0,0,0,0,0,0,0,0,0,0,0,0,0,0,0,0,0,0,0,0,0,0,0,0,0,0,0,0,0,0,0,0,0,0,0,0,1,0
2817,Washington,Washington,Washington,0,0,1.14E+11,0,0,0,0,0,0,0,0,0,0,0,0,0,0,0,0,0,0,0,0,0,0,0,0,0,0,0,0,0,0,0,0,0,0,0,0,0,0,0,0,0,0,0,0,0,0,0,0,0,0,0,0,0,0,0,0,0,0,0,0,1,0
2818,West Virginia,West Virginia,West Virginia,0,0,76983314564,0,0,0,0,0,0,0,0,0,0,0,0,0,0,0,0,0,0,0,0,0,0,0,0,0,0,0,0,0,0,0,0,0,0,0,0,0,0,0,0,0,0,0,0,0,0,0,0,0,0,0,0,0,0,0,0,0,0,0,0,1,0
2819,Wisconsin,Wisconsin,Wisconsin,0,0,1.59E+11,0,0,0,0,0,0,0,0,0,0,0,0,0,0,0,0,0,0,0,0,0,0,0,0,0,0,0,0,0,0,0,0,0,0,0,0,0,0,0,0,0,0,0,0,0,0,0,0,0,0,0,0,0,0,0,0,0,0,0,0,1,0
2820,Wyoming,Wyoming,Wyoming,0,0,2.34E+11,0,0,0,0,0,0,0,0,0,0,0,0,0,0,0,0,0,0,0,0,0,0,0,0,0,0,0,0,0,0,0,0,0,0,0,0,0,0,0,0,0,0,0,0,0,0,0,0,0,0,0,0,0,0,0,0,0,0,0,0,1,0
2821,Nevada,Nevada,Nevada,0,0,25249791315,0,0,464,3039,150,518,387,262,1244,345,90,70,0,0,832,72,152,52,274,942,120,1269,213,669,11091,32,13,32013,17285,6575,1708,2156,906,905,460,239,201,1514,2743,1901,417,1534,1494,3547,228,457,202,250,397,330,202,333,245,384,792,835,638,577,370,335,1,54
2822,Nevada,Nevada,Nevada,0,0,44430706410,0,0,298,3656,212,2415,212,2012,3540,1218,180,304,0,0,3098,448,940,1119,986,2586,747,6508,948,2140,33346,32,7,32007,53702,19631,4755,6284,3091,2647,1645,775,434,3768,8871,6025,967,4117,3273,12241,948,624,459,1395,691,427,696,497,587,1066,1727,3187,2716,1917,1749,945,1,53
2823,Utah,Utah,Utah,0,0,17496026893,0,0,450,42,68,2760,9951,1120,2562,2196,147,522,0,0,2400,117,576,6,1250,2554,393,2010,530,980,30431,49,3,49003,57666,18678,3482,5818,2732,2592,1927,1254,873,4405,6755,5531,1987,3111,5430,10137,901,462,433,681,634,898,971,841,923,1797,2451,3005,1985,1070,1006,620,1,58
2824,Utah,Utah,Utah,0,0,3094780229,0,0,812,44,124,4676,18933,1716,8523,1617,904,1527,0,0,11769,772,8024,552,3360,8482,1354,5144,1296,3088,82173,49,5,49005,133154,41658,7130,13269,6429,5950,4170,3006,1704,7233,13992,15335,5098,9163,11529,20966,1737,1636,1347,2032,2411,1985,2021,2015,1978,3530,4775,6486,3930,2087,1995,1693,1,59
2825,Utah,Utah,Utah,0,0,2663145098,0,0,76,20,18,117,0,0,111,24,0,6,0,0,164,69,21,2,82,16,20,134,58,104,1034,49,33,49033,2510,886,207,301,93,92,94,61,38,241,286,344,15,192,183,511,15,17,25,41,94,19,13,28,94,29,139,192,60,14,60,46,1,60
2826,Wyoming,Wyoming,Wyoming,0,0,10419497351,0,0,51,975,213,1242,189,194,1029,270,226,171,0,0,1410,93,345,78,186,1491,62,630,186,600,9577,56,23,56023,19581,7545,1814,2988,954,819,466,297,207,1893,2707,2335,610,1167,1852,4526,312,110,90,340,315,334,282,298,409,529,1053,982,1052,639,421,379,1,65
2827,Wyoming,Wyoming,Wyoming,0,0,11010957081,0,0,146,4,62,3274,284,222,2451,819,332,748,0,0,1437,944,1557,58,1172,2252,1086,7316,850,1050,25891,56,39,56039,23331,9609,2613,3619,1439,1262,438,179,59,1535,3359,4097,618,1114,1600,6895,184,238,178,261,253,184,310,289,275,542,1110,1758,962,706,758,1601,1,66
2828,British Colum,British Colum,British Colum,0,0,9.05E+11,0,0,0,0,0,0,0,0,0,0,0,0,0,0,0,0,0,0,0,0,0,0,0,0,0,0,0,0,0,0,0,0,0,0,0,0,0,0,0,0,0,0,0,0,0,0,0,0,0,0,0,0,0,0,0,0,0,0,0,0,1,0
